<?xml version="1.0" encoding="utf-8"?>
<COLLADA xmlns="http://www.collada.org/2005/11/COLLADASchema" version="1.4.1" xmlns:xsi="http://www.w3.org/2001/XMLSchema-instance">
  <asset>
    <contributor>
      <author>Blender User</author>
      <authoring_tool>Blender 4.3.2 commit date:2024-12-16, commit time:21:10, hash:32f5fdce0a0a</authoring_tool>
    </contributor>
    <created>2026-04-02T02:11:57</created>
    <modified>2026-04-02T02:11:57</modified>
    <unit name="meter" meter="1"/>
    <up_axis>Z_UP</up_axis>
  </asset>
  <library_effects>
    <effect id="CoinBox-effect">
      <profile_COMMON>
        <technique sid="common">
          <lambert>
            <emission>
              <color sid="emission">0 0 0 1</color>
            </emission>
            <diffuse>
              <color sid="diffuse">0.8 0.8 0.8 1</color>
            </diffuse>
            <reflectivity>
              <float sid="specular">1</float>
            </reflectivity>
            <index_of_refraction>
              <float sid="ior">1.5</float>
            </index_of_refraction>
          </lambert>
        </technique>
      </profile_COMMON>
    </effect>
    <effect id="Wing-effect">
      <profile_COMMON>
        <technique sid="common">
          <lambert>
            <emission>
              <color sid="emission">0 0 0 1</color>
            </emission>
            <diffuse>
              <color sid="diffuse">0.8 0.8 0.8 1</color>
            </diffuse>
            <reflectivity>
              <float sid="specular">1</float>
            </reflectivity>
            <index_of_refraction>
              <float sid="ior">1.5</float>
            </index_of_refraction>
          </lambert>
        </technique>
      </profile_COMMON>
    </effect>
  </library_effects>
  <library_images/>
  <library_materials>
    <material id="CoinBox-material" name="CoinBox">
      <instance_effect url="#CoinBox-effect"/>
    </material>
    <material id="Wing-material" name="Wing">
      <instance_effect url="#Wing-effect"/>
    </material>
  </library_materials>
  <library_geometries>
    <geometry id="Character_002-mesh" name="Character.002">
      <mesh>
        <source id="Character_002-mesh-positions">
          <float_array id="Character_002-mesh-positions-array" count="72">4.333897 -9.012997 13.22764 4.86972 -9.012997 13.21134 4.330329 -9.012997 13.86288 2.555036 -9.012997 13.22764 2.01914 -9.012997 13.21134 2.555035 -9.012997 7.87523 2.01914 -9.012997 7.891561 2.558602 -9.012997 7.23999 4.333896 -9.012997 7.87523 4.330327 -9.012997 7.23999 2.558604 -9.012997 13.86288 4.86972 -9.012997 7.89155 -4.333897 -9.012997 13.22764 -4.330329 -9.012997 13.86288 -4.86972 -9.012997 13.21134 -2.555036 -9.012996 13.22764 -2.555035 -9.012997 7.87523 -2.01914 -9.012996 13.21134 -2.01914 -9.012996 7.891561 -4.333896 -9.012997 7.87523 -2.558602 -9.012996 7.23999 -4.330327 -9.012996 7.23999 -2.558604 -9.012996 13.86288 -4.86972 -9.012996 7.89155</float_array>
          <technique_common>
            <accessor source="#Character_002-mesh-positions-array" count="24" stride="3">
              <param name="X" type="float"/>
              <param name="Y" type="float"/>
              <param name="Z" type="float"/>
            </accessor>
          </technique_common>
        </source>
        <source id="Character_002-mesh-normals">
          <float_array id="Character_002-mesh-normals-array" count="63">0 -1 3.32483e-7 1.77959e-6 -1 0 5.36115e-7 -1 -4.00653e-7 1.82566e-6 -1 -2.80193e-6 0 -1 2.0293e-7 0 -1 0 0 -1 -7.2237e-7 -1.77983e-6 -1 0 5.36115e-7 -1 0 0 -1 0 0 -1 -2.80231e-6 5.38274e-7 -1 1.91317e-6 0 -1 -1.45639e-6 -1.82586e-6 -1 0 0 -1 -2.53663e-7 0 -1 4.00653e-7 0 -1 1.90655e-6 0 -1 2.01415e-6 0 -1 2.80193e-6 0 -1 2.38319e-7 0 -1 -7.0048e-7</float_array>
          <technique_common>
            <accessor source="#Character_002-mesh-normals-array" count="21" stride="3">
              <param name="X" type="float"/>
              <param name="Y" type="float"/>
              <param name="Z" type="float"/>
            </accessor>
          </technique_common>
        </source>
        <source id="Character_002-mesh-map-0">
          <float_array id="Character_002-mesh-map-0-array" count="168">0.8187738 0.710937 0.8225129 0.316636 0.8187738 0.317416 0.8187738 0.710937 0.8225129 0.714764 0.8225129 0.316636 0.8187738 0.710937 0.8187738 0.317416 0.8136345 0.317416 0.8187738 0.710937 0.8194435 0.743998 0.8225129 0.714764 0.8187738 0.710937 0.8136345 0.317416 0.8136345 0.710937 0.8187738 0.710937 0.8136345 0.710937 0.8194435 0.743998 0.8225129 0.316636 0.8194435 0.287404 0.8187738 0.317416 0.8136345 0.317416 0.8098967 0.714764 0.8136345 0.710937 0.8136345 0.317416 0.8187738 0.317416 0.8129662 0.287404 0.8136345 0.317416 0.8098967 0.316636 0.8098967 0.714764 0.8136345 0.317416 0.8129662 0.287404 0.8098967 0.316636 0.8129662 0.287404 0.8187738 0.317416 0.8194435 0.287404 0.8194435 0.743998 0.8136345 0.710937 0.8129662 0.743998 0.8129662 0.743998 0.8136345 0.710937 0.8098967 0.714764 0.8136345 0.317416 0.8098967 0.316636 0.8129662 0.287404 0.8136345 0.317416 0.8098967 0.714764 0.8098967 0.316636 0.8136345 0.317416 0.8129662 0.287404 0.8187738 0.317416 0.8136345 0.317416 0.8136345 0.710937 0.8098967 0.714764 0.8136345 0.317416 0.8187738 0.317416 0.8187738 0.710937 0.8136345 0.317416 0.8187738 0.710937 0.8136345 0.710937 0.8129662 0.287404 0.8194435 0.287404 0.8187738 0.317416 0.8098967 0.714764 0.8136345 0.710937 0.8129662 0.743998 0.8187738 0.710937 0.8187738 0.317416 0.8225129 0.316636 0.8187738 0.710937 0.8194435 0.743998 0.8136345 0.710937 0.8187738 0.710937 0.8225129 0.316636 0.8225129 0.714764 0.8187738 0.710937 0.8225129 0.714764 0.8194435 0.743998 0.8194435 0.743998 0.8129662 0.743998 0.8136345 0.710937 0.8225129 0.316636 0.8187738 0.317416 0.8194435 0.287404</float_array>
          <technique_common>
            <accessor source="#Character_002-mesh-map-0-array" count="84" stride="2">
              <param name="S" type="float"/>
              <param name="T" type="float"/>
            </accessor>
          </technique_common>
        </source>
        <source id="Character_002-mesh-colors-Color" name="Color">
          <float_array id="Character_002-mesh-colors-Color-array" count="336">0.9921569 0.9921569 0.9960784 1 0.9215686 0.9215686 0.9254902 1 0.9921569 0.9921569 0.9960784 1 0.9921569 0.9921569 0.9960784 1 0.9215686 0.9215686 0.9254902 1 0.9215686 0.9215686 0.9254902 1 0.9921569 0.9921569 0.9960784 1 0.9921569 0.9921569 0.9960784 1 0.9921569 0.9921569 0.9960784 1 0.9921569 0.9921569 0.9960784 1 0.9215686 0.9215686 0.9254902 1 0.9215686 0.9215686 0.9254902 1 0.9921569 0.9921569 0.9960784 1 0.9921569 0.9921569 0.9960784 1 0.9921569 0.9921569 0.9960784 1 0.9921569 0.9921569 0.9960784 1 0.9921569 0.9921569 0.9960784 1 0.9215686 0.9215686 0.9254902 1 0.9215686 0.9215686 0.9254902 1 0.9215686 0.9215686 0.9254902 1 0.9921569 0.9921569 0.9960784 1 0.9921569 0.9921569 0.9960784 1 0.9215686 0.9215686 0.9254902 1 0.9921569 0.9921569 0.9960784 1 0.9921569 0.9921569 0.9960784 1 0.9921569 0.9921569 0.9960784 1 0.9215686 0.9215686 0.9254902 1 0.9921569 0.9921569 0.9960784 1 0.9215686 0.9215686 0.9254902 1 0.9215686 0.9215686 0.9254902 1 0.9921569 0.9921569 0.9960784 1 0.9215686 0.9215686 0.9254902 1 0.9215686 0.9215686 0.9254902 1 0.9215686 0.9215686 0.9254902 1 0.9921569 0.9921569 0.9960784 1 0.9215686 0.9215686 0.9254902 1 0.9215686 0.9215686 0.9254902 1 0.9921569 0.9921569 0.9960784 1 0.9215686 0.9215686 0.9254902 1 0.9215686 0.9215686 0.9254902 1 0.9921569 0.9921569 0.9960784 1 0.9215686 0.9215686 0.9254902 1 0.9921569 0.9921569 0.9960784 1 0.9215686 0.9215686 0.9254902 1 0.9215686 0.9215686 0.9254902 1 0.9921569 0.9921569 0.9960784 1 0.9215686 0.9215686 0.9254902 1 0.9215686 0.9215686 0.9254902 1 0.9921569 0.9921569 0.9960784 1 0.9215686 0.9215686 0.9254902 1 0.9921569 0.9921569 0.9960784 1 0.9921569 0.9921569 0.9960784 1 0.9921569 0.9921569 0.9960784 1 0.9215686 0.9215686 0.9254902 1 0.9921569 0.9921569 0.9960784 1 0.9921569 0.9921569 0.9960784 1 0.9921569 0.9921569 0.9960784 1 0.9921569 0.9921569 0.9960784 1 0.9921569 0.9921569 0.9960784 1 0.9921569 0.9921569 0.9960784 1 0.9215686 0.9215686 0.9254902 1 0.9215686 0.9215686 0.9254902 1 0.9921569 0.9921569 0.9960784 1 0.9215686 0.9215686 0.9254902 1 0.9921569 0.9921569 0.9960784 1 0.9215686 0.9215686 0.9254902 1 0.9921569 0.9921569 0.9960784 1 0.9921569 0.9921569 0.9960784 1 0.9215686 0.9215686 0.9254902 1 0.9921569 0.9921569 0.9960784 1 0.9215686 0.9215686 0.9254902 1 0.9921569 0.9921569 0.9960784 1 0.9921569 0.9921569 0.9960784 1 0.9215686 0.9215686 0.9254902 1 0.9215686 0.9215686 0.9254902 1 0.9921569 0.9921569 0.9960784 1 0.9215686 0.9215686 0.9254902 1 0.9215686 0.9215686 0.9254902 1 0.9215686 0.9215686 0.9254902 1 0.9215686 0.9215686 0.9254902 1 0.9921569 0.9921569 0.9960784 1 0.9215686 0.9215686 0.9254902 1 0.9921569 0.9921569 0.9960784 1 0.9215686 0.9215686 0.9254902 1</float_array>
          <technique_common>
            <accessor source="#Character_002-mesh-colors-Color-array" count="84" stride="4">
              <param name="R" type="float"/>
              <param name="G" type="float"/>
              <param name="B" type="float"/>
              <param name="A" type="float"/>
            </accessor>
          </technique_common>
        </source>
        <vertices id="Character_002-mesh-vertices">
          <input semantic="POSITION" source="#Character_002-mesh-positions"/>
        </vertices>
        <triangles material="CoinBox-material" count="28">
          <input semantic="VERTEX" source="#Character_002-mesh-vertices" offset="0"/>
          <input semantic="NORMAL" source="#Character_002-mesh-normals" offset="1"/>
          <input semantic="TEXCOORD" source="#Character_002-mesh-map-0" offset="2" set="0"/>
          <input semantic="COLOR" source="#Character_002-mesh-colors-Color" offset="3" set="0"/>
          <p>16 0 0 0 17 0 1 1 15 0 2 2 16 1 3 3 18 1 4 4 17 1 5 5 16 2 6 6 15 2 7 7 12 2 8 8 16 3 9 9 20 3 10 10 18 3 11 11 16 4 12 12 12 4 13 13 19 4 14 14 16 5 15 15 19 5 16 16 20 5 17 17 17 6 18 18 22 6 19 19 15 6 20 20 12 7 21 21 23 7 22 22 19 7 23 23 12 8 24 24 15 8 25 25 13 8 26 26 12 9 27 27 14 9 28 28 23 9 29 29 12 10 30 30 13 10 31 31 14 10 32 32 13 11 33 33 15 11 34 34 22 11 35 35 20 12 36 36 19 12 37 37 21 12 38 38 21 13 39 39 19 13 40 40 23 13 41 41 0 10 42 42 1 10 43 43 2 10 44 44 0 5 45 45 11 5 46 46 1 5 47 47 0 5 48 48 2 5 49 49 3 5 50 50 0 5 51 51 8 5 52 52 11 5 53 53 0 14 54 54 3 14 55 55 5 14 56 56 0 15 57 57 5 15 58 58 8 15 59 59 2 16 60 60 10 16 61 61 3 16 62 62 11 17 63 63 8 17 64 64 9 17 65 65 5 5 66 66 3 5 67 67 4 5 68 68 5 5 69 69 7 5 70 70 8 5 71 71 5 5 72 72 4 5 73 73 6 5 74 74 5 18 75 75 6 18 76 76 7 18 77 77 7 19 78 78 9 19 79 79 8 19 80 80 4 20 81 81 3 20 82 82 10 20 83 83</p>
        </triangles>
      </mesh>
    </geometry>
    <geometry id="Wing_001-mesh" name="Wing.001">
      <mesh>
        <source id="Wing_001-mesh-positions">
          <float_array id="Wing_001-mesh-positions-array" count="36">-24.05197 4.087356 26.26066 -14.27658 3.295363 16.48429 -4.500213 4.087356 6.707922 -14.27658 4.880324 16.48429 -4.500213 4.087356 26.26066 -24.05295 4.087356 6.707922 4.511506 4.087356 6.707922 14.2869 4.880324 16.48429 24.06327 4.087356 26.26066 24.06424 4.087356 6.707922 4.511506 4.087356 26.26066 14.28787 3.295363 16.48429</float_array>
          <technique_common>
            <accessor source="#Wing_001-mesh-positions-array" count="12" stride="3">
              <param name="X" type="float"/>
              <param name="Y" type="float"/>
              <param name="Z" type="float"/>
            </accessor>
          </technique_common>
        </source>
        <source id="Wing_001-mesh-normals">
          <float_array id="Wing_001-mesh-normals-array" count="36">-0.7073125 5.27508e-5 0.706901 -1.64043e-6 1 3.81496e-7 -0.7071197 -2.58485e-5 -0.707094 0.7071068 -2.38594e-5 -0.7071067 -1.63564e-6 -1 3.331e-7 0.7071067 -2.51849e-5 0.7071068 -0.707102 -2.51843e-5 -0.7071115 -0.7071021 -2.65098e-5 0.7071115 -4.94038e-6 1 3.93418e-7 0.7070892 -2.2864e-5 0.7071244 0.7071244 -2.45236e-5 -0.7070892 1.61895e-6 -1 3.12346e-7</float_array>
          <technique_common>
            <accessor source="#Wing_001-mesh-normals-array" count="12" stride="3">
              <param name="X" type="float"/>
              <param name="Y" type="float"/>
              <param name="Z" type="float"/>
            </accessor>
          </technique_common>
        </source>
        <source id="Wing_001-mesh-map-0">
          <float_array id="Wing_001-mesh-map-0-array" count="96">1 1 0.5 0.5 1 0 0.5 0.5 0 0 1 0 1 0 0 0 0.5 0.5 0 0 0 1 0.5 0.5 0.5 0.5 0 1 1 1 0 1 0.5 0.5 1 1 0 0 0.5 0.5 0 1 1 0 0.5 0.5 1 1 0 0 0 1 0.5 0.5 0 1 1 1 0.5 0.5 0.5 0.5 1 1 1 0 1 1 0.5 0.5 1 0 1 0 0.5 0.5 0 0 0.5 0.5 0 1 0 0 0 0 0.5 0.5 1 0 0 1 0.5 0.5 1 1</float_array>
          <technique_common>
            <accessor source="#Wing_001-mesh-map-0-array" count="48" stride="2">
              <param name="S" type="float"/>
              <param name="T" type="float"/>
            </accessor>
          </technique_common>
        </source>
        <vertices id="Wing_001-mesh-vertices">
          <input semantic="POSITION" source="#Wing_001-mesh-positions"/>
        </vertices>
        <triangles material="Wing-material" count="16">
          <input semantic="VERTEX" source="#Wing_001-mesh-vertices" offset="0"/>
          <input semantic="NORMAL" source="#Wing_001-mesh-normals" offset="1"/>
          <input semantic="TEXCOORD" source="#Wing_001-mesh-map-0" offset="2" set="0"/>
          <p>0 0 0 3 1 1 5 2 2 3 1 3 2 3 4 5 2 5 5 2 6 2 3 7 1 4 8 2 3 9 4 5 10 1 4 11 1 4 12 4 5 13 0 0 14 4 5 15 3 1 16 0 0 17 2 3 18 3 1 19 4 5 20 5 2 21 1 4 22 0 0 23 6 6 24 10 7 25 7 8 26 10 7 27 8 9 28 7 8 29 7 8 30 8 9 31 9 10 32 8 9 33 11 11 34 9 10 35 9 10 36 11 11 37 6 6 38 11 11 39 10 7 40 6 6 41 6 6 42 7 8 43 9 10 44 10 7 45 11 11 46 8 9 47</p>
        </triangles>
      </mesh>
    </geometry>
    <geometry id="Character-mesh" name="Character">
      <mesh>
        <source id="Character-mesh-positions">
          <float_array id="Character-mesh-positions-array" count="240">-1.90856 -7.66234 5.24739 -1.90856 -13.6561 9.70062 -2.54466 -13.02 9.700612 -2.54466 -7.66234 9.700612 2.54466 -7.66234 5.88349 1.90856 -13.02 10.3367 1.90856 -7.66234 10.3367 -1.90856 -7.66234 10.3367 -1.90856 -13.02 5.24739 -2.54466 -13.02 5.88349 -2.54466 -7.66234 5.88349 1.90856 -13.6561 5.88349 -1.90856 -13.6561 5.88349 1.90856 -13.02 5.24739 1.90856 -7.66234 5.24739 2.54466 -13.02 5.88349 2.54466 -13.02 9.700612 -1.90856 -13.02 10.3367 2.54466 -7.66234 9.700612 1.90856 -13.6561 9.70062 -2.925 -7.38584 4.37186 -2.925 -9.747611 4.37186 2.63107 -10.0417 4.66586 -2.92521 -7.38584 2.70474 2.925 -7.38584 4.372 2.925 -9.747611 4.372 2.92521 -7.38584 2.70474 -5.43908 -7.38584 6.90542 -5.73322 -9.747611 4.66586 -5.43908 -7.38584 4.37172 -5.73322 -7.38584 4.66586 -5.43908 -10.0417 4.66586 -5.43908 -9.747611 4.37172 -2.63107 -10.0417 4.66586 -2.92521 -9.747611 2.70474 5.73322 -7.38584 4.66586 5.43908 -7.38584 4.37172 5.73322 -9.747611 6.61128 -5.73322 -9.747611 6.61128 -5.43908 -9.747611 6.90542 -5.73322 -7.38584 6.61128 5.43908 -7.38584 6.90542 5.73322 -7.38584 6.61128 2.63107 -9.747611 2.41061 -2.63107 -9.747611 2.41061 2.92521 -9.747611 2.70474 2.63107 -7.38584 2.41061 -2.63107 -7.38584 2.41061 5.43908 -9.747611 4.37172 5.73322 -9.747611 4.66586 5.43908 -10.0417 4.66586 -5.43908 -10.0417 6.61128 5.43908 -9.747611 6.90542 5.43908 -10.0417 6.61128 2.63107 -10.0417 2.70474 -2.63107 -10.0417 2.70474 4.333897 -9.012997 13.22764 4.86972 -9.012997 13.21134 4.330329 -9.012997 13.86288 2.555036 -9.012997 13.22764 2.01914 -9.012997 13.21134 2.555035 -9.012997 7.87523 2.01914 -9.012997 7.891561 2.558602 -9.012997 7.23999 4.333896 -9.012997 7.87523 4.330327 -9.012997 7.23999 2.558604 -9.012997 13.86288 4.86972 -9.012997 7.89155 -4.333897 -9.012997 13.22764 -4.330329 -9.012997 13.86288 -4.86972 -9.012997 13.21134 -2.555036 -9.012996 13.22764 -2.555035 -9.012997 7.87523 -2.01914 -9.012996 13.21134 -2.01914 -9.012996 7.891561 -4.333896 -9.012997 7.87523 -2.558602 -9.012996 7.23999 -4.330327 -9.012996 7.23999 -2.558604 -9.012996 13.86288 -4.86972 -9.012996 7.89155</float_array>
          <technique_common>
            <accessor source="#Character-mesh-positions-array" count="80" stride="3">
              <param name="X" type="float"/>
              <param name="Y" type="float"/>
              <param name="Z" type="float"/>
            </accessor>
          </technique_common>
        </source>
        <source id="Character-mesh-normals">
          <float_array id="Character-mesh-normals-array" count="231">0 -1 3.32483e-7 1.77959e-6 -1 0 5.36115e-7 -1 -4.00653e-7 1.82566e-6 -1 -2.80193e-6 0 -1 2.0293e-7 0 -1 0 0 -1 -7.2237e-7 -1.77983e-6 -1 0 5.36115e-7 -1 0 0 -1 0 0 -1 -2.80231e-6 5.38274e-7 -1 1.91317e-6 0 -1 -1.45639e-6 -1.82586e-6 -1 0 0 -1 -2.53663e-7 0 -1 4.00653e-7 0 -1 1.90655e-6 0 -1 2.01415e-6 0 -1 2.80193e-6 0 -1 2.38319e-7 0 -1 -7.0048e-7 -0.1562077 -0.9752997 -0.1561723 -0.660243 -0.6148965 -0.4312556 -0.003022134 -0.9999655 0.00773859 0.1730547 -0.9048572 -0.3889548 -0.004095494 -0.9999773 -0.005364 -0.001177668 -0.9999992 -6.92166e-4 -0.6954241 -0.7061277 -0.1333003 -0.999192 -0.02019631 0.03474873 0.4372499 -0.6135587 -0.6575395 -0.03459465 -0.0195837 -0.9992097 0.9696481 -0.2443613 0.008373498 -0.1201879 -0.7443932 -0.6568361 -0.1977194 0.01526284 -0.9801399 5.45084e-4 2.71133e-4 -0.9999998 0.1437134 -0.4885787 -0.8606029 -0.7067291 0 -0.7074843 0.7451159 -0.124757 -0.6551626 0.4659485 -0.872717 -0.1457981 -0.466005 -0.8726884 0.145789 0.1087297 -0.667276 -0.7368314 -0.1087281 -0.6672703 0.7368369 -0.7075052 -0.008757531 0.7066539 -0.8656497 0.1459074 -0.4789172 -0.6580268 -0.7435818 0.1186882 -0.8174313 -0.3702352 -0.4412847 0.9999997 0 7.71165e-4 0.861259 -0.4874003 0.1437849 0.7074845 0 -0.7067289 0.655751 -0.1240747 0.7447121 0.7068548 -2.19943e-4 0.7073586 -0.4806661 0.1456967 0.8647154 0.1205021 -0.7444482 0.6567162 -0.7068505 0 0.7073631 -0.706739 -1.83236e-4 -0.7074744 -0.9999999 3.3911e-4 4.67509e-4 -0.8656744 0.1458639 -0.478886 -0.9999997 0 8.22216e-4 -0.8174294 -0.3702339 -0.4412893 -0.6579135 -0.7436587 0.1188348 -0.7075884 0 -0.7066249 0.7074527 -4.031e-4 -0.7067607 -4.46379e-4 0 -1 0.5300088 -0.6192341 -0.5793443 0.7068598 0 -0.7073537 0.8660311 0.1459379 0.4782179 0.7074739 -8.06169e-4 -0.7067391 0.9999998 -3.32842e-4 7.49022e-4 0.6577132 -0.7437881 -0.119133 -4.55081e-4 -1.68575e-4 0.9999999 -0.01107269 -0.006062448 0.9999204 0.7067305 0 0.7074829 -0.5927591 -0.613622 0.5216367 0.4800639 0.1457553 -0.86504 -5.1403e-4 0 -0.9999999 0.4412775 -0.3702341 -0.8174356 -0.1202459 -0.7443996 -0.6568183</float_array>
          <technique_common>
            <accessor source="#Character-mesh-normals-array" count="77" stride="3">
              <param name="X" type="float"/>
              <param name="Y" type="float"/>
              <param name="Z" type="float"/>
            </accessor>
          </technique_common>
        </source>
        <source id="Character-mesh-map-0">
          <float_array id="Character-mesh-map-0-array" count="684">0.8187738 0.710937 0.8225129 0.316636 0.8187738 0.317416 0.8187738 0.710937 0.8225129 0.714764 0.8225129 0.316636 0.8187738 0.710937 0.8187738 0.317416 0.8136345 0.317416 0.8187738 0.710937 0.8194435 0.743998 0.8225129 0.714764 0.8187738 0.710937 0.8136345 0.317416 0.8136345 0.710937 0.8187738 0.710937 0.8136345 0.710937 0.8194435 0.743998 0.8225129 0.316636 0.8194435 0.287404 0.8187738 0.317416 0.8136345 0.317416 0.8098967 0.714764 0.8136345 0.710937 0.8136345 0.317416 0.8187738 0.317416 0.8129662 0.287404 0.8136345 0.317416 0.8098967 0.316636 0.8098967 0.714764 0.8136345 0.317416 0.8129662 0.287404 0.8098967 0.316636 0.8129662 0.287404 0.8187738 0.317416 0.8194435 0.287404 0.8194435 0.743998 0.8136345 0.710937 0.8129662 0.743998 0.8129662 0.743998 0.8136345 0.710937 0.8098967 0.714764 0.8136345 0.317416 0.8098967 0.316636 0.8129662 0.287404 0.8136345 0.317416 0.8098967 0.714764 0.8098967 0.316636 0.8136345 0.317416 0.8129662 0.287404 0.8187738 0.317416 0.8136345 0.317416 0.8136345 0.710937 0.8098967 0.714764 0.8136345 0.317416 0.8187738 0.317416 0.8187738 0.710937 0.8136345 0.317416 0.8187738 0.710937 0.8136345 0.710937 0.8129662 0.287404 0.8194435 0.287404 0.8187738 0.317416 0.8098967 0.714764 0.8136345 0.710937 0.8129662 0.743998 0.8187738 0.710937 0.8187738 0.317416 0.8225129 0.316636 0.8187738 0.710937 0.8194435 0.743998 0.8136345 0.710937 0.8187738 0.710937 0.8225129 0.316636 0.8225129 0.714764 0.8187738 0.710937 0.8225129 0.714764 0.8194435 0.743998 0.8194435 0.743998 0.8129662 0.743998 0.8136345 0.710937 0.8225129 0.316636 0.8187738 0.317416 0.8194435 0.287404 0.8154779 0.666449 0.8159644 0.594797 0.8178409 0.594797 0.8154779 0.666449 0.8178409 0.594797 0.8169138 0.666449 0.8154779 0.666449 0.8169138 0.666449 0.8184222 0.653164 0.8154779 0.666449 0.8184222 0.653164 0.8139686 0.653164 0.8154779 0.666449 0.8139686 0.653164 0.8139686 0.666449 0.8159644 0.594797 0.8152456 0.666812 0.8158592 0.594797 0.8169138 0.666449 0.8184222 0.666449 0.8184222 0.653164 0.8169138 0.666449 0.8184222 0.668458 0.8184222 0.666449 0.8169138 0.666449 0.8171601 0.668458 0.8184222 0.668458 0.8139686 0.666449 0.8139686 0.668458 0.8152456 0.666812 0.8158592 0.594797 0.8152456 0.666812 0.8158592 0.594797 0.8139686 0.668458 0.815314 0.668458 0.8152456 0.666812 1 0.6875 0.8421053 0.375 0.8421053 0.6875 1 0.6875 1 0.375 0.8421053 0.375 1 0 0.8421053 0.1875 1 0.1875 1 0 0.8421053 0 0.8421053 0.1875 1 0.625 0.8421053 0.3125 1 0.3125 1 0.625 0.8421053 0.625 0.8421053 0.3125 1 0.3125 0.8421053 0 0.8421053 0.3125 1 0.3125 1 0 0.8421053 0 1 0.3125 0.8421053 0 1 0 1 0.3125 0.8421053 0.3125 0.8421053 0 0.8947368 0.375 0.8421053 0.6875 0.8421053 0.375 0.8947368 0.375 0.8947368 0.6875 0.8421053 0.6875 0.1985931 0.1835827 0.2395756 0.1699218 0.1985931 0.1699218 0.1985931 0.1835827 0.2395756 0.1835827 0.2395756 0.1699218 1 0.4375 0.9473685 0.25 0.9473685 0.4375 1 0.4375 1 0.25 0.9473685 0.25 0.2023097 0.2004843 0.2251483 0.1779834 0.2251483 0.1779834 0.2023097 0.2004843 0.2023097 0.2004843 0.2251483 0.1779834 0.8421053 1 1 0.9375 0.8421053 0.9375 0.8421053 1 1 1 1 0.9375 1 0.3125 0.9473685 0.625 0.9473685 0.3125 1 0.3125 1 0.625 0.9473685 0.625 0.8421053 1 1 0.9375 0.8421053 0.9375 0.8421053 1 1 1 1 0.9375 0.8947368 0.6875 0.8421053 1 0.8421053 0.6875 0.8947368 0.6875 0.8947368 1 0.8421053 1 0.8157497 0.597302 0.8139908 0.617417 0.8157497 0.617417 0.8157497 0.597302 0.8139908 0.597302 0.8139908 0.617417 0.8132708 0.666449 0.8090126 0.653164 0.8090126 0.666449 0.8132708 0.666449 0.8132708 0.653164 0.8090126 0.653164 0.8158592 0.597302 0.8157497 0.617417 0.8158592 0.617417 0.8158592 0.597302 0.8157497 0.597302 0.8157497 0.617417 0.8180541 0.597302 0.8179461 0.617417 0.8180541 0.617417 0.8180541 0.597302 0.8179461 0.597302 0.8179461 0.617417 0.8198143 0.597302 0.8180541 0.617417 0.8198143 0.617417 0.8198143 0.597302 0.8180541 0.597302 0.8180541 0.617417 0.8191196 0.653164 0.8233793 0.666449 0.8233793 0.653164 0.8191196 0.653164 0.8191196 0.666449 0.8233793 0.666449 0.8139686 0.633854 0.8184222 0.649239 0.8184222 0.633854 0.8139686 0.633854 0.8139686 0.649239 0.8184222 0.649239 0.8178409 0.597302 0.8159644 0.617417 0.8178409 0.617417 0.8178409 0.597302 0.8159644 0.597302 0.8159644 0.617417 0.8137721 0.597302 0.8139908 0.617417 0.8139908 0.597302 0.8137721 0.597302 0.8137721 0.617417 0.8139908 0.617417 0.8139686 0.666449 0.8138015 0.653164 0.8138015 0.666449 0.8139686 0.666449 0.8139686 0.653164 0.8138015 0.653164 0.8179461 0.594797 0.8169941 0.668458 0.8169138 0.666449 0.8179461 0.594797 0.8179461 0.597302 0.8169941 0.668458 0.8198143 0.597302 0.8200331 0.617417 0.8200331 0.597302 0.8198143 0.597302 0.8198143 0.617417 0.8200331 0.617417 0.818591 0.666449 0.8184222 0.653164 0.8184222 0.666449 0.818591 0.666449 0.818591 0.653164 0.8184222 0.653164 0.8139686 0.649239 0.8138015 0.633854 0.8138015 0.649239 0.8139686 0.649239 0.8139686 0.633854 0.8138015 0.633854 0.8139686 0.651156 0.8184222 0.653164 0.8184222 0.651156 0.8139686 0.651156 0.8139686 0.653164 0.8184222 0.653164 0.818591 0.649239 0.8184222 0.633854 0.8184222 0.649239 0.818591 0.649239 0.818591 0.633854 0.8184222 0.633854 0.8178409 0.594797 0.8159644 0.597302 0.8178409 0.597302 0.8178409 0.594797 0.8159644 0.594797 0.8159644 0.597302 0.8178409 0.597302 0.8179461 0.617417 0.8179461 0.597302 0.8178409 0.597302 0.8178409 0.617417 0.8179461 0.617417 0.8158592 0.597302 0.8159644 0.617417 0.8159644 0.597302 0.8158592 0.597302 0.8158592 0.617417 0.8159644 0.617417 0.1985931 0.156261 0.2122539 0.1699218 0.2122539 0.156261 0.2023097 0.2004843 0.2251483 0.1779834 0.2023097 0.1779834 0.8947368 0.9375 0.8421053 1 0.8947368 1 1 1 0.9473685 0.9375 0.9473685 1 0.8138015 0.666449 0.8139686 0.668458 0.8139686 0.666449 0.8184222 0.668458 0.818591 0.666449 0.8184222 0.666449 0.8139686 0.651156 0.8138015 0.653164 0.8139686 0.653164 0.818591 0.653164 0.8184222 0.651156 0.8184222 0.653164 0.8178409 0.594797 0.8178409 0.597302 0.8179461 0.597302 0.8158592 0.597302 0.8159644 0.597302 0.8159644 0.594797</float_array>
          <technique_common>
            <accessor source="#Character-mesh-map-0-array" count="342" stride="2">
              <param name="S" type="float"/>
              <param name="T" type="float"/>
            </accessor>
          </technique_common>
        </source>
        <source id="Character-mesh-colors-Color" name="Color">
          <float_array id="Character-mesh-colors-Color-array" count="1368">0.9921569 0.9921569 0.9960784 1 0.9215686 0.9215686 0.9254902 1 0.9921569 0.9921569 0.9960784 1 0.9921569 0.9921569 0.9960784 1 0.9215686 0.9215686 0.9254902 1 0.9215686 0.9215686 0.9254902 1 0.9921569 0.9921569 0.9960784 1 0.9921569 0.9921569 0.9960784 1 0.9921569 0.9921569 0.9960784 1 0.9921569 0.9921569 0.9960784 1 0.9215686 0.9215686 0.9254902 1 0.9215686 0.9215686 0.9254902 1 0.9921569 0.9921569 0.9960784 1 0.9921569 0.9921569 0.9960784 1 0.9921569 0.9921569 0.9960784 1 0.9921569 0.9921569 0.9960784 1 0.9921569 0.9921569 0.9960784 1 0.9215686 0.9215686 0.9254902 1 0.9215686 0.9215686 0.9254902 1 0.9215686 0.9215686 0.9254902 1 0.9921569 0.9921569 0.9960784 1 0.9921569 0.9921569 0.9960784 1 0.9215686 0.9215686 0.9254902 1 0.9921569 0.9921569 0.9960784 1 0.9921569 0.9921569 0.9960784 1 0.9921569 0.9921569 0.9960784 1 0.9215686 0.9215686 0.9254902 1 0.9921569 0.9921569 0.9960784 1 0.9215686 0.9215686 0.9254902 1 0.9215686 0.9215686 0.9254902 1 0.9921569 0.9921569 0.9960784 1 0.9215686 0.9215686 0.9254902 1 0.9215686 0.9215686 0.9254902 1 0.9215686 0.9215686 0.9254902 1 0.9921569 0.9921569 0.9960784 1 0.9215686 0.9215686 0.9254902 1 0.9215686 0.9215686 0.9254902 1 0.9921569 0.9921569 0.9960784 1 0.9215686 0.9215686 0.9254902 1 0.9215686 0.9215686 0.9254902 1 0.9921569 0.9921569 0.9960784 1 0.9215686 0.9215686 0.9254902 1 0.9921569 0.9921569 0.9960784 1 0.9215686 0.9215686 0.9254902 1 0.9215686 0.9215686 0.9254902 1 0.9921569 0.9921569 0.9960784 1 0.9215686 0.9215686 0.9254902 1 0.9215686 0.9215686 0.9254902 1 0.9921569 0.9921569 0.9960784 1 0.9215686 0.9215686 0.9254902 1 0.9921569 0.9921569 0.9960784 1 0.9921569 0.9921569 0.9960784 1 0.9921569 0.9921569 0.9960784 1 0.9215686 0.9215686 0.9254902 1 0.9921569 0.9921569 0.9960784 1 0.9921569 0.9921569 0.9960784 1 0.9921569 0.9921569 0.9960784 1 0.9921569 0.9921569 0.9960784 1 0.9921569 0.9921569 0.9960784 1 0.9921569 0.9921569 0.9960784 1 0.9215686 0.9215686 0.9254902 1 0.9215686 0.9215686 0.9254902 1 0.9921569 0.9921569 0.9960784 1 0.9215686 0.9215686 0.9254902 1 0.9921569 0.9921569 0.9960784 1 0.9215686 0.9215686 0.9254902 1 0.9921569 0.9921569 0.9960784 1 0.9921569 0.9921569 0.9960784 1 0.9215686 0.9215686 0.9254902 1 0.9921569 0.9921569 0.9960784 1 0.9215686 0.9215686 0.9254902 1 0.9921569 0.9921569 0.9960784 1 0.9921569 0.9921569 0.9960784 1 0.9215686 0.9215686 0.9254902 1 0.9215686 0.9215686 0.9254902 1 0.9921569 0.9921569 0.9960784 1 0.9215686 0.9215686 0.9254902 1 0.9215686 0.9215686 0.9254902 1 0.9215686 0.9215686 0.9254902 1 0.9215686 0.9215686 0.9254902 1 0.9921569 0.9921569 0.9960784 1 0.9215686 0.9215686 0.9254902 1 0.9921569 0.9921569 0.9960784 1 0.9215686 0.9215686 0.9254902 1 1 1 1 1 1 1 1 1 1 1 1 1 1 1 1 1 1 1 1 1 1 1 1 1 1 1 1 1 1 1 1 1 1 1 1 1 1 1 1 1 1 1 1 1 1 1 1 1 1 1 1 1 1 1 1 1 1 1 1 1 1 1 1 1 1 1 1 1 1 1 1 1 1 1 1 1 1 1 1 1 1 1 1 1 1 1 1 1 1 1 1 1 1 1 1 1 1 1 1 1 1 1 1 1 1 1 1 1 1 1 1 1 1 1 1 1 1 1 1 1 1 1 1 1 1 1 1 1 1 1 1 1 1 1 1 1 1 1 1 1 1 1 1 1 1 1 1 1 1 1 1 1 1 1 1 1 1 1 1 1 1 1 1 1 1 1 1 1 1 1 1 1 1 1 1 1 1 1 1 1 1 1 1 1 1 1 1 1 1 1 1 1 1 1 1 1 1 1 1 1 1 1 1 1 1 1 1 1 1 1 1 1 1 1 1 1 1 1 1 1 1 1 1 1 1 1 1 1 1 1 1 1 1 1 1 1 1 1 1 1 1 1 1 1 1 1 1 1 1 1 1 1 1 1 1 1 1 1 1 1 1 1 1 1 1 1 1 1 1 1 1 1 1 1 1 1 1 1 1 1 1 1 1 1 1 1 1 1 1 1 1 1 1 1 1 1 1 1 1 1 1 1 1 1 1 1 1 1 1 1 1 1 1 1 1 1 1 1 1 1 1 1 1 1 1 1 1 1 1 1 1 1 1 1 1 1 1 1 1 1 1 1 1 1 1 1 1 1 1 1 1 1 1 1 1 1 1 1 1 1 1 1 1 1 1 1 1 1 1 1 1 1 1 1 1 1 1 1 1 1 1 1 1 1 1 1 1 1 1 1 1 1 1 1 1 1 1 1 1 1 1 1 1 1 1 1 1 1 1 1 1 1 1 1 1 1 1 1 1 1 1 1 1 1 1 1 1 1 1 1 1 1 1 1 1 1 1 1 1 1 1 1 1 1 1 1 1 1 1 1 1 1 1 1 1 1 1 1 1 1 1 1 1 1 1 1 1 1 1 1 1 1 1 1 1 1 1 1 1 1 1 1 1 1 1 1 1 1 1 1 1 1 1 1 1 1 1 1 1 1 1 1 1 1 1 1 1 1 1 1 1 1 1 1 1 1 1 1 1 1 1 1 1 1 1 1 1 1 1 1 1 1 1 1 1 1 1 1 1 1 1 1 1 1 1 1 1 1 1 1 1 1 1 1 1 1 1 1 1 1 1 1 1 1 1 1 1 1 1 1 1 1 1 1 1 1 1 1 1 1 1 1 1 1 1 1 1 1 1 1 1 1 1 1 1 1 1 1 1 1 1 1 1 1 1 1 1 1 1 1 1 1 1 1 1 1 1 1 1 1 1 1 1 1 1 1 1 1 1 1 1 1 1 1 1 1 1 1 1 1 1 1 1 1 1 1 1 1 1 1 1 1 1 1 1 1 1 1 1 1 1 1 1 1 1 1 1 1 1 1 1 1 1 1 1 1 1 1 1 1 1 1 1 1 1 1 1 1 1 1 1 1 1 1 1 1 1 1 1 1 1 1 1 1 1 1 1 1 1 1 1 1 1 1 1 1 1 1 1 1 1 1 1 1 1 1 1 1 1 1 1 1 1 1 1 1 1 1 1 1 1 1 1 1 1 1 1 1 1 1 1 1 1 1 1 1 1 1 1 1 1 1 1 1 1 1 1 1 1 1 1 1 1 1 1 1 1 1 1 1 1 1 1 1 1 1 1 1 1 1 1 1 1 1 1 1 1 1 1 1 1 1 1 1 1 1 1 1 1 1 1 1 1 1 1 1 1 1 1 1 1 1 1 1 1 1 1 1 1 1 1 1 1 1 1 1 1 1 1 1 1 1 1 1 1 1 1 1 1 1 1 1 1 1 1 1 1 1 1 1 1 1 1 1 1 1 1 1 1 1 1 1 1 1 1 1 1 1 1 1 1 1 1 1 1 1 1 1 1 1 1 1 1 1 1 1 1 1 1 1 1 1 1 1 1 1 1 1 1 1 1 1 1 1 1 1 1 1 1 1 1 1 1 1 1 1 1 1 1 1 1 1 1 1 1 1 1 1 1 1 1 1 1 1 1 1 1 1 1 1 1 1 1 1 1 1 1 1 1 1 1 1 1 1 1 1 1 1 1 1 1 1 1 1 1 1 1 1 1 1 1 1 1 1 1 1 1 1 1 1 1 1 1 1 1 1 1 1 1 1 1 1 1 1 1 1 1 1 1 1 1 1 1 1 1 1 1 1 1 1 1 1 1 1 1 1 1 1 1 1 1 1</float_array>
          <technique_common>
            <accessor source="#Character-mesh-colors-Color-array" count="342" stride="4">
              <param name="R" type="float"/>
              <param name="G" type="float"/>
              <param name="B" type="float"/>
              <param name="A" type="float"/>
            </accessor>
          </technique_common>
        </source>
        <vertices id="Character-mesh-vertices">
          <input semantic="POSITION" source="#Character-mesh-positions"/>
        </vertices>
        <triangles material="CoinBox-material" count="114">
          <input semantic="VERTEX" source="#Character-mesh-vertices" offset="0"/>
          <input semantic="NORMAL" source="#Character-mesh-normals" offset="1"/>
          <input semantic="TEXCOORD" source="#Character-mesh-map-0" offset="2" set="0"/>
          <input semantic="COLOR" source="#Character-mesh-colors-Color" offset="3" set="0"/>
          <p>72 0 0 0 73 0 1 1 71 0 2 2 72 1 3 3 74 1 4 4 73 1 5 5 72 2 6 6 71 2 7 7 68 2 8 8 72 3 9 9 76 3 10 10 74 3 11 11 72 4 12 12 68 4 13 13 75 4 14 14 72 5 15 15 75 5 16 16 76 5 17 17 73 6 18 18 78 6 19 19 71 6 20 20 68 7 21 21 79 7 22 22 75 7 23 23 68 8 24 24 71 8 25 25 69 8 26 26 68 9 27 27 70 9 28 28 79 9 29 29 68 10 30 30 69 10 31 31 70 10 32 32 69 11 33 33 71 11 34 34 78 11 35 35 76 12 36 36 75 12 37 37 77 12 38 38 77 13 39 39 75 13 40 40 79 13 41 41 56 10 42 42 57 10 43 43 58 10 44 44 56 5 45 45 67 5 46 46 57 5 47 47 56 5 48 48 58 5 49 49 59 5 50 50 56 5 51 51 64 5 52 52 67 5 53 53 56 14 54 54 59 14 55 55 61 14 56 56 56 15 57 57 61 15 58 58 64 15 59 59 58 16 60 60 66 16 61 61 59 16 62 62 67 17 63 63 64 17 64 64 65 17 65 65 61 5 66 66 59 5 67 67 60 5 68 68 61 5 69 69 63 5 70 70 64 5 71 71 61 5 72 72 60 5 73 73 62 5 74 74 61 18 75 75 62 18 76 76 63 18 77 77 63 19 78 78 65 19 79 79 64 19 80 80 60 20 81 81 59 20 82 82 66 20 83 83 33 21 84 84 55 22 85 85 54 23 86 86 33 21 87 87 54 23 88 88 22 24 89 89 33 21 90 90 22 24 91 91 53 25 92 92 33 21 93 93 53 25 94 94 51 26 95 95 33 21 96 96 51 26 97 97 31 27 98 98 55 22 99 99 33 21 100 100 34 28 101 101 22 24 102 102 50 29 103 103 53 25 104 104 22 24 105 105 48 30 106 106 50 29 107 107 22 24 108 108 25 31 109 109 48 30 110 110 31 27 111 111 32 32 112 112 33 21 113 113 34 28 114 114 33 21 115 115 21 33 116 116 32 32 117 117 21 33 118 118 33 21 119 119 14 34 120 120 8 35 121 121 0 36 122 122 14 34 123 123 13 37 124 124 8 35 125 125 19 38 126 126 12 39 127 127 11 40 128 128 19 38 129 129 1 41 130 130 12 39 131 131 3 42 132 132 9 43 133 133 2 44 134 134 3 42 135 135 10 45 136 136 9 43 137 137 18 46 138 138 15 47 139 139 4 48 140 140 18 46 141 141 16 49 142 142 15 47 143 143 6 50 144 144 17 51 145 145 5 52 146 146 6 50 147 147 7 53 148 148 17 51 149 149 9 43 150 150 0 36 151 151 8 35 152 152 9 43 153 153 10 45 154 154 0 36 155 155 8 35 156 156 11 40 157 157 12 39 158 158 8 35 159 159 13 37 160 160 11 40 161 161 12 39 162 162 2 44 163 163 9 43 164 164 12 39 165 165 1 41 166 166 2 44 167 167 13 37 168 168 4 48 169 169 15 47 170 170 13 37 171 171 14 34 172 172 4 48 173 173 15 47 174 174 19 38 175 175 11 40 176 176 15 47 177 177 16 49 178 178 19 38 179 179 17 51 180 180 3 42 181 181 2 44 182 182 17 51 183 183 7 53 184 184 3 42 185 185 1 41 186 186 5 52 187 187 17 51 188 188 1 41 189 189 19 38 190 190 5 52 191 191 16 49 192 192 6 50 193 193 5 52 194 194 16 49 195 195 18 46 196 196 6 50 197 197 21 33 198 198 29 54 199 199 20 55 200 200 21 33 201 201 32 32 202 202 29 54 203 203 28 56 204 204 40 57 205 205 30 58 206 206 28 56 207 207 38 59 208 208 40 57 209 209 34 28 210 210 20 55 211 211 23 60 212 212 34 28 213 213 21 33 214 214 20 55 215 215 25 31 216 216 26 61 217 217 24 62 218 218 25 31 219 219 45 63 220 220 26 61 221 221 48 30 222 222 24 62 223 223 36 64 224 224 48 30 225 225 25 31 226 226 24 62 227 227 37 65 228 228 35 66 229 229 42 67 230 230 37 65 231 231 49 68 232 232 35 66 233 233 27 69 234 234 52 70 235 235 41 71 236 236 27 69 237 237 39 72 238 238 52 70 239 239 43 73 240 240 47 74 241 241 46 75 242 242 43 73 243 243 44 76 244 244 47 74 245 245 28 56 246 246 29 54 247 247 32 32 248 248 28 56 249 249 30 58 250 250 29 54 251 251 31 27 252 252 38 59 253 253 28 56 254 254 31 27 255 255 51 26 256 256 38 59 257 257 54 23 258 258 25 31 259 259 22 24 260 260 54 23 261 261 45 63 262 262 25 31 263 263 48 30 264 264 35 66 265 265 49 68 266 266 48 30 267 267 36 64 268 268 35 66 269 269 49 68 270 270 53 25 271 271 50 29 272 272 49 68 273 273 37 65 274 274 53 25 275 275 39 72 276 276 40 57 277 277 38 59 278 278 39 72 279 279 27 69 280 280 40 57 281 281 39 72 282 282 53 25 283 283 52 70 284 284 39 72 285 285 51 26 286 286 53 25 287 287 37 65 288 288 41 71 289 289 52 70 290 290 37 65 291 291 42 67 292 292 41 71 293 293 54 23 294 294 44 76 295 295 43 73 296 296 54 23 297 297 55 22 298 298 44 76 299 299 43 73 300 300 26 61 301 301 45 63 302 302 43 73 303 303 46 75 304 304 26 61 305 305 34 28 306 306 47 74 307 307 44 76 308 308 34 28 309 309 23 60 310 310 47 74 311 311 9 43 312 312 8 35 313 313 12 39 314 314 13 37 315 315 15 47 316 316 11 40 317 317 17 51 318 318 2 44 319 319 1 41 320 320 16 49 321 321 5 52 322 322 19 38 323 323 28 56 324 324 32 32 325 325 31 27 326 326 48 30 327 327 49 68 328 328 50 29 329 329 39 72 330 330 38 59 331 331 51 26 332 332 37 65 333 333 52 70 334 334 53 25 335 335 54 23 336 336 43 73 337 337 45 63 338 338 34 28 339 339 44 76 340 340 55 22 341 341</p>
        </triangles>
      </mesh>
    </geometry>
    <geometry id="Character_001-mesh" name="Character.001">
      <mesh>
        <source id="Character_001-mesh-positions">
          <float_array id="Character_001-mesh-positions-array" count="228">1.5657 -7.66234 5.215756 1.5657 -13.6561 5.851866 -2.08753 -13.02 5.851866 2.08753 -7.66234 5.851866 1.5657 -7.66234 10.30509 -1.5657 -7.66234 10.30509 -1.5657 -13.02 5.215756 -1.5657 -7.66234 5.215756 -2.08753 -7.66234 5.851866 -1.5657 -13.6561 5.851866 1.5657 -13.02 5.215756 -2.08753 -13.02 9.668987 -2.08753 -7.66234 9.668987 -1.5657 -13.6561 9.668987 1.5657 -13.6561 9.668987 2.08753 -7.66234 9.668987 2.08753 -13.02 5.851866 -1.5657 -13.02 10.30509 2.08753 -13.02 9.668987 1.5657 -13.02 10.30509 -1.46628 -9.747611 3.239126 -1.46628 -7.38584 3.239126 0 -7.38584 4.434466 1.46628 -9.747611 3.239266 1.46628 -7.38584 3.239266 0 -10.0417 5.970536 4.79855 -7.38584 3.483476 0 -7.38584 6.264676 0 -9.747611 6.264676 -4.39431 -7.38584 3.238986 -4.79855 -7.38584 3.483476 -4.43908 -10.0417 3.613346 -6.93908 -10.0417 7.401775 -7.23322 -9.747611 7.281436 0 -10.0417 5.018646 -1.63107 -10.0417 3.613346 1.63107 -10.0417 3.613346 0 -9.747611 4.434466 4.39431 -9.747611 3.238986 4.79855 -9.747611 3.483476 4.39431 -7.38584 3.238986 4.43908 -10.0417 3.613346 -6.93908 -9.747611 7.695916 -7.23322 -7.38584 7.281436 -6.93908 -7.38584 7.695916 6.93908 -9.747611 7.695916 7.23322 -9.747611 7.281436 6.93908 -7.38584 7.695916 7.23322 -7.38584 7.281436 -4.79855 -9.747611 3.483476 -4.39431 -9.747611 3.238986 6.93908 -10.0417 7.401775 3.133897 -9.012997 14.55593 3.669716 -9.012997 14.53964 3.13033 -9.012997 15.19117 1.35504 -9.012997 14.55594 0.8191402 -9.012997 14.53964 1.35503 -9.012997 9.278038 0.8191402 -9.012997 9.294357 1.3586 -9.012997 8.642796 3.133896 -9.012997 9.278038 3.130327 -9.012997 8.642796 1.3586 -9.012997 15.19117 3.669716 -9.012997 9.294357 -3.133897 -9.012997 14.55593 -3.13033 -9.012997 15.19117 -3.669716 -9.012997 14.53964 -1.35504 -9.012996 14.55594 -1.35503 -9.012997 9.278038 -0.8191402 -9.012996 14.53964 -0.8191402 -9.012996 9.294357 -3.133896 -9.012997 9.278038 -1.3586 -9.012996 8.642796 -3.130327 -9.012996 8.642796 -1.3586 -9.012996 15.19117 -3.669716 -9.012996 9.294357</float_array>
          <technique_common>
            <accessor source="#Character_001-mesh-positions-array" count="76" stride="3">
              <param name="X" type="float"/>
              <param name="Y" type="float"/>
              <param name="Z" type="float"/>
            </accessor>
          </technique_common>
        </source>
        <source id="Character_001-mesh-normals">
          <float_array id="Character_001-mesh-normals-array" count="225">0 -1 0 1.77961e-6 -1 0 5.36115e-7 -1 0 1.82564e-6 -1 0 0 -1 2.57243e-7 0 -1 0 0 -1 0 -1.77984e-6 -1 -3.37226e-7 5.36115e-7 -1 -3.37583e-6 0 -1 0 5.38274e-7 -1 8.27507e-7 0 -1 -3.58139e-6 -1.82587e-6 -1 -2.80231e-6 0 -1 -3.37583e-6 0 -1 -3.37226e-7 0 -1 -1.29301e-7 0 -1 4.06309e-7 0 -1 8.20887e-7 0 -1 6.34899e-7 0 -1 -3.37175e-7 0 -1 2.80195e-6 0 -1 -1.88668e-6 0 -1 0 -2.36332e-5 -0.9994917 -0.03188359 0.1349691 -0.9897478 -0.04671931 0.04470205 -0.998735 -0.02302587 3.5184e-5 -0.8755336 -0.4831575 -0.04477077 -0.9987319 -0.02303069 -0.1349391 -0.9897497 -0.04676574 -0.3854826 -0.6989414 -0.6023987 0.3854507 -0.6989393 -0.6024215 -3.44664e-5 -0.7210574 0.6928754 -0.8252546 -0.1586604 0.5420165 -0.2299782 -0.05696439 0.9715272 5.3081e-6 0 1 0.2020397 -2.09591e-4 0.9793774 0.8155187 -2.62117e-4 0.5787307 3.15905e-6 2.05001e-4 -1 0.1324154 -0.4835044 -0.8652685 -0.7731181 2.04989e-4 -0.634262 0.7964896 -0.1288501 -0.5907639 0.5506358 -0.8174554 -0.1690183 -0.5506657 -0.8174372 0.1690084 0.1335043 -0.642376 -0.7546719 -0.1335034 -0.6423745 0.7546734 -0.7733256 -0.001193702 0.6340081 -0.9048821 0.1328598 -0.4043967 -0.7404683 -0.6664019 0.08726596 -0.9002466 -0.334071 -0.2791998 1 1.61301e-4 3.29822e-4 0.904884 -0.4043959 0.1328493 0.7733181 1.28883e-5 -0.6340184 0.7404817 -0.08727854 0.6663852 0.003564536 -0.0579608 0.9983125 -0.5544787 0.1685412 0.8149524 0.1390132 -0.7581403 0.6371017 -0.7360035 -0.1828846 0.6518067 -0.1321148 -0.1227924 -0.9835994 -0.5172407 -1.8008e-4 -0.8558401 0.6316289 0 -0.7752709 -0.09042859 -0.7845901 -0.6133849 -0.7546054 0.04901432 -0.6543456 -0.8155851 -0.06421679 0.5750629 -0.7957299 -0.1577917 -0.5847357 -0.6035668 -0.6554034 0.4540414 -7.58171e-5 0.05589437 -0.9984367 -0.6319709 0 -0.7749922 -0.6292335 -0.04065483 -0.7761523 -0.1428716 -0.8331995 -0.534197 0.1307845 0.0693556 -0.988982 0.2587238 -0.268368 -0.9279228 0.921223 0.2217561 0.3196445 0.8327132 -0.07429778 -0.5486972 0.841868 -0.01316875 -0.5395231 0.5028529 -0.7628262 -0.4064916</float_array>
          <technique_common>
            <accessor source="#Character_001-mesh-normals-array" count="75" stride="3">
              <param name="X" type="float"/>
              <param name="Y" type="float"/>
              <param name="Z" type="float"/>
            </accessor>
          </technique_common>
        </source>
        <source id="Character_001-mesh-map-0">
          <float_array id="Character_001-mesh-map-0-array" count="648">0.8213881 0.710937 0.8290363 0.316636 0.8213881 0.317416 0.8213881 0.710937 0.8290363 0.714764 0.8290363 0.316636 0.8213881 0.710937 0.8213881 0.317416 0.8108767 0.317416 0.8213881 0.710937 0.8227581 0.743998 0.8290363 0.714764 0.8213881 0.710937 0.8108767 0.317416 0.8108767 0.710937 0.8213881 0.710937 0.8108767 0.710937 0.8227581 0.743998 0.8290363 0.316636 0.8227581 0.287404 0.8213881 0.317416 0.8108767 0.317416 0.8032314 0.714764 0.8108767 0.710937 0.8108767 0.317416 0.8213881 0.317416 0.8095096 0.287404 0.8108767 0.317416 0.8032314 0.316636 0.8032314 0.714764 0.8108767 0.317416 0.8095096 0.287404 0.8032314 0.316636 0.8095096 0.287404 0.8213881 0.317416 0.8227581 0.287404 0.8227581 0.743998 0.8108767 0.710937 0.8095096 0.743998 0.8095096 0.743998 0.8108767 0.710937 0.8032314 0.714764 0.8108767 0.317416 0.8032314 0.316636 0.8095096 0.287404 0.8108767 0.317416 0.8032314 0.714764 0.8032314 0.316636 0.8108767 0.317416 0.8095096 0.287404 0.8213881 0.317416 0.8108767 0.317416 0.8108767 0.710937 0.8032314 0.714764 0.8108767 0.317416 0.8213881 0.317416 0.8213881 0.710937 0.8108767 0.317416 0.8213881 0.710937 0.8108767 0.710937 0.8095096 0.287404 0.8227581 0.287404 0.8213881 0.317416 0.8032314 0.714764 0.8108767 0.710937 0.8095096 0.743998 0.8213881 0.710937 0.8213881 0.317416 0.8290363 0.316636 0.8213881 0.710937 0.8227581 0.743998 0.8108767 0.710937 0.8213881 0.710937 0.8290363 0.316636 0.8290363 0.714764 0.8213881 0.710937 0.8290363 0.714764 0.8227581 0.743998 0.8227581 0.743998 0.8095096 0.743998 0.8108767 0.710937 0.8290363 0.316636 0.8213881 0.317416 0.8227581 0.287404 0.8161178 0.653164 0.81156 0.653164 0.814647 0.666449 0.8161178 0.653164 0.814647 0.666449 0.8168367 0.630623 0.8161178 0.653164 0.8168367 0.630623 0.8175839 0.666449 0.8161178 0.653164 0.8175839 0.666449 0.8206692 0.653164 0.81156 0.653164 0.81156 0.666449 0.814647 0.666449 0.8175839 0.666449 0.8206692 0.666449 0.8206692 0.653164 0.8161178 0.651156 0.81156 0.651156 0.81156 0.653164 0.8161178 0.651156 0.81156 0.653164 0.8161178 0.653164 0.8161178 0.651156 0.8161178 0.653164 0.8206692 0.653164 0.8161178 0.651156 0.8206692 0.653164 0.8206692 0.651156 0.8161178 0.633854 0.81156 0.633854 0.8161178 0.649239 0.8161178 0.633854 0.8161178 0.649239 0.8206692 0.649239 0.8161178 0.633854 0.8206692 0.649239 0.8206692 0.633854 0.81156 0.633854 0.81156 0.649239 0.8161178 0.649239 1 0.6875 0.8421053 0.375 0.8421053 0.6875 1 0.6875 1 0.375 0.8421053 0.375 1 0 0.8421053 0.1875 1 0.1875 1 0 0.8421053 0 0.8421053 0.1875 1 0.625 0.8421053 0.3125 1 0.3125 1 0.625 0.8421053 0.625 0.8421053 0.3125 1 0.3125 0.8421053 0 0.8421053 0.3125 1 0.3125 1 0 0.8421053 0 1 0.3125 0.8421053 0 1 0 1 0.3125 0.8421053 0.3125 0.8421053 0 0.8947368 0.375 0.8421053 0.6875 0.8421053 0.375 0.8947368 0.375 0.8947368 0.6875 0.8421053 0.6875 0.9377703 0.3860357 0.9635139 0.3783931 0.9377703 0.3783931 0.9377703 0.3860357 0.9635139 0.3860357 0.9635139 0.3783931 0.9377703 0.3783931 0.9313344 0.3478227 0.9313344 0.3783931 0.9377703 0.3783931 0.9377703 0.3478227 0.9313344 0.3478227 0.9635139 0.3860357 0.9699497 0.3783931 0.9699497 0.3783931 0.9635139 0.3860357 0.9635139 0.3860357 0.9699497 0.3783931 0.8421053 1 1 0.9375 0.8421053 0.9375 0.8421053 1 1 1 1 0.9375 1 0.3125 0.9473685 0.625 0.9473685 0.3125 1 0.3125 1 0.625 0.9473685 0.625 0.8421053 1 1 0.9375 0.8421053 0.9375 0.8421053 1 1 1 1 0.9375 0.8947368 0.6875 0.8421053 1 0.8421053 0.6875 0.8947368 0.6875 0.8947368 1 0.8421053 1 0.8152029 0.597302 0.8116053 0.617417 0.8152029 0.617417 0.8152029 0.597302 0.8116053 0.597302 0.8116053 0.617417 0.8101329 0.666449 0.8014233 0.653164 0.8014233 0.666449 0.8101329 0.666449 0.8101329 0.653164 0.8014233 0.653164 0.8152029 0.617417 0.8175613 0.597302 0.8152029 0.597302 0.8152029 0.617417 0.8175613 0.617417 0.8175613 0.597302 0.8199163 0.617417 0.8175613 0.597302 0.8175613 0.617417 0.8199163 0.617417 0.8199163 0.597302 0.8175613 0.597302 0.8235167 0.597302 0.8199163 0.617417 0.8235167 0.617417 0.8235167 0.597302 0.8199163 0.597302 0.8199163 0.617417 0.8220958 0.653164 0.8308082 0.666449 0.8308082 0.653164 0.8220958 0.653164 0.8220958 0.666449 0.8308082 0.666449 0.8111581 0.597302 0.8116053 0.617417 0.8116053 0.597302 0.8111581 0.597302 0.8111581 0.617417 0.8116053 0.617417 0.81156 0.668458 0.814172 0.666812 0.81156 0.666449 0.81156 0.668458 0.8143119 0.668458 0.814172 0.666812 0.81156 0.653164 0.811218 0.666449 0.81156 0.666449 0.81156 0.653164 0.811218 0.653164 0.811218 0.666449 0.814172 0.666812 0.8175613 0.597302 0.8168367 0.630623 0.814172 0.666812 0.8154271 0.594797 0.8175613 0.597302 0.8175839 0.666449 0.8175613 0.597302 0.8177481 0.668458 0.8175839 0.666449 0.8168367 0.630623 0.8175613 0.597302 0.8206692 0.668458 0.8175839 0.666449 0.8180878 0.668458 0.8206692 0.668458 0.8206692 0.666449 0.8175839 0.666449 0.8235167 0.597302 0.8239639 0.617417 0.8239639 0.597302 0.8235167 0.597302 0.8235167 0.617417 0.8239639 0.617417 0.8210146 0.666449 0.8206692 0.653164 0.8206692 0.666449 0.8210146 0.666449 0.8210146 0.653164 0.8206692 0.653164 0.81156 0.649239 0.811218 0.633854 0.811218 0.649239 0.81156 0.649239 0.81156 0.633854 0.811218 0.633854 0.8210146 0.649239 0.8206692 0.633854 0.8206692 0.649239 0.8210146 0.649239 0.8210146 0.633854 0.8206692 0.633854 0.9313344 0.3783931 0.9377703 0.3860357 0.9377703 0.3783931 0.9635139 0.3860357 0.9699497 0.3783931 0.9635139 0.3783931 1 0.25 0.9473685 0.3125 1 0.3125 1 0.3125 0.9473685 0.25 0.9473685 0.3125 0.811218 0.666449 0.81156 0.668458 0.81156 0.666449 0.8206692 0.668458 0.8210146 0.666449 0.8206692 0.666449 0.81156 0.651156 0.811218 0.653164 0.81156 0.653164 0.8210146 0.653164 0.8206692 0.651156 0.8206692 0.653164</float_array>
          <technique_common>
            <accessor source="#Character_001-mesh-map-0-array" count="324" stride="2">
              <param name="S" type="float"/>
              <param name="T" type="float"/>
            </accessor>
          </technique_common>
        </source>
        <source id="Character_001-mesh-colors-Color" name="Color">
          <float_array id="Character_001-mesh-colors-Color-array" count="1296">0.9921569 0.9921569 0.9960784 1 0.9215686 0.9215686 0.9254902 1 0.9921569 0.9921569 0.9960784 1 0.9921569 0.9921569 0.9960784 1 0.9215686 0.9215686 0.9254902 1 0.9215686 0.9215686 0.9254902 1 0.9921569 0.9921569 0.9960784 1 0.9921569 0.9921569 0.9960784 1 0.9921569 0.9921569 0.9960784 1 0.9921569 0.9921569 0.9960784 1 0.9215686 0.9215686 0.9254902 1 0.9215686 0.9215686 0.9254902 1 0.9921569 0.9921569 0.9960784 1 0.9921569 0.9921569 0.9960784 1 0.9921569 0.9921569 0.9960784 1 0.9921569 0.9921569 0.9960784 1 0.9921569 0.9921569 0.9960784 1 0.9215686 0.9215686 0.9254902 1 0.9215686 0.9215686 0.9254902 1 0.9215686 0.9215686 0.9254902 1 0.9921569 0.9921569 0.9960784 1 0.9921569 0.9921569 0.9960784 1 0.9215686 0.9215686 0.9254902 1 0.9921569 0.9921569 0.9960784 1 0.9921569 0.9921569 0.9960784 1 0.9921569 0.9921569 0.9960784 1 0.9215686 0.9215686 0.9254902 1 0.9921569 0.9921569 0.9960784 1 0.9215686 0.9215686 0.9254902 1 0.9215686 0.9215686 0.9254902 1 0.9921569 0.9921569 0.9960784 1 0.9215686 0.9215686 0.9254902 1 0.9215686 0.9215686 0.9254902 1 0.9215686 0.9215686 0.9254902 1 0.9921569 0.9921569 0.9960784 1 0.9215686 0.9215686 0.9254902 1 0.9215686 0.9215686 0.9254902 1 0.9921569 0.9921569 0.9960784 1 0.9215686 0.9215686 0.9254902 1 0.9215686 0.9215686 0.9254902 1 0.9921569 0.9921569 0.9960784 1 0.9215686 0.9215686 0.9254902 1 0.9921569 0.9921569 0.9960784 1 0.9215686 0.9215686 0.9254902 1 0.9215686 0.9215686 0.9254902 1 0.9921569 0.9921569 0.9960784 1 0.9215686 0.9215686 0.9254902 1 0.9215686 0.9215686 0.9254902 1 0.9921569 0.9921569 0.9960784 1 0.9215686 0.9215686 0.9254902 1 0.9921569 0.9921569 0.9960784 1 0.9921569 0.9921569 0.9960784 1 0.9921569 0.9921569 0.9960784 1 0.9215686 0.9215686 0.9254902 1 0.9921569 0.9921569 0.9960784 1 0.9921569 0.9921569 0.9960784 1 0.9921569 0.9921569 0.9960784 1 0.9921569 0.9921569 0.9960784 1 0.9921569 0.9921569 0.9960784 1 0.9921569 0.9921569 0.9960784 1 0.9215686 0.9215686 0.9254902 1 0.9215686 0.9215686 0.9254902 1 0.9921569 0.9921569 0.9960784 1 0.9215686 0.9215686 0.9254902 1 0.9921569 0.9921569 0.9960784 1 0.9215686 0.9215686 0.9254902 1 0.9921569 0.9921569 0.9960784 1 0.9921569 0.9921569 0.9960784 1 0.9215686 0.9215686 0.9254902 1 0.9921569 0.9921569 0.9960784 1 0.9215686 0.9215686 0.9254902 1 0.9921569 0.9921569 0.9960784 1 0.9921569 0.9921569 0.9960784 1 0.9215686 0.9215686 0.9254902 1 0.9215686 0.9215686 0.9254902 1 0.9921569 0.9921569 0.9960784 1 0.9215686 0.9215686 0.9254902 1 0.9215686 0.9215686 0.9254902 1 0.9215686 0.9215686 0.9254902 1 0.9215686 0.9215686 0.9254902 1 0.9921569 0.9921569 0.9960784 1 0.9215686 0.9215686 0.9254902 1 0.9921569 0.9921569 0.9960784 1 0.9215686 0.9215686 0.9254902 1 1 1 1 1 1 1 1 1 1 1 1 1 1 1 1 1 1 1 1 1 1 1 1 1 1 1 1 1 1 1 1 1 1 1 1 1 1 1 1 1 1 1 1 1 1 1 1 1 1 1 1 1 1 1 1 1 1 1 1 1 1 1 1 1 1 1 1 1 1 1 1 1 1 1 1 1 1 1 1 1 1 1 1 1 1 1 1 1 1 1 1 1 1 1 1 1 1 1 1 1 1 1 1 1 1 1 1 1 1 1 1 1 1 1 1 1 1 1 1 1 1 1 1 1 1 1 1 1 1 1 1 1 1 1 1 1 1 1 1 1 1 1 1 1 1 1 1 1 1 1 1 1 1 1 1 1 1 1 1 1 1 1 1 1 1 1 1 1 1 1 1 1 1 1 1 1 1 1 1 1 1 1 1 1 1 1 1 1 1 1 1 1 1 1 1 1 1 1 1 1 1 1 1 1 1 1 1 1 1 1 1 1 1 1 1 1 1 1 1 1 1 1 1 1 1 1 1 1 1 1 1 1 1 1 1 1 1 1 1 1 1 1 1 1 1 1 1 1 1 1 1 1 1 1 1 1 1 1 1 1 1 1 1 1 1 1 1 1 1 1 1 1 1 1 1 1 1 1 1 1 1 1 1 1 1 1 1 1 1 1 1 1 1 1 1 1 1 1 1 1 1 1 1 1 1 1 1 1 1 1 1 1 1 1 1 1 1 1 1 1 1 1 1 1 1 1 1 1 1 1 1 1 1 1 1 1 1 1 1 1 1 1 1 1 1 1 1 1 1 1 1 1 1 1 1 1 1 1 1 1 1 1 1 1 1 1 1 1 1 1 1 1 1 1 1 1 1 1 1 1 1 1 1 1 1 1 1 1 1 1 1 1 1 1 1 1 1 1 1 1 1 1 1 1 1 1 1 1 1 1 1 1 1 1 1 1 1 1 1 1 1 1 1 1 1 1 1 1 1 1 1 1 1 1 1 1 1 1 1 1 1 1 1 1 1 1 1 1 1 1 1 1 1 1 1 1 1 1 1 1 1 1 1 1 1 1 1 1 1 1 1 1 1 1 1 1 1 1 1 1 1 1 1 1 1 1 1 1 1 1 1 1 1 1 1 1 1 1 1 1 1 1 1 1 1 1 1 1 1 1 1 1 1 1 1 1 1 1 1 1 1 1 1 1 1 1 1 1 1 1 1 1 1 1 1 1 1 1 1 1 1 1 1 1 1 1 1 1 1 1 1 1 1 1 1 1 1 1 1 1 1 1 1 1 1 1 1 1 1 1 1 1 1 1 1 1 1 1 1 1 1 1 1 1 1 1 1 1 1 1 1 1 1 1 1 1 1 1 1 1 1 1 1 1 1 1 1 1 1 1 1 1 1 1 1 1 1 1 1 1 1 1 1 1 1 1 1 1 1 1 1 1 1 1 1 1 1 1 1 1 1 1 1 1 1 1 1 1 1 1 1 1 1 1 1 1 1 1 1 1 1 1 1 1 1 1 1 1 1 1 1 1 1 1 1 1 1 1 1 1 1 1 1 1 1 1 1 1 1 1 1 1 1 1 1 1 1 1 1 1 1 1 1 1 1 1 1 1 1 1 1 1 1 1 1 1 1 1 1 1 1 1 1 1 1 1 1 1 1 1 1 1 1 1 1 1 1 1 1 1 1 1 1 1 1 1 1 1 1 1 1 1 1 1 1 1 1 1 1 1 1 1 1 1 1 1 1 1 1 1 1 1 1 1 1 1 1 1 1 1 1 1 1 1 1 1 1 1 1 1 1 1 1 1 1 1 1 1 1 1 1 1 1 1 1 1 1 1 1 1 1 1 1 1 1 1 1 1 1 1 1 1 1 1 1 1 1 1 1 1 1 1 1 1 1 1 1 1 1 1 1 1 1 1 1 1 1 1 1 1 1 1 1 1 1 1 1 1 1 1 1 1 1 1 1 1 1 1 1 1 1 1 1 1 1 1 1 1 1 1 1 1 1 1 1 1 1 1 1 1 1 1 1 1 1 1 1 1 1 1 1 1 1 1 1 1 1 1 1 1 1 1 1 1 1 1 1 1 1 1 1 1 1 1 1 1 1 1 1 1 1 1 1 1 1 1 1 1 1 1 1 1 1 1 1 1 1 1 1 1 1 1 1 1 1 1 1 1 1 1</float_array>
          <technique_common>
            <accessor source="#Character_001-mesh-colors-Color-array" count="324" stride="4">
              <param name="R" type="float"/>
              <param name="G" type="float"/>
              <param name="B" type="float"/>
              <param name="A" type="float"/>
            </accessor>
          </technique_common>
        </source>
        <vertices id="Character_001-mesh-vertices">
          <input semantic="POSITION" source="#Character_001-mesh-positions"/>
        </vertices>
        <triangles material="CoinBox-material" count="108">
          <input semantic="VERTEX" source="#Character_001-mesh-vertices" offset="0"/>
          <input semantic="NORMAL" source="#Character_001-mesh-normals" offset="1"/>
          <input semantic="TEXCOORD" source="#Character_001-mesh-map-0" offset="2" set="0"/>
          <input semantic="COLOR" source="#Character_001-mesh-colors-Color" offset="3" set="0"/>
          <p>68 0 0 0 69 0 1 1 67 0 2 2 68 1 3 3 70 1 4 4 69 1 5 5 68 2 6 6 67 2 7 7 64 2 8 8 68 3 9 9 72 3 10 10 70 3 11 11 68 4 12 12 64 4 13 13 71 4 14 14 68 5 15 15 71 5 16 16 72 5 17 17 69 6 18 18 74 6 19 19 67 6 20 20 64 7 21 21 75 7 22 22 71 7 23 23 64 8 24 24 67 8 25 25 65 8 26 26 64 9 27 27 66 9 28 28 75 9 29 29 64 5 30 30 65 5 31 31 66 5 32 32 65 10 33 33 67 10 34 34 74 10 35 35 72 11 36 36 71 11 37 37 73 11 38 38 73 12 39 39 71 12 40 40 75 12 41 41 52 5 42 42 53 5 43 43 54 5 44 44 52 5 45 45 63 5 46 46 53 5 47 47 52 13 48 48 54 13 49 49 55 13 50 50 52 14 51 51 60 14 52 52 63 14 53 53 52 15 54 54 55 15 55 55 57 15 56 56 52 16 57 57 57 16 58 58 60 16 59 59 54 17 60 60 62 17 61 61 55 17 62 62 63 18 63 63 60 18 64 64 61 18 65 65 57 19 66 66 55 19 67 67 56 19 68 68 57 5 69 69 59 5 70 70 60 5 71 71 57 5 72 72 56 5 73 73 58 5 74 74 57 20 75 75 58 20 76 76 59 20 77 77 59 21 78 78 61 21 79 79 60 21 80 80 56 22 81 81 55 22 82 82 62 22 83 83 25 23 84 84 32 24 85 85 35 25 86 86 25 23 87 87 35 25 88 88 34 26 89 89 25 23 90 90 34 26 91 91 36 27 92 92 25 23 93 93 36 27 94 94 51 28 95 95 32 24 96 96 31 29 97 97 35 25 98 98 36 27 99 99 41 30 100 100 51 28 101 101 28 31 102 102 42 32 103 103 32 24 104 104 28 31 105 105 32 24 106 106 25 23 107 107 28 31 108 108 25 23 109 109 51 28 110 110 28 31 111 111 51 28 112 112 45 33 113 113 27 34 114 114 44 35 115 115 28 31 116 116 27 34 117 117 28 31 118 118 45 33 119 119 27 34 120 120 45 33 121 121 47 36 122 122 44 35 123 123 42 32 124 124 28 31 125 125 0 37 126 126 6 38 127 127 7 39 128 128 0 37 129 129 10 40 130 130 6 38 131 131 14 41 132 132 9 42 133 133 1 43 134 134 14 41 135 135 13 44 136 136 9 42 137 137 12 45 138 138 2 46 139 139 11 47 140 140 12 45 141 141 8 48 142 142 2 46 143 143 15 49 144 144 16 50 145 145 3 51 146 146 15 49 147 147 18 52 148 148 16 50 149 149 4 53 150 150 17 54 151 151 19 55 152 152 4 53 153 153 5 56 154 154 17 54 155 155 2 46 156 156 7 39 157 157 6 38 158 158 2 46 159 159 8 48 160 160 7 39 161 161 6 38 162 162 1 43 163 163 9 42 164 164 6 38 165 165 10 40 166 166 1 43 167 167 9 42 168 168 11 47 169 169 2 46 170 170 9 42 171 171 13 44 172 172 11 47 173 173 10 40 174 174 3 51 175 175 16 50 176 176 10 40 177 177 0 37 178 178 3 51 179 179 16 50 180 180 14 41 181 181 1 43 182 182 16 50 183 183 18 52 184 184 14 41 185 185 17 54 186 186 12 45 187 187 11 47 188 188 17 54 189 189 5 56 190 190 12 45 191 191 13 44 192 192 19 55 193 193 17 54 194 194 13 44 195 195 14 41 196 196 19 55 197 197 18 52 198 198 4 53 199 199 19 55 200 200 18 52 201 201 15 49 202 202 4 53 203 203 20 57 204 204 29 58 205 205 21 59 206 206 20 57 207 207 50 60 208 208 29 58 209 209 49 61 210 210 43 62 211 211 30 63 212 212 49 61 213 213 33 64 214 214 43 62 215 215 21 59 216 216 37 65 217 217 20 57 218 218 21 59 219 219 22 66 220 220 37 65 221 221 24 67 222 222 37 65 223 223 22 66 224 224 24 67 225 225 23 68 226 226 37 65 227 227 38 69 228 228 24 67 229 229 40 70 230 230 38 69 231 231 23 68 232 232 24 67 233 233 46 71 234 234 26 72 235 235 48 73 236 236 46 71 237 237 39 74 238 238 26 72 239 239 49 61 240 240 29 58 241 241 50 60 242 242 49 61 243 243 30 63 244 244 29 58 245 245 50 60 246 246 35 25 247 247 31 29 248 248 50 60 249 249 20 57 250 250 35 25 251 251 32 24 252 252 49 61 253 253 31 29 254 254 32 24 255 255 33 64 256 256 49 61 257 257 35 25 258 258 37 65 259 259 34 26 260 260 35 25 261 261 20 57 262 262 37 65 263 263 36 27 264 264 37 65 265 265 23 68 266 266 36 27 267 267 34 26 268 268 37 65 269 269 38 69 270 270 36 27 271 271 23 68 272 272 38 69 273 273 41 30 274 274 36 27 275 275 38 69 276 276 26 72 277 277 39 74 278 278 38 69 279 279 40 70 280 280 26 72 281 281 39 74 282 282 51 28 283 283 41 30 284 284 39 74 285 285 46 71 286 286 51 28 287 287 42 32 288 288 43 62 289 289 33 64 290 290 42 32 291 291 44 35 292 292 43 62 293 293 46 71 294 294 47 36 295 295 45 33 296 296 46 71 297 297 48 73 298 298 47 36 299 299 2 46 300 300 6 38 301 301 9 42 302 302 10 40 303 303 16 50 304 304 1 43 305 305 17 54 306 306 11 47 307 307 13 44 308 308 18 52 309 309 19 55 310 310 14 41 311 311 49 61 312 312 50 60 313 313 31 29 314 314 38 69 315 315 39 74 316 316 41 30 317 317 42 32 318 318 33 64 319 319 32 24 320 320 46 71 321 321 45 33 322 322 51 28 323 323</p>
        </triangles>
      </mesh>
    </geometry>
    <geometry id="Block-mesh" name="Block">
      <mesh>
        <source id="Block-mesh-positions">
          <float_array id="Block-mesh-positions-array" count="72">-7.17521 -6.97326 16.626 8.47596 -6.97212 15.3241 8.47596 7.37603 15.3241 7.16406 8.67791 15.3141 7.17521 7.37716 16.626 7.17521 -6.97326 16.626 -7.16406 8.67791 15.3141 -8.47596 7.37603 15.3241 -7.17521 7.37716 16.626 8.47596 -6.97212 0.975977 8.47596 7.37603 0.975977 7.16406 -8.274002 0.985995 7.17521 -6.97326 -0.325904 7.16406 -8.27401 15.3141 -7.16406 -8.27401 15.3141 7.16406 8.67791 0.985996 -8.47596 -6.97212 15.3241 -8.47596 7.37603 0.975977 7.17521 7.37716 -0.325903 -7.17521 7.37716 -0.325903 -7.16406 8.67791 0.985996 -7.17521 -6.97326 -0.325904 -7.16406 -8.274002 0.985995 -8.47596 -6.97212 0.975977</float_array>
          <technique_common>
            <accessor source="#Block-mesh-positions-array" count="24" stride="3">
              <param name="X" type="float"/>
              <param name="Y" type="float"/>
              <param name="Z" type="float"/>
            </accessor>
          </technique_common>
        </source>
        <source id="Block-mesh-normals">
          <float_array id="Block-mesh-normals-array" count="72">-0.002351939 4.9453e-5 -0.9999973 0.2444677 0.145884 -0.9586206 0.1481879 0.2473772 -0.9575201 0.007293522 0.005023777 -0.9999608 0.002523839 -3.20286e-4 0.9999968 -0.004529416 -0.001696109 0.9999883 0.6001266 0.6079069 0.5199012 -0.6001272 -0.6079072 0.5199003 0.6589919 -0.1187424 0.742718 0.9999864 0.001960635 -0.004860162 -0.007205724 -0.9999387 -0.008416175 -0.7386408 -0.6638112 0.1173224 -0.5208008 0.6079849 0.5992669 -0.9999863 -0.001957237 -0.004858732 0.1442814 0.8676632 0.4757558 0.7386397 0.6638123 0.1173232 0.8644354 -0.4809758 0.1463354 0.5207971 0.60799 -0.599265 0.1175698 -0.6639204 -0.7385033 -0.1442188 0.8676672 -0.4757674 0.001537859 -0.9999963 0.002291738 -0.8675411 -0.1450575 -0.4757423 -0.6578173 -0.7441354 -0.1163572 -0.7386258 0.6638357 -0.1172783</float_array>
          <technique_common>
            <accessor source="#Block-mesh-normals-array" count="24" stride="3">
              <param name="X" type="float"/>
              <param name="Y" type="float"/>
              <param name="Z" type="float"/>
            </accessor>
          </technique_common>
        </source>
        <source id="Block-mesh-map-0">
          <float_array id="Block-mesh-map-0-array" count="264">0.7894737 0.0625 0.7894737 0.9375 0 0.0625 0.7894737 0.9375 0 0.9375 0 0.0625 0.7368421 0.0625 0 0.9375 0 0.0625 0.7368421 0.0625 0.7368421 0.9375 0 0.9375 0 0 0.7368421 0.0625 0 0.0625 0 0 0.7368421 0 0.7368421 0.0625 0.7368421 0.0625 0 0 0 0.0625 0.7368421 0.0625 0.7368421 0 0 0 0.7368421 0.0625 0 0 0.7368421 0 0.7368421 0.0625 0 0.0625 0 0 0.7368421 0.0625 0 0 0 0.0625 0.7368421 0.0625 0.7368421 0 0 0 0.7368421 0.0625 0 0.9375 0.7368421 0.9375 0.7368421 0.0625 0 0.0625 0 0.9375 0.7894737 0.9375 0.7368421 0.0625 0.7368421 0.9375 0.7894737 0.9375 0.7894737 0.0625 0.7368421 0.0625 0.7368421 0.9375 0 1 0.7368421 1 0.7368421 0.9375 0 0.9375 0 1 0.7894737 0.0625 0.7368421 0.9375 0.7894737 0.9375 0.7894737 0.0625 0.7368421 0.0625 0.7368421 0.9375 0 1 0.7368421 0.9375 0 0.9375 0 1 0.7368421 1 0.7368421 0.9375 0.7368421 0.0625 0 0.9375 0.7368421 0.9375 0.7368421 0.0625 0 0.0625 0 0.9375 0.7368421 0.0625 0 0.9375 0.7368421 0.9375 0.7368421 0.0625 0 0.0625 0 0.9375 0.7368421 0.0625 0 0.9375 0.7368421 0.9375 0.7368421 0.0625 0 0.0625 0 0.9375 0.7894737 0.0625 0.7368421 0.9375 0.7894737 0.9375 0.7894737 0.0625 0.7368421 0.0625 0.7368421 0.9375 0 0.9375 0.7368421 1 0.7368421 0.9375 0 0.9375 0 1 0.7368421 1 0.7894737 0.0625 0.7368421 0.9375 0.7894737 0.9375 0.7894737 0.0625 0.7368421 0.0625 0.7368421 0.9375 0.7368421 1 0 0.9375 0 1 0.7368421 1 0.7368421 0.9375 0 0.9375 0.7368421 0 0.7368421 0.0625 0.7894737 0.0625 0.7368421 0.0625 0.7368421 0 0.7894737 0.0625 0.7368421 0 0.7894737 0.0625 0.7368421 0.0625 0.7368421 0.0625 0.7894737 0.0625 0.7368421 0 0.7368421 1 0.7894737 0.9375 0.7368421 0.9375 0.7368421 0.9375 0.7894737 0.9375 0.7368421 1 0.7368421 1 0.7368421 0.9375 0.7894737 0.9375 0.7368421 0.9375 0.7368421 1 0.7894737 0.9375</float_array>
          <technique_common>
            <accessor source="#Block-mesh-map-0-array" count="132" stride="2">
              <param name="S" type="float"/>
              <param name="T" type="float"/>
            </accessor>
          </technique_common>
        </source>
        <source id="Block-mesh-colors-Color" name="Color">
          <float_array id="Block-mesh-colors-Color-array" count="528">1 0.9215686 0.8431373 1 1 0.9215686 0.8431373 1 1 0.9215686 0.8431373 1 1 0.9215686 0.8431373 1 1 0.9215686 0.8431373 1 1 0.9215686 0.8431373 1 1 0.9490196 0.8588235 1 1 0.9490196 0.8588235 1 1 0.9490196 0.8588235 1 1 0.9490196 0.8588235 1 1 0.9490196 0.8588235 1 1 0.9490196 0.8588235 1 1 1 0.8784314 1 1 1 0.8784314 1 1 1 0.8784314 1 1 1 0.8784314 1 1 1 0.8784314 1 1 1 0.8784314 1 1 1 0.8784314 1 1 1 0.8784314 1 1 1 0.8784314 1 1 1 0.8784314 1 1 1 0.8784314 1 1 1 0.8784314 1 1 1 0.8784314 1 1 1 0.8784314 1 1 1 0.8784314 1 1 1 0.8784314 1 1 1 0.8784314 1 1 1 0.8784314 1 1 1 0.8784314 1 1 1 0.8784314 1 1 1 0.8784314 1 1 1 0.8784314 1 1 1 0.8784314 1 1 1 0.8784314 1 0.9647059 0.9137255 0.8078432 1 0.9647059 0.9137255 0.8078432 1 0.9647059 0.9137255 0.8078432 1 0.9647059 0.9137255 0.8078432 1 0.9647059 0.9137255 0.8078432 1 0.9647059 0.9137255 0.8078432 1 1 0.9686275 0.8588235 1 1 0.9686275 0.8588235 1 1 0.9686275 0.8588235 1 1 0.9686275 0.8588235 1 1 0.9686275 0.8588235 1 1 0.9686275 0.8588235 1 1 0.9215686 0.8431373 1 1 0.9215686 0.8431373 1 1 0.9215686 0.8431373 1 1 0.9215686 0.8431373 1 1 0.9215686 0.8431373 1 1 0.9215686 0.8431373 1 1 0.9686275 0.8588235 1 1 0.9686275 0.8588235 1 1 0.9686275 0.8588235 1 1 0.9686275 0.8588235 1 1 0.9686275 0.8588235 1 1 0.9686275 0.8588235 1 1 0.9215686 0.8431373 1 1 0.9215686 0.8431373 1 1 0.9215686 0.8431373 1 1 0.9215686 0.8431373 1 1 0.9215686 0.8431373 1 1 0.9215686 0.8431373 1 1 0.9803922 0.8784314 1 1 0.9803922 0.8784314 1 1 0.9803922 0.8784314 1 1 0.9803922 0.8784314 1 1 0.9803922 0.8784314 1 1 0.9803922 0.8784314 1 0.9647059 0.9137255 0.8078432 1 0.9647059 0.9137255 0.8078432 1 0.9647059 0.9137255 0.8078432 1 0.9647059 0.9137255 0.8078432 1 0.9647059 0.9137255 0.8078432 1 0.9647059 0.9137255 0.8078432 1 1 0.9803922 0.8784314 1 1 0.9803922 0.8784314 1 1 0.9803922 0.8784314 1 1 0.9803922 0.8784314 1 1 0.9803922 0.8784314 1 1 0.9803922 0.8784314 1 1 0.9686275 0.8588235 1 1 0.9686275 0.8588235 1 1 0.9686275 0.8588235 1 1 0.9686275 0.8588235 1 1 0.9686275 0.8588235 1 1 0.9686275 0.8588235 1 1 0.9215686 0.8431373 1 1 0.9215686 0.8431373 1 1 0.9215686 0.8431373 1 1 0.9215686 0.8431373 1 1 0.9215686 0.8431373 1 1 0.9215686 0.8431373 1 1 0.9686275 0.8588235 1 1 0.9686275 0.8588235 1 1 0.9686275 0.8588235 1 1 0.9686275 0.8588235 1 1 0.9686275 0.8588235 1 1 0.9686275 0.8588235 1 1 0.9215686 0.8431373 1 1 0.9215686 0.8431373 1 1 0.9215686 0.8431373 1 1 0.9215686 0.8431373 1 1 0.9215686 0.8431373 1 1 0.9215686 0.8431373 1 1 1 0.9686275 1 1 1 0.9686275 1 1 1 0.9686275 1 1 1 0.9686275 1 1 1 0.9686275 1 1 1 0.9686275 1 1 1 0.9686275 1 1 1 0.9686275 1 1 1 0.9686275 1 1 1 0.9686275 1 1 1 0.9686275 1 1 1 0.9686275 1 0.9843137 0.9686275 0.9137255 1 0.9843137 0.9686275 0.9137255 1 0.9843137 0.9686275 0.9137255 1 0.9843137 0.9686275 0.9137255 1 0.9843137 0.9686275 0.9137255 1 0.9843137 0.9686275 0.9137255 1 0.9843137 0.9686275 0.9137255 1 0.9843137 0.9686275 0.9137255 1 0.9843137 0.9686275 0.9137255 1 0.9843137 0.9686275 0.9137255 1 0.9843137 0.9686275 0.9137255 1 0.9843137 0.9686275 0.9137255 1</float_array>
          <technique_common>
            <accessor source="#Block-mesh-colors-Color-array" count="132" stride="4">
              <param name="R" type="float"/>
              <param name="G" type="float"/>
              <param name="B" type="float"/>
              <param name="A" type="float"/>
            </accessor>
          </technique_common>
        </source>
        <vertices id="Block-mesh-vertices">
          <input semantic="POSITION" source="#Block-mesh-positions"/>
        </vertices>
        <triangles material="CoinBox-material" count="44">
          <input semantic="VERTEX" source="#Block-mesh-vertices" offset="0"/>
          <input semantic="NORMAL" source="#Block-mesh-normals" offset="1"/>
          <input semantic="TEXCOORD" source="#Block-mesh-map-0" offset="2" set="0"/>
          <input semantic="COLOR" source="#Block-mesh-colors-Color" offset="3" set="0"/>
          <p>18 0 0 0 12 1 1 1 19 2 2 2 12 1 3 3 21 3 4 4 19 2 5 5 8 4 6 6 5 5 7 7 4 6 8 8 8 4 9 9 0 7 10 10 5 5 11 11 1 8 12 12 4 6 13 13 5 5 14 14 1 8 15 15 2 9 16 16 4 6 17 17 13 10 18 18 0 7 19 19 14 11 20 20 13 10 21 21 5 5 22 22 0 7 23 23 0 7 24 24 7 12 25 25 16 13 26 26 0 7 27 27 8 4 28 28 7 12 29 29 6 14 30 30 4 6 31 31 3 15 32 32 6 14 33 33 8 4 34 34 4 6 35 35 2 9 36 36 9 16 37 37 10 17 38 38 2 9 39 39 1 8 40 40 9 16 41 41 9 16 42 42 13 10 43 43 11 18 44 44 9 16 45 45 1 8 46 46 13 10 47 47 12 1 48 48 10 17 49 49 9 16 50 50 12 1 51 51 18 0 52 52 10 17 53 53 3 15 54 54 10 17 55 55 15 19 56 56 3 15 57 57 2 9 58 58 10 17 59 59 21 3 60 60 11 18 61 61 22 20 62 62 21 3 63 63 12 1 64 64 11 18 65 65 13 10 66 66 22 20 67 67 11 18 68 68 13 10 69 69 14 11 70 70 22 20 71 71 16 13 72 72 17 21 73 73 23 22 74 74 16 13 75 75 7 12 76 76 17 21 77 77 6 14 78 78 15 19 79 79 20 23 80 80 6 14 81 81 3 15 82 82 15 19 83 83 14 11 84 84 23 22 85 85 22 20 86 86 14 11 87 87 16 13 88 88 23 22 89 89 21 3 90 90 17 21 91 91 19 2 92 92 21 3 93 93 23 22 94 94 17 21 95 95 7 12 96 96 20 23 97 97 17 21 98 98 7 12 99 99 6 14 100 100 20 23 101 101 19 2 102 102 15 19 103 103 18 0 104 104 19 2 105 105 20 23 106 106 15 19 107 107 5 5 108 108 13 10 109 109 1 8 110 110 3 15 111 111 4 6 112 112 2 9 113 113 0 7 114 114 16 13 115 115 14 11 116 116 6 14 117 117 7 12 118 118 8 4 119 119 12 1 120 120 9 16 121 121 11 18 122 122 15 19 123 123 10 17 124 124 18 0 125 125 21 3 126 126 22 20 127 127 23 22 128 128 20 23 129 129 19 2 130 130 17 21 131 131</p>
        </triangles>
      </mesh>
    </geometry>
  </library_geometries>
  <library_controllers>
    <controller id="Armature_Face_Invalid-skin" name="Armature">
      <skin source="#Character_002-mesh">
        <bind_shape_matrix>1 0 0 -7.27596e-14 0 1 -2.8213e-7 -1.02079e-6 0 2.8213e-7 1 -1.16576e-6 0 0 0 1</bind_shape_matrix>
        <source id="Armature_Face_Invalid-skin-joints">
          <Name_array id="Armature_Face_Invalid-skin-joints-array" count="3">block wing_L wing_R</Name_array>
          <technique_common>
            <accessor source="#Armature_Face_Invalid-skin-joints-array" count="3" stride="1">
              <param name="JOINT" type="name"/>
            </accessor>
          </technique_common>
        </source>
        <source id="Armature_Face_Invalid-skin-bind_poses">
          <float_array id="Armature_Face_Invalid-skin-bind_poses-array" count="48">1 0 0 0 0 2.8213e-7 1 0.4680452 0 -1 2.8213e-7 0 0 0 0 1 1 0 0 -5.27961e-7 0 2.8213e-7 1 -11.18994 0 -1 2.8213e-7 4.521484 0 0 0 1 1 0 0 -5.27961e-7 0 2.8213e-7 1 -11.18994 0 -1 2.8213e-7 4.521484 0 0 0 1</float_array>
          <technique_common>
            <accessor source="#Armature_Face_Invalid-skin-bind_poses-array" count="3" stride="16">
              <param name="TRANSFORM" type="float4x4"/>
            </accessor>
          </technique_common>
        </source>
        <source id="Armature_Face_Invalid-skin-weights">
          <float_array id="Armature_Face_Invalid-skin-weights-array" count="36">0.9999998 2.3806e-7 0.9999997 2.81677e-7 0.9999996 3.66226e-7 0.9999998 1.49686e-7 0.9999998 1.35519e-7 1 1 1 1 1 0.9999997 2.47541e-7 1 0.9999998 1.41797e-7 0.9999989 1.11085e-6 0.9999995 5.58249e-7 0.9999998 1.42394e-7 1 0.9999998 2.25033e-7 1 1 1 1 0.9999995 4.6362e-7 1</float_array>
          <technique_common>
            <accessor source="#Armature_Face_Invalid-skin-weights-array" count="36" stride="1">
              <param name="WEIGHT" type="float"/>
            </accessor>
          </technique_common>
        </source>
        <joints>
          <input semantic="JOINT" source="#Armature_Face_Invalid-skin-joints"/>
          <input semantic="INV_BIND_MATRIX" source="#Armature_Face_Invalid-skin-bind_poses"/>
        </joints>
        <vertex_weights count="24">
          <input semantic="JOINT" source="#Armature_Face_Invalid-skin-joints" offset="0"/>
          <input semantic="WEIGHT" source="#Armature_Face_Invalid-skin-weights" offset="1"/>
          <vcount>2 2 2 2 2 1 1 1 1 1 2 1 2 2 2 2 1 2 1 1 1 1 2 1 </vcount>
          <v>0 0 2 1 0 2 2 3 0 4 2 5 0 6 2 7 0 8 2 9 0 10 0 11 0 12 0 13 0 14 0 15 2 16 0 17 0 18 1 19 0 20 1 21 0 22 1 23 0 24 1 25 0 26 0 27 1 28 0 29 0 30 0 31 0 32 0 33 1 34 0 35</v>
        </vertex_weights>
      </skin>
    </controller>
    <controller id="Armature_Wings-skin" name="Armature">
      <skin source="#Wing_001-mesh">
        <bind_shape_matrix>1 0 0 -3.63798e-14 0 1 2.8213e-7 5.05092e-7 0 -2.8213e-7 1 -2.38646e-6 0 0 0 1</bind_shape_matrix>
        <source id="Armature_Wings-skin-joints">
          <Name_array id="Armature_Wings-skin-joints-array" count="3">block wing_L wing_R</Name_array>
          <technique_common>
            <accessor source="#Armature_Wings-skin-joints-array" count="3" stride="1">
              <param name="JOINT" type="name"/>
            </accessor>
          </technique_common>
        </source>
        <source id="Armature_Wings-skin-bind_poses">
          <float_array id="Armature_Wings-skin-bind_poses-array" count="48">1 0 0 0 0 2.8213e-7 1 0.4680452 0 -1 2.8213e-7 0 0 0 0 1 1 0 0 -5.27961e-7 0 2.8213e-7 1 -11.18994 0 -1 2.8213e-7 4.521484 0 0 0 1 1 0 0 -5.27961e-7 0 2.8213e-7 1 -11.18994 0 -1 2.8213e-7 4.521484 0 0 0 1</float_array>
          <technique_common>
            <accessor source="#Armature_Wings-skin-bind_poses-array" count="3" stride="16">
              <param name="TRANSFORM" type="float4x4"/>
            </accessor>
          </technique_common>
        </source>
        <source id="Armature_Wings-skin-weights">
          <float_array id="Armature_Wings-skin-weights-array" count="12">1 1 1 1 1 1 1 1 1 1 1 1</float_array>
          <technique_common>
            <accessor source="#Armature_Wings-skin-weights-array" count="12" stride="1">
              <param name="WEIGHT" type="float"/>
            </accessor>
          </technique_common>
        </source>
        <joints>
          <input semantic="JOINT" source="#Armature_Wings-skin-joints"/>
          <input semantic="INV_BIND_MATRIX" source="#Armature_Wings-skin-bind_poses"/>
        </joints>
        <vertex_weights count="12">
          <input semantic="JOINT" source="#Armature_Wings-skin-joints" offset="0"/>
          <input semantic="WEIGHT" source="#Armature_Wings-skin-weights" offset="1"/>
          <vcount>1 1 1 1 1 1 1 1 1 1 1 1 </vcount>
          <v>1 0 1 1 1 2 1 3 1 4 1 5 2 6 2 7 2 8 2 9 2 10 2 11</v>
        </vertex_weights>
      </skin>
    </controller>
    <controller id="Armature_Face_Mario-skin" name="Armature">
      <skin source="#Character-mesh">
        <bind_shape_matrix>1 0 0 -7.27596e-14 0 1 -2.8213e-7 -1.02079e-6 0 2.8213e-7 1 -1.16576e-6 0 0 0 1</bind_shape_matrix>
        <source id="Armature_Face_Mario-skin-joints">
          <Name_array id="Armature_Face_Mario-skin-joints-array" count="3">block wing_L wing_R</Name_array>
          <technique_common>
            <accessor source="#Armature_Face_Mario-skin-joints-array" count="3" stride="1">
              <param name="JOINT" type="name"/>
            </accessor>
          </technique_common>
        </source>
        <source id="Armature_Face_Mario-skin-bind_poses">
          <float_array id="Armature_Face_Mario-skin-bind_poses-array" count="48">1 0 0 0 0 2.8213e-7 1 0.4680452 0 -1 2.8213e-7 0 0 0 0 1 1 0 0 -5.27961e-7 0 2.8213e-7 1 -11.18994 0 -1 2.8213e-7 4.521484 0 0 0 1 1 0 0 -5.27961e-7 0 2.8213e-7 1 -11.18994 0 -1 2.8213e-7 4.521484 0 0 0 1</float_array>
          <technique_common>
            <accessor source="#Armature_Face_Mario-skin-bind_poses-array" count="3" stride="16">
              <param name="TRANSFORM" type="float4x4"/>
            </accessor>
          </technique_common>
        </source>
        <source id="Armature_Face_Mario-skin-weights">
          <float_array id="Armature_Face_Mario-skin-weights-array" count="93">1 1 0.9999998 1.69661e-7 1 1 1 1 1 1 1 1 1 1 1 1 1 1 1 1 1 1 1 1 1 1 1 1 1 1 1 1 1 1 1 1 1 1 1 1 1 1 1 1 1 1 1 1 1 1 1 1 1 1 1 1 1 0.9999998 2.3806e-7 0.9999997 2.81677e-7 0.9999996 3.66226e-7 0.9999998 1.49686e-7 0.9999998 1.35519e-7 1 1 1 1 1 0.9999997 2.47541e-7 1 0.9999998 1.41797e-7 0.9999989 1.11085e-6 0.9999995 5.58249e-7 0.9999998 1.42394e-7 1 0.9999998 2.25033e-7 1 1 1 1 0.9999995 4.6362e-7 1</float_array>
          <technique_common>
            <accessor source="#Armature_Face_Mario-skin-weights-array" count="93" stride="1">
              <param name="WEIGHT" type="float"/>
            </accessor>
          </technique_common>
        </source>
        <joints>
          <input semantic="JOINT" source="#Armature_Face_Mario-skin-joints"/>
          <input semantic="INV_BIND_MATRIX" source="#Armature_Face_Mario-skin-bind_poses"/>
        </joints>
        <vertex_weights count="80">
          <input semantic="JOINT" source="#Armature_Face_Mario-skin-joints" offset="0"/>
          <input semantic="WEIGHT" source="#Armature_Face_Mario-skin-weights" offset="1"/>
          <vcount>1 1 2 1 1 1 1 1 1 1 1 1 1 1 1 1 1 1 1 1 1 1 1 1 1 1 1 1 1 1 1 1 1 1 1 1 1 1 1 1 1 1 1 1 1 1 1 1 1 1 1 1 1 1 1 1 2 2 2 2 2 1 1 1 1 1 2 1 2 2 2 2 1 2 1 1 1 1 2 1 </vcount>
          <v>0 0 0 1 0 2 1 3 0 4 0 5 0 6 0 7 0 8 0 9 0 10 0 11 0 12 0 13 0 14 0 15 0 16 0 17 0 18 0 19 0 20 0 21 0 22 0 23 0 24 0 25 0 26 0 27 0 28 0 29 0 30 0 31 0 32 0 33 0 34 0 35 0 36 0 37 0 38 0 39 0 40 0 41 0 42 0 43 0 44 0 45 0 46 0 47 0 48 0 49 0 50 0 51 0 52 0 53 0 54 0 55 0 56 0 57 2 58 0 59 2 60 0 61 2 62 0 63 2 64 0 65 2 66 0 67 0 68 0 69 0 70 0 71 0 72 2 73 0 74 0 75 1 76 0 77 1 78 0 79 1 80 0 81 1 82 0 83 0 84 1 85 0 86 0 87 0 88 0 89 0 90 1 91 0 92</v>
        </vertex_weights>
      </skin>
    </controller>
    <controller id="Armature_Face_Luigi-skin" name="Armature">
      <skin source="#Character_001-mesh">
        <bind_shape_matrix>1 0 0 0 0 1 0 5.05092e-7 0 0 1 -1.16576e-6 0 0 0 1</bind_shape_matrix>
        <source id="Armature_Face_Luigi-skin-joints">
          <Name_array id="Armature_Face_Luigi-skin-joints-array" count="3">block wing_L wing_R</Name_array>
          <technique_common>
            <accessor source="#Armature_Face_Luigi-skin-joints-array" count="3" stride="1">
              <param name="JOINT" type="name"/>
            </accessor>
          </technique_common>
        </source>
        <source id="Armature_Face_Luigi-skin-bind_poses">
          <float_array id="Armature_Face_Luigi-skin-bind_poses-array" count="48">1 0 0 0 0 2.8213e-7 1 0.4680452 0 -1 2.8213e-7 0 0 0 0 1 1 0 0 -5.27961e-7 0 2.8213e-7 1 -11.18994 0 -1 2.8213e-7 4.521484 0 0 0 1 1 0 0 -5.27961e-7 0 2.8213e-7 1 -11.18994 0 -1 2.8213e-7 4.521484 0 0 0 1</float_array>
          <technique_common>
            <accessor source="#Armature_Face_Luigi-skin-bind_poses-array" count="3" stride="16">
              <param name="TRANSFORM" type="float4x4"/>
            </accessor>
          </technique_common>
        </source>
        <source id="Armature_Face_Luigi-skin-weights">
          <float_array id="Armature_Face_Luigi-skin-weights-array" count="76">1 1 1 1 1 1 1 1 1 1 1 1 1 1 1 1 1 1 1 1 1 1 1 1 1 1 1 1 1 1 1 1 1 1 1 1 1 1 1 1 1 1 1 1 1 1 1 1 1 1 1 1 1 1 1 1 1 1 1 1 1 1 1 1 1 1 1 1 1 1 1 1 1 1 1 1</float_array>
          <technique_common>
            <accessor source="#Armature_Face_Luigi-skin-weights-array" count="76" stride="1">
              <param name="WEIGHT" type="float"/>
            </accessor>
          </technique_common>
        </source>
        <joints>
          <input semantic="JOINT" source="#Armature_Face_Luigi-skin-joints"/>
          <input semantic="INV_BIND_MATRIX" source="#Armature_Face_Luigi-skin-bind_poses"/>
        </joints>
        <vertex_weights count="76">
          <input semantic="JOINT" source="#Armature_Face_Luigi-skin-joints" offset="0"/>
          <input semantic="WEIGHT" source="#Armature_Face_Luigi-skin-weights" offset="1"/>
          <vcount>1 1 1 1 1 1 1 1 1 1 1 1 1 1 1 1 1 1 1 1 1 1 1 1 1 1 1 1 1 1 1 1 1 1 1 1 1 1 1 1 1 1 1 1 1 1 1 1 1 1 1 1 1 1 1 1 1 1 1 1 1 1 1 1 1 1 1 1 1 1 1 1 1 1 1 1 </vcount>
          <v>0 0 0 1 0 2 0 3 0 4 0 5 0 6 0 7 0 8 0 9 0 10 0 11 0 12 0 13 0 14 0 15 0 16 0 17 0 18 0 19 0 20 0 21 0 22 0 23 0 24 0 25 0 26 0 27 0 28 0 29 0 30 0 31 0 32 0 33 0 34 0 35 0 36 0 37 0 38 0 39 0 40 0 41 0 42 0 43 0 44 0 45 0 46 0 47 0 48 0 49 0 50 0 51 0 52 0 53 0 54 0 55 0 56 0 57 0 58 0 59 0 60 0 61 0 62 0 63 0 64 0 65 0 66 0 67 0 68 0 69 0 70 0 71 0 72 0 73 0 74 0 75</v>
        </vertex_weights>
      </skin>
    </controller>
    <controller id="Armature_Block-skin" name="Armature">
      <skin source="#Block-mesh">
        <bind_shape_matrix>1 0 0 -7.27596e-14 0 1 0 1.99916e-7 0 0 1 -1.16576e-6 0 0 0 1</bind_shape_matrix>
        <source id="Armature_Block-skin-joints">
          <Name_array id="Armature_Block-skin-joints-array" count="3">block wing_L wing_R</Name_array>
          <technique_common>
            <accessor source="#Armature_Block-skin-joints-array" count="3" stride="1">
              <param name="JOINT" type="name"/>
            </accessor>
          </technique_common>
        </source>
        <source id="Armature_Block-skin-bind_poses">
          <float_array id="Armature_Block-skin-bind_poses-array" count="48">1 0 0 0 0 2.8213e-7 1 0.4680452 0 -1 2.8213e-7 0 0 0 0 1 1 0 0 -5.27961e-7 0 2.8213e-7 1 -11.18994 0 -1 2.8213e-7 4.521484 0 0 0 1 1 0 0 -5.27961e-7 0 2.8213e-7 1 -11.18994 0 -1 2.8213e-7 4.521484 0 0 0 1</float_array>
          <technique_common>
            <accessor source="#Armature_Block-skin-bind_poses-array" count="3" stride="16">
              <param name="TRANSFORM" type="float4x4"/>
            </accessor>
          </technique_common>
        </source>
        <source id="Armature_Block-skin-weights">
          <float_array id="Armature_Block-skin-weights-array" count="27">1 1 1 1 1 1 1 1 1 1 1 1 1 1 1 1 1 0.9999997 2.46507e-7 1 0.9999996 3.86181e-7 0.9999996 3.73534e-7 1 1 1</float_array>
          <technique_common>
            <accessor source="#Armature_Block-skin-weights-array" count="27" stride="1">
              <param name="WEIGHT" type="float"/>
            </accessor>
          </technique_common>
        </source>
        <joints>
          <input semantic="JOINT" source="#Armature_Block-skin-joints"/>
          <input semantic="INV_BIND_MATRIX" source="#Armature_Block-skin-bind_poses"/>
        </joints>
        <vertex_weights count="24">
          <input semantic="JOINT" source="#Armature_Block-skin-joints" offset="0"/>
          <input semantic="WEIGHT" source="#Armature_Block-skin-weights" offset="1"/>
          <vcount>1 1 1 1 1 1 1 1 1 1 1 1 1 1 1 1 1 2 1 2 2 1 1 1 </vcount>
          <v>0 0 0 1 0 2 0 3 0 4 0 5 0 6 0 7 0 8 0 9 0 10 0 11 0 12 0 13 0 14 0 15 0 16 0 17 1 18 0 19 0 20 1 21 0 22 1 23 0 24 0 25 0 26</v>
        </vertex_weights>
      </skin>
    </controller>
  </library_controllers>
  <library_animations>
    <animation id="action_container-Armature" name="Armature">
      <animation id="Armature_ArmatureAction_wing_L_pose_matrix" name="Armature">
        <source id="Armature_ArmatureAction_wing_L_pose_matrix-input">
          <float_array id="Armature_ArmatureAction_wing_L_pose_matrix-input-array" count="250">0.04166662 0.08333331 0.125 0.1666666 0.2083333 0.25 0.2916666 0.3333333 0.375 0.4166666 0.4583333 0.5 0.5416667 0.5833333 0.625 0.6666667 0.7083333 0.75 0.7916667 0.8333333 0.875 0.9166667 0.9583333 1 1.041667 1.083333 1.125 1.166667 1.208333 1.25 1.291667 1.333333 1.375 1.416667 1.458333 1.5 1.541667 1.583333 1.625 1.666667 1.708333 1.75 1.791667 1.833333 1.875 1.916667 1.958333 2 2.041667 2.083333 2.125 2.166667 2.208333 2.25 2.291667 2.333333 2.375 2.416667 2.458333 2.5 2.541667 2.583333 2.625 2.666667 2.708333 2.75 2.791667 2.833333 2.875 2.916667 2.958333 3 3.041667 3.083333 3.125 3.166667 3.208333 3.25 3.291667 3.333333 3.375 3.416667 3.458333 3.5 3.541667 3.583333 3.625 3.666667 3.708333 3.75 3.791667 3.833333 3.875 3.916667 3.958333 4 4.041666 4.083333 4.125 4.166666 4.208333 4.25 4.291666 4.333333 4.375 4.416666 4.458333 4.5 4.541666 4.583333 4.625 4.666666 4.708333 4.75 4.791666 4.833333 4.875 4.916666 4.958333 5 5.041666 5.083333 5.125 5.166666 5.208333 5.25 5.291666 5.333333 5.375 5.416666 5.458333 5.5 5.541666 5.583333 5.625 5.666666 5.708333 5.75 5.791666 5.833333 5.875 5.916666 5.958333 6 6.041666 6.083333 6.125 6.166666 6.208333 6.25 6.291666 6.333333 6.375 6.416666 6.458333 6.5 6.541666 6.583333 6.625 6.666666 6.708333 6.75 6.791666 6.833333 6.875 6.916666 6.958333 7 7.041666 7.083333 7.125 7.166666 7.208333 7.25 7.291666 7.333333 7.375 7.416666 7.458333 7.5 7.541666 7.583333 7.625 7.666666 7.708333 7.75 7.791666 7.833333 7.875 7.916666 7.958333 8 8.041667 8.083333 8.125 8.166667 8.208333 8.25 8.291667 8.333333 8.375 8.416667 8.458333 8.5 8.541667 8.583333 8.625 8.666667 8.708333 8.75 8.791667 8.833333 8.875 8.916667 8.958333 9 9.041667 9.083333 9.125 9.166667 9.208333 9.25 9.291667 9.333333 9.375 9.416667 9.458333 9.5 9.541667 9.583333 9.625 9.666667 9.708333 9.75 9.791667 9.833333 9.875 9.916667 9.958333 10 10.04167 10.08333 10.125 10.16667 10.20833 10.25 10.29167 10.33333 10.375 10.41667</float_array>
          <technique_common>
            <accessor source="#Armature_ArmatureAction_wing_L_pose_matrix-input-array" count="250" stride="1">
              <param name="TIME" type="float"/>
            </accessor>
          </technique_common>
        </source>
        <source id="Armature_ArmatureAction_wing_L_pose_matrix-output">
          <float_array id="Armature_ArmatureAction_wing_L_pose_matrix-output-array" count="4000">0.928889 0.2416795 -0.280635 -7.83341e-7 -0.1694228 0.9510952 0.2582901 11.65799 0.329334 -0.1923769 0.924408 -4.521485 0 0 0 1 0.9974169 0.0176232 0.0696335 2.5974e-7 -0.05467305 0.815012 0.5768589 11.65799 -0.04658604 -0.579176 0.8138703 -4.521485 0 0 0 1 0.8617502 -0.1557328 0.482839 1.24322e-6 0.1658004 0.9859121 0.02207834 11.65799 -0.4794752 0.0610289 0.8754305 -4.521484 0 0 0 1 0.7551777 0.345789 0.556899 2.19689e-6 0.2786761 0.5996097 -0.7502051 11.65799 -0.5933348 0.7217327 0.3564489 -4.521485 0 0 0 1 0.9372193 0.262968 0.2290577 1.0048e-6 0.243438 -0.02300874 -0.9696435 11.65798 -0.2497149 0.9645302 -0.08558065 -4.521486 0 0 0 1 0.9704221 -0.1819537 -0.1586606 -6.64132e-7 -0.0274999 0.5696216 -0.8214468 11.65799 0.2398417 0.8015137 0.5477698 -4.521483 0 0 0 1 0.9704221 -0.1819537 -0.1586606 -6.64132e-7 -0.0274999 0.5696216 -0.8214468 11.65799 0.2398417 0.8015137 0.5477698 -4.521483 0 0 0 1 0.9704221 -0.1819537 -0.1586606 -6.64132e-7 -0.0274999 0.5696216 -0.8214468 11.65799 0.2398417 0.8015137 0.5477698 -4.521483 0 0 0 1 0.9704221 -0.1819537 -0.1586606 -6.64132e-7 -0.0274999 0.5696216 -0.8214468 11.65799 0.2398417 0.8015137 0.5477698 -4.521483 0 0 0 1 0.9704221 -0.1819537 -0.1586606 -6.64132e-7 -0.0274999 0.5696216 -0.8214468 11.65799 0.2398417 0.8015137 0.5477698 -4.521483 0 0 0 1 0.9704221 -0.1819537 -0.1586606 -6.64132e-7 -0.0274999 0.5696216 -0.8214468 11.65799 0.2398417 0.8015137 0.5477698 -4.521483 0 0 0 1 0.9704221 -0.1819537 -0.1586606 -6.64132e-7 -0.0274999 0.5696216 -0.8214468 11.65799 0.2398417 0.8015137 0.5477698 -4.521483 0 0 0 1 0.9704221 -0.1819537 -0.1586606 -6.64132e-7 -0.0274999 0.5696216 -0.8214468 11.65799 0.2398417 0.8015137 0.5477698 -4.521483 0 0 0 1 0.9704221 -0.1819537 -0.1586606 -6.64132e-7 -0.0274999 0.5696216 -0.8214468 11.65799 0.2398417 0.8015137 0.5477698 -4.521483 0 0 0 1 0.9704221 -0.1819537 -0.1586606 -6.64132e-7 -0.0274999 0.5696216 -0.8214468 11.65799 0.2398417 0.8015137 0.5477698 -4.521483 0 0 0 1 0.9704221 -0.1819537 -0.1586606 -6.64132e-7 -0.0274999 0.5696216 -0.8214468 11.65799 0.2398417 0.8015137 0.5477698 -4.521483 0 0 0 1 0.9704221 -0.1819537 -0.1586606 -6.64132e-7 -0.0274999 0.5696216 -0.8214468 11.65799 0.2398417 0.8015137 0.5477698 -4.521483 0 0 0 1 0.9704221 -0.1819537 -0.1586606 -6.64132e-7 -0.0274999 0.5696216 -0.8214468 11.65799 0.2398417 0.8015137 0.5477698 -4.521483 0 0 0 1 0.9704221 -0.1819537 -0.1586606 -6.64132e-7 -0.0274999 0.5696216 -0.8214468 11.65799 0.2398417 0.8015137 0.5477698 -4.521483 0 0 0 1 0.9704221 -0.1819537 -0.1586606 -6.64132e-7 -0.0274999 0.5696216 -0.8214468 11.65799 0.2398417 0.8015137 0.5477698 -4.521483 0 0 0 1 0.9704221 -0.1819537 -0.1586606 -6.64132e-7 -0.0274999 0.5696216 -0.8214468 11.65799 0.2398417 0.8015137 0.5477698 -4.521483 0 0 0 1 0.9704221 -0.1819537 -0.1586606 -6.64132e-7 -0.0274999 0.5696216 -0.8214468 11.65799 0.2398417 0.8015137 0.5477698 -4.521483 0 0 0 1 0.9704221 -0.1819537 -0.1586606 -6.64132e-7 -0.0274999 0.5696216 -0.8214468 11.65799 0.2398417 0.8015137 0.5477698 -4.521483 0 0 0 1 0.9704221 -0.1819537 -0.1586606 -6.64132e-7 -0.0274999 0.5696216 -0.8214468 11.65799 0.2398417 0.8015137 0.5477698 -4.521483 0 0 0 1 0.9704221 -0.1819537 -0.1586606 -6.64132e-7 -0.0274999 0.5696216 -0.8214468 11.65799 0.2398417 0.8015137 0.5477698 -4.521483 0 0 0 1 0.9704221 -0.1819537 -0.1586606 -6.64132e-7 -0.0274999 0.5696216 -0.8214468 11.65799 0.2398417 0.8015137 0.5477698 -4.521483 0 0 0 1 0.9704221 -0.1819537 -0.1586606 -6.64132e-7 -0.0274999 0.5696216 -0.8214468 11.65799 0.2398417 0.8015137 0.5477698 -4.521483 0 0 0 1 0.9704221 -0.1819537 -0.1586606 -6.64132e-7 -0.0274999 0.5696216 -0.8214468 11.65799 0.2398417 0.8015137 0.5477698 -4.521483 0 0 0 1 0.9704221 -0.1819537 -0.1586606 -6.64132e-7 -0.0274999 0.5696216 -0.8214468 11.65799 0.2398417 0.8015137 0.5477698 -4.521483 0 0 0 1 0.9704221 -0.1819537 -0.1586606 -6.64132e-7 -0.0274999 0.5696216 -0.8214468 11.65799 0.2398417 0.8015137 0.5477698 -4.521483 0 0 0 1 0.9704221 -0.1819537 -0.1586606 -6.64132e-7 -0.0274999 0.5696216 -0.8214468 11.65799 0.2398417 0.8015137 0.5477698 -4.521483 0 0 0 1 0.9704221 -0.1819537 -0.1586606 -6.64132e-7 -0.0274999 0.5696216 -0.8214468 11.65799 0.2398417 0.8015137 0.5477698 -4.521483 0 0 0 1 0.9704221 -0.1819537 -0.1586606 -6.64132e-7 -0.0274999 0.5696216 -0.8214468 11.65799 0.2398417 0.8015137 0.5477698 -4.521483 0 0 0 1 0.9704221 -0.1819537 -0.1586606 -6.64132e-7 -0.0274999 0.5696216 -0.8214468 11.65799 0.2398417 0.8015137 0.5477698 -4.521483 0 0 0 1 0.9704221 -0.1819537 -0.1586606 -6.64132e-7 -0.0274999 0.5696216 -0.8214468 11.65799 0.2398417 0.8015137 0.5477698 -4.521483 0 0 0 1 0.9704221 -0.1819537 -0.1586606 -6.64132e-7 -0.0274999 0.5696216 -0.8214468 11.65799 0.2398417 0.8015137 0.5477698 -4.521483 0 0 0 1 0.9704221 -0.1819537 -0.1586606 -6.64132e-7 -0.0274999 0.5696216 -0.8214468 11.65799 0.2398417 0.8015137 0.5477698 -4.521483 0 0 0 1 0.9704221 -0.1819537 -0.1586606 -6.64132e-7 -0.0274999 0.5696216 -0.8214468 11.65799 0.2398417 0.8015137 0.5477698 -4.521483 0 0 0 1 0.9704221 -0.1819537 -0.1586606 -6.64132e-7 -0.0274999 0.5696216 -0.8214468 11.65799 0.2398417 0.8015137 0.5477698 -4.521483 0 0 0 1 0.9704221 -0.1819537 -0.1586606 -6.64132e-7 -0.0274999 0.5696216 -0.8214468 11.65799 0.2398417 0.8015137 0.5477698 -4.521483 0 0 0 1 0.9704221 -0.1819537 -0.1586606 -6.64132e-7 -0.0274999 0.5696216 -0.8214468 11.65799 0.2398417 0.8015137 0.5477698 -4.521483 0 0 0 1 0.9704221 -0.1819537 -0.1586606 -6.64132e-7 -0.0274999 0.5696216 -0.8214468 11.65799 0.2398417 0.8015137 0.5477698 -4.521483 0 0 0 1 0.9704221 -0.1819537 -0.1586606 -6.64132e-7 -0.0274999 0.5696216 -0.8214468 11.65799 0.2398417 0.8015137 0.5477698 -4.521483 0 0 0 1 0.9704221 -0.1819537 -0.1586606 -6.64132e-7 -0.0274999 0.5696216 -0.8214468 11.65799 0.2398417 0.8015137 0.5477698 -4.521483 0 0 0 1 0.9704221 -0.1819537 -0.1586606 -6.64132e-7 -0.0274999 0.5696216 -0.8214468 11.65799 0.2398417 0.8015137 0.5477698 -4.521483 0 0 0 1 0.9704221 -0.1819537 -0.1586606 -6.64132e-7 -0.0274999 0.5696216 -0.8214468 11.65799 0.2398417 0.8015137 0.5477698 -4.521483 0 0 0 1 0.9704221 -0.1819537 -0.1586606 -6.64132e-7 -0.0274999 0.5696216 -0.8214468 11.65799 0.2398417 0.8015137 0.5477698 -4.521483 0 0 0 1 0.9704221 -0.1819537 -0.1586606 -6.64132e-7 -0.0274999 0.5696216 -0.8214468 11.65799 0.2398417 0.8015137 0.5477698 -4.521483 0 0 0 1 0.9704221 -0.1819537 -0.1586606 -6.64132e-7 -0.0274999 0.5696216 -0.8214468 11.65799 0.2398417 0.8015137 0.5477698 -4.521483 0 0 0 1 0.9704221 -0.1819537 -0.1586606 -6.64132e-7 -0.0274999 0.5696216 -0.8214468 11.65799 0.2398417 0.8015137 0.5477698 -4.521483 0 0 0 1 0.9704221 -0.1819537 -0.1586606 -6.64132e-7 -0.0274999 0.5696216 -0.8214468 11.65799 0.2398417 0.8015137 0.5477698 -4.521483 0 0 0 1 0.9704221 -0.1819537 -0.1586606 -6.64132e-7 -0.0274999 0.5696216 -0.8214468 11.65799 0.2398417 0.8015137 0.5477698 -4.521483 0 0 0 1 0.9704221 -0.1819537 -0.1586606 -6.64132e-7 -0.0274999 0.5696216 -0.8214468 11.65799 0.2398417 0.8015137 0.5477698 -4.521483 0 0 0 1 0.9704221 -0.1819537 -0.1586606 -6.64132e-7 -0.0274999 0.5696216 -0.8214468 11.65799 0.2398417 0.8015137 0.5477698 -4.521483 0 0 0 1 0.9704221 -0.1819537 -0.1586606 -6.64132e-7 -0.0274999 0.5696216 -0.8214468 11.65799 0.2398417 0.8015137 0.5477698 -4.521483 0 0 0 1 0.9704221 -0.1819537 -0.1586606 -6.64132e-7 -0.0274999 0.5696216 -0.8214468 11.65799 0.2398417 0.8015137 0.5477698 -4.521483 0 0 0 1 0.9704221 -0.1819537 -0.1586606 -6.64132e-7 -0.0274999 0.5696216 -0.8214468 11.65799 0.2398417 0.8015137 0.5477698 -4.521483 0 0 0 1 0.9704221 -0.1819537 -0.1586606 -6.64132e-7 -0.0274999 0.5696216 -0.8214468 11.65799 0.2398417 0.8015137 0.5477698 -4.521483 0 0 0 1 0.9704221 -0.1819537 -0.1586606 -6.64132e-7 -0.0274999 0.5696216 -0.8214468 11.65799 0.2398417 0.8015137 0.5477698 -4.521483 0 0 0 1 0.9704221 -0.1819537 -0.1586606 -6.64132e-7 -0.0274999 0.5696216 -0.8214468 11.65799 0.2398417 0.8015137 0.5477698 -4.521483 0 0 0 1 0.9704221 -0.1819537 -0.1586606 -6.64132e-7 -0.0274999 0.5696216 -0.8214468 11.65799 0.2398417 0.8015137 0.5477698 -4.521483 0 0 0 1 0.9704221 -0.1819537 -0.1586606 -6.64132e-7 -0.0274999 0.5696216 -0.8214468 11.65799 0.2398417 0.8015137 0.5477698 -4.521483 0 0 0 1 0.9704221 -0.1819537 -0.1586606 -6.64132e-7 -0.0274999 0.5696216 -0.8214468 11.65799 0.2398417 0.8015137 0.5477698 -4.521483 0 0 0 1 0.9704221 -0.1819537 -0.1586606 -6.64132e-7 -0.0274999 0.5696216 -0.8214468 11.65799 0.2398417 0.8015137 0.5477698 -4.521483 0 0 0 1 0.9704221 -0.1819537 -0.1586606 -6.64132e-7 -0.0274999 0.5696216 -0.8214468 11.65799 0.2398417 0.8015137 0.5477698 -4.521483 0 0 0 1 0.9704221 -0.1819537 -0.1586606 -6.64132e-7 -0.0274999 0.5696216 -0.8214468 11.65799 0.2398417 0.8015137 0.5477698 -4.521483 0 0 0 1 0.9704221 -0.1819537 -0.1586606 -6.64132e-7 -0.0274999 0.5696216 -0.8214468 11.65799 0.2398417 0.8015137 0.5477698 -4.521483 0 0 0 1 0.9704221 -0.1819537 -0.1586606 -6.64132e-7 -0.0274999 0.5696216 -0.8214468 11.65799 0.2398417 0.8015137 0.5477698 -4.521483 0 0 0 1 0.9704221 -0.1819537 -0.1586606 -6.64132e-7 -0.0274999 0.5696216 -0.8214468 11.65799 0.2398417 0.8015137 0.5477698 -4.521483 0 0 0 1 0.9704221 -0.1819537 -0.1586606 -6.64132e-7 -0.0274999 0.5696216 -0.8214468 11.65799 0.2398417 0.8015137 0.5477698 -4.521483 0 0 0 1 0.9704221 -0.1819537 -0.1586606 -6.64132e-7 -0.0274999 0.5696216 -0.8214468 11.65799 0.2398417 0.8015137 0.5477698 -4.521483 0 0 0 1 0.9704221 -0.1819537 -0.1586606 -6.64132e-7 -0.0274999 0.5696216 -0.8214468 11.65799 0.2398417 0.8015137 0.5477698 -4.521483 0 0 0 1 0.9704221 -0.1819537 -0.1586606 -6.64132e-7 -0.0274999 0.5696216 -0.8214468 11.65799 0.2398417 0.8015137 0.5477698 -4.521483 0 0 0 1 0.9704221 -0.1819537 -0.1586606 -6.64132e-7 -0.0274999 0.5696216 -0.8214468 11.65799 0.2398417 0.8015137 0.5477698 -4.521483 0 0 0 1 0.9704221 -0.1819537 -0.1586606 -6.64132e-7 -0.0274999 0.5696216 -0.8214468 11.65799 0.2398417 0.8015137 0.5477698 -4.521483 0 0 0 1 0.9704221 -0.1819537 -0.1586606 -6.64132e-7 -0.0274999 0.5696216 -0.8214468 11.65799 0.2398417 0.8015137 0.5477698 -4.521483 0 0 0 1 0.9704221 -0.1819537 -0.1586606 -6.64132e-7 -0.0274999 0.5696216 -0.8214468 11.65799 0.2398417 0.8015137 0.5477698 -4.521483 0 0 0 1 0.9704221 -0.1819537 -0.1586606 -6.64132e-7 -0.0274999 0.5696216 -0.8214468 11.65799 0.2398417 0.8015137 0.5477698 -4.521483 0 0 0 1 0.9704221 -0.1819537 -0.1586606 -6.64132e-7 -0.0274999 0.5696216 -0.8214468 11.65799 0.2398417 0.8015137 0.5477698 -4.521483 0 0 0 1 0.9704221 -0.1819537 -0.1586606 -6.64132e-7 -0.0274999 0.5696216 -0.8214468 11.65799 0.2398417 0.8015137 0.5477698 -4.521483 0 0 0 1 0.9704221 -0.1819537 -0.1586606 -6.64132e-7 -0.0274999 0.5696216 -0.8214468 11.65799 0.2398417 0.8015137 0.5477698 -4.521483 0 0 0 1 0.9704221 -0.1819537 -0.1586606 -6.64132e-7 -0.0274999 0.5696216 -0.8214468 11.65799 0.2398417 0.8015137 0.5477698 -4.521483 0 0 0 1 0.9704221 -0.1819537 -0.1586606 -6.64132e-7 -0.0274999 0.5696216 -0.8214468 11.65799 0.2398417 0.8015137 0.5477698 -4.521483 0 0 0 1 0.9704221 -0.1819537 -0.1586606 -6.64132e-7 -0.0274999 0.5696216 -0.8214468 11.65799 0.2398417 0.8015137 0.5477698 -4.521483 0 0 0 1 0.9704221 -0.1819537 -0.1586606 -6.64132e-7 -0.0274999 0.5696216 -0.8214468 11.65799 0.2398417 0.8015137 0.5477698 -4.521483 0 0 0 1 0.9704221 -0.1819537 -0.1586606 -6.64132e-7 -0.0274999 0.5696216 -0.8214468 11.65799 0.2398417 0.8015137 0.5477698 -4.521483 0 0 0 1 0.9704221 -0.1819537 -0.1586606 -6.64132e-7 -0.0274999 0.5696216 -0.8214468 11.65799 0.2398417 0.8015137 0.5477698 -4.521483 0 0 0 1 0.9704221 -0.1819537 -0.1586606 -6.64132e-7 -0.0274999 0.5696216 -0.8214468 11.65799 0.2398417 0.8015137 0.5477698 -4.521483 0 0 0 1 0.9704221 -0.1819537 -0.1586606 -6.64132e-7 -0.0274999 0.5696216 -0.8214468 11.65799 0.2398417 0.8015137 0.5477698 -4.521483 0 0 0 1 0.9704221 -0.1819537 -0.1586606 -6.64132e-7 -0.0274999 0.5696216 -0.8214468 11.65799 0.2398417 0.8015137 0.5477698 -4.521483 0 0 0 1 0.9704221 -0.1819537 -0.1586606 -6.64132e-7 -0.0274999 0.5696216 -0.8214468 11.65799 0.2398417 0.8015137 0.5477698 -4.521483 0 0 0 1 0.9704221 -0.1819537 -0.1586606 -6.64132e-7 -0.0274999 0.5696216 -0.8214468 11.65799 0.2398417 0.8015137 0.5477698 -4.521483 0 0 0 1 0.9704221 -0.1819537 -0.1586606 -6.64132e-7 -0.0274999 0.5696216 -0.8214468 11.65799 0.2398417 0.8015137 0.5477698 -4.521483 0 0 0 1 0.9704221 -0.1819537 -0.1586606 -6.64132e-7 -0.0274999 0.5696216 -0.8214468 11.65799 0.2398417 0.8015137 0.5477698 -4.521483 0 0 0 1 0.9704221 -0.1819537 -0.1586606 -6.64132e-7 -0.0274999 0.5696216 -0.8214468 11.65799 0.2398417 0.8015137 0.5477698 -4.521483 0 0 0 1 0.9704221 -0.1819537 -0.1586606 -6.64132e-7 -0.0274999 0.5696216 -0.8214468 11.65799 0.2398417 0.8015137 0.5477698 -4.521483 0 0 0 1 0.9704221 -0.1819537 -0.1586606 -6.64132e-7 -0.0274999 0.5696216 -0.8214468 11.65799 0.2398417 0.8015137 0.5477698 -4.521483 0 0 0 1 0.9704221 -0.1819537 -0.1586606 -6.64132e-7 -0.0274999 0.5696216 -0.8214468 11.65799 0.2398417 0.8015137 0.5477698 -4.521483 0 0 0 1 0.9704221 -0.1819537 -0.1586606 -6.64132e-7 -0.0274999 0.5696216 -0.8214468 11.65799 0.2398417 0.8015137 0.5477698 -4.521483 0 0 0 1 0.9704221 -0.1819537 -0.1586606 -6.64132e-7 -0.0274999 0.5696216 -0.8214468 11.65799 0.2398417 0.8015137 0.5477698 -4.521483 0 0 0 1 0.9704221 -0.1819537 -0.1586606 -6.64132e-7 -0.0274999 0.5696216 -0.8214468 11.65799 0.2398417 0.8015137 0.5477698 -4.521483 0 0 0 1 0.9704221 -0.1819537 -0.1586606 -6.64132e-7 -0.0274999 0.5696216 -0.8214468 11.65799 0.2398417 0.8015137 0.5477698 -4.521483 0 0 0 1 0.9704221 -0.1819537 -0.1586606 -6.64132e-7 -0.0274999 0.5696216 -0.8214468 11.65799 0.2398417 0.8015137 0.5477698 -4.521483 0 0 0 1 0.9704221 -0.1819537 -0.1586606 -6.64132e-7 -0.0274999 0.5696216 -0.8214468 11.65799 0.2398417 0.8015137 0.5477698 -4.521483 0 0 0 1 0.9704221 -0.1819537 -0.1586606 -6.64132e-7 -0.0274999 0.5696216 -0.8214468 11.65799 0.2398417 0.8015137 0.5477698 -4.521483 0 0 0 1 0.9704221 -0.1819537 -0.1586606 -6.64132e-7 -0.0274999 0.5696216 -0.8214468 11.65799 0.2398417 0.8015137 0.5477698 -4.521483 0 0 0 1 0.9704221 -0.1819537 -0.1586606 -6.64132e-7 -0.0274999 0.5696216 -0.8214468 11.65799 0.2398417 0.8015137 0.5477698 -4.521483 0 0 0 1 0.9704221 -0.1819537 -0.1586606 -6.64132e-7 -0.0274999 0.5696216 -0.8214468 11.65799 0.2398417 0.8015137 0.5477698 -4.521483 0 0 0 1 0.9704221 -0.1819537 -0.1586606 -6.64132e-7 -0.0274999 0.5696216 -0.8214468 11.65799 0.2398417 0.8015137 0.5477698 -4.521483 0 0 0 1 0.9704221 -0.1819537 -0.1586606 -6.64132e-7 -0.0274999 0.5696216 -0.8214468 11.65799 0.2398417 0.8015137 0.5477698 -4.521483 0 0 0 1 0.9704221 -0.1819537 -0.1586606 -6.64132e-7 -0.0274999 0.5696216 -0.8214468 11.65799 0.2398417 0.8015137 0.5477698 -4.521483 0 0 0 1 0.9704221 -0.1819537 -0.1586606 -6.64132e-7 -0.0274999 0.5696216 -0.8214468 11.65799 0.2398417 0.8015137 0.5477698 -4.521483 0 0 0 1 0.9704221 -0.1819537 -0.1586606 -6.64132e-7 -0.0274999 0.5696216 -0.8214468 11.65799 0.2398417 0.8015137 0.5477698 -4.521483 0 0 0 1 0.9704221 -0.1819537 -0.1586606 -6.64132e-7 -0.0274999 0.5696216 -0.8214468 11.65799 0.2398417 0.8015137 0.5477698 -4.521483 0 0 0 1 0.9704221 -0.1819537 -0.1586606 -6.64132e-7 -0.0274999 0.5696216 -0.8214468 11.65799 0.2398417 0.8015137 0.5477698 -4.521483 0 0 0 1 0.9704221 -0.1819537 -0.1586606 -6.64132e-7 -0.0274999 0.5696216 -0.8214468 11.65799 0.2398417 0.8015137 0.5477698 -4.521483 0 0 0 1 0.9704221 -0.1819537 -0.1586606 -6.64132e-7 -0.0274999 0.5696216 -0.8214468 11.65799 0.2398417 0.8015137 0.5477698 -4.521483 0 0 0 1 0.9704221 -0.1819537 -0.1586606 -6.64132e-7 -0.0274999 0.5696216 -0.8214468 11.65799 0.2398417 0.8015137 0.5477698 -4.521483 0 0 0 1 0.9704221 -0.1819537 -0.1586606 -6.64132e-7 -0.0274999 0.5696216 -0.8214468 11.65799 0.2398417 0.8015137 0.5477698 -4.521483 0 0 0 1 0.9704221 -0.1819537 -0.1586606 -6.64132e-7 -0.0274999 0.5696216 -0.8214468 11.65799 0.2398417 0.8015137 0.5477698 -4.521483 0 0 0 1 0.9704221 -0.1819537 -0.1586606 -6.64132e-7 -0.0274999 0.5696216 -0.8214468 11.65799 0.2398417 0.8015137 0.5477698 -4.521483 0 0 0 1 0.9704221 -0.1819537 -0.1586606 -6.64132e-7 -0.0274999 0.5696216 -0.8214468 11.65799 0.2398417 0.8015137 0.5477698 -4.521483 0 0 0 1 0.9704221 -0.1819537 -0.1586606 -6.64132e-7 -0.0274999 0.5696216 -0.8214468 11.65799 0.2398417 0.8015137 0.5477698 -4.521483 0 0 0 1 0.9704221 -0.1819537 -0.1586606 -6.64132e-7 -0.0274999 0.5696216 -0.8214468 11.65799 0.2398417 0.8015137 0.5477698 -4.521483 0 0 0 1 0.9704221 -0.1819537 -0.1586606 -6.64132e-7 -0.0274999 0.5696216 -0.8214468 11.65799 0.2398417 0.8015137 0.5477698 -4.521483 0 0 0 1 0.9704221 -0.1819537 -0.1586606 -6.64132e-7 -0.0274999 0.5696216 -0.8214468 11.65799 0.2398417 0.8015137 0.5477698 -4.521483 0 0 0 1 0.9704221 -0.1819537 -0.1586606 -6.64132e-7 -0.0274999 0.5696216 -0.8214468 11.65799 0.2398417 0.8015137 0.5477698 -4.521483 0 0 0 1 0.9704221 -0.1819537 -0.1586606 -6.64132e-7 -0.0274999 0.5696216 -0.8214468 11.65799 0.2398417 0.8015137 0.5477698 -4.521483 0 0 0 1 0.9704221 -0.1819537 -0.1586606 -6.64132e-7 -0.0274999 0.5696216 -0.8214468 11.65799 0.2398417 0.8015137 0.5477698 -4.521483 0 0 0 1 0.9704221 -0.1819537 -0.1586606 -6.64132e-7 -0.0274999 0.5696216 -0.8214468 11.65799 0.2398417 0.8015137 0.5477698 -4.521483 0 0 0 1 0.9704221 -0.1819537 -0.1586606 -6.64132e-7 -0.0274999 0.5696216 -0.8214468 11.65799 0.2398417 0.8015137 0.5477698 -4.521483 0 0 0 1 0.9704221 -0.1819537 -0.1586606 -6.64132e-7 -0.0274999 0.5696216 -0.8214468 11.65799 0.2398417 0.8015137 0.5477698 -4.521483 0 0 0 1 0.9704221 -0.1819537 -0.1586606 -6.64132e-7 -0.0274999 0.5696216 -0.8214468 11.65799 0.2398417 0.8015137 0.5477698 -4.521483 0 0 0 1 0.9704221 -0.1819537 -0.1586606 -6.64132e-7 -0.0274999 0.5696216 -0.8214468 11.65799 0.2398417 0.8015137 0.5477698 -4.521483 0 0 0 1 0.9704221 -0.1819537 -0.1586606 -6.64132e-7 -0.0274999 0.5696216 -0.8214468 11.65799 0.2398417 0.8015137 0.5477698 -4.521483 0 0 0 1 0.9704221 -0.1819537 -0.1586606 -6.64132e-7 -0.0274999 0.5696216 -0.8214468 11.65799 0.2398417 0.8015137 0.5477698 -4.521483 0 0 0 1 0.9704221 -0.1819537 -0.1586606 -6.64132e-7 -0.0274999 0.5696216 -0.8214468 11.65799 0.2398417 0.8015137 0.5477698 -4.521483 0 0 0 1 0.9704221 -0.1819537 -0.1586606 -6.64132e-7 -0.0274999 0.5696216 -0.8214468 11.65799 0.2398417 0.8015137 0.5477698 -4.521483 0 0 0 1 0.9704221 -0.1819537 -0.1586606 -6.64132e-7 -0.0274999 0.5696216 -0.8214468 11.65799 0.2398417 0.8015137 0.5477698 -4.521483 0 0 0 1 0.9704221 -0.1819537 -0.1586606 -6.64132e-7 -0.0274999 0.5696216 -0.8214468 11.65799 0.2398417 0.8015137 0.5477698 -4.521483 0 0 0 1 0.9704221 -0.1819537 -0.1586606 -6.64132e-7 -0.0274999 0.5696216 -0.8214468 11.65799 0.2398417 0.8015137 0.5477698 -4.521483 0 0 0 1 0.9704221 -0.1819537 -0.1586606 -6.64132e-7 -0.0274999 0.5696216 -0.8214468 11.65799 0.2398417 0.8015137 0.5477698 -4.521483 0 0 0 1 0.9704221 -0.1819537 -0.1586606 -6.64132e-7 -0.0274999 0.5696216 -0.8214468 11.65799 0.2398417 0.8015137 0.5477698 -4.521483 0 0 0 1 0.9704221 -0.1819537 -0.1586606 -6.64132e-7 -0.0274999 0.5696216 -0.8214468 11.65799 0.2398417 0.8015137 0.5477698 -4.521483 0 0 0 1 0.9704221 -0.1819537 -0.1586606 -6.64132e-7 -0.0274999 0.5696216 -0.8214468 11.65799 0.2398417 0.8015137 0.5477698 -4.521483 0 0 0 1 0.9704221 -0.1819537 -0.1586606 -6.64132e-7 -0.0274999 0.5696216 -0.8214468 11.65799 0.2398417 0.8015137 0.5477698 -4.521483 0 0 0 1 0.9704221 -0.1819537 -0.1586606 -6.64132e-7 -0.0274999 0.5696216 -0.8214468 11.65799 0.2398417 0.8015137 0.5477698 -4.521483 0 0 0 1 0.9704221 -0.1819537 -0.1586606 -6.64132e-7 -0.0274999 0.5696216 -0.8214468 11.65799 0.2398417 0.8015137 0.5477698 -4.521483 0 0 0 1 0.9704221 -0.1819537 -0.1586606 -6.64132e-7 -0.0274999 0.5696216 -0.8214468 11.65799 0.2398417 0.8015137 0.5477698 -4.521483 0 0 0 1 0.9704221 -0.1819537 -0.1586606 -6.64132e-7 -0.0274999 0.5696216 -0.8214468 11.65799 0.2398417 0.8015137 0.5477698 -4.521483 0 0 0 1 0.9704221 -0.1819537 -0.1586606 -6.64132e-7 -0.0274999 0.5696216 -0.8214468 11.65799 0.2398417 0.8015137 0.5477698 -4.521483 0 0 0 1 0.9704221 -0.1819537 -0.1586606 -6.64132e-7 -0.0274999 0.5696216 -0.8214468 11.65799 0.2398417 0.8015137 0.5477698 -4.521483 0 0 0 1 0.9704221 -0.1819537 -0.1586606 -6.64132e-7 -0.0274999 0.5696216 -0.8214468 11.65799 0.2398417 0.8015137 0.5477698 -4.521483 0 0 0 1 0.9704221 -0.1819537 -0.1586606 -6.64132e-7 -0.0274999 0.5696216 -0.8214468 11.65799 0.2398417 0.8015137 0.5477698 -4.521483 0 0 0 1 0.9704221 -0.1819537 -0.1586606 -6.64132e-7 -0.0274999 0.5696216 -0.8214468 11.65799 0.2398417 0.8015137 0.5477698 -4.521483 0 0 0 1 0.9704221 -0.1819537 -0.1586606 -6.64132e-7 -0.0274999 0.5696216 -0.8214468 11.65799 0.2398417 0.8015137 0.5477698 -4.521483 0 0 0 1 0.9704221 -0.1819537 -0.1586606 -6.64132e-7 -0.0274999 0.5696216 -0.8214468 11.65799 0.2398417 0.8015137 0.5477698 -4.521483 0 0 0 1 0.9704221 -0.1819537 -0.1586606 -6.64132e-7 -0.0274999 0.5696216 -0.8214468 11.65799 0.2398417 0.8015137 0.5477698 -4.521483 0 0 0 1 0.9704221 -0.1819537 -0.1586606 -6.64132e-7 -0.0274999 0.5696216 -0.8214468 11.65799 0.2398417 0.8015137 0.5477698 -4.521483 0 0 0 1 0.9704221 -0.1819537 -0.1586606 -6.64132e-7 -0.0274999 0.5696216 -0.8214468 11.65799 0.2398417 0.8015137 0.5477698 -4.521483 0 0 0 1 0.9704221 -0.1819537 -0.1586606 -6.64132e-7 -0.0274999 0.5696216 -0.8214468 11.65799 0.2398417 0.8015137 0.5477698 -4.521483 0 0 0 1 0.9704221 -0.1819537 -0.1586606 -6.64132e-7 -0.0274999 0.5696216 -0.8214468 11.65799 0.2398417 0.8015137 0.5477698 -4.521483 0 0 0 1 0.9704221 -0.1819537 -0.1586606 -6.64132e-7 -0.0274999 0.5696216 -0.8214468 11.65799 0.2398417 0.8015137 0.5477698 -4.521483 0 0 0 1 0.9704221 -0.1819537 -0.1586606 -6.64132e-7 -0.0274999 0.5696216 -0.8214468 11.65799 0.2398417 0.8015137 0.5477698 -4.521483 0 0 0 1 0.9704221 -0.1819537 -0.1586606 -6.64132e-7 -0.0274999 0.5696216 -0.8214468 11.65799 0.2398417 0.8015137 0.5477698 -4.521483 0 0 0 1 0.9704221 -0.1819537 -0.1586606 -6.64132e-7 -0.0274999 0.5696216 -0.8214468 11.65799 0.2398417 0.8015137 0.5477698 -4.521483 0 0 0 1 0.9704221 -0.1819537 -0.1586606 -6.64132e-7 -0.0274999 0.5696216 -0.8214468 11.65799 0.2398417 0.8015137 0.5477698 -4.521483 0 0 0 1 0.9704221 -0.1819537 -0.1586606 -6.64132e-7 -0.0274999 0.5696216 -0.8214468 11.65799 0.2398417 0.8015137 0.5477698 -4.521483 0 0 0 1 0.9704221 -0.1819537 -0.1586606 -6.64132e-7 -0.0274999 0.5696216 -0.8214468 11.65799 0.2398417 0.8015137 0.5477698 -4.521483 0 0 0 1 0.9704221 -0.1819537 -0.1586606 -6.64132e-7 -0.0274999 0.5696216 -0.8214468 11.65799 0.2398417 0.8015137 0.5477698 -4.521483 0 0 0 1 0.9704221 -0.1819537 -0.1586606 -6.64132e-7 -0.0274999 0.5696216 -0.8214468 11.65799 0.2398417 0.8015137 0.5477698 -4.521483 0 0 0 1 0.9704221 -0.1819537 -0.1586606 -6.64132e-7 -0.0274999 0.5696216 -0.8214468 11.65799 0.2398417 0.8015137 0.5477698 -4.521483 0 0 0 1 0.9704221 -0.1819537 -0.1586606 -6.64132e-7 -0.0274999 0.5696216 -0.8214468 11.65799 0.2398417 0.8015137 0.5477698 -4.521483 0 0 0 1 0.9704221 -0.1819537 -0.1586606 -6.64132e-7 -0.0274999 0.5696216 -0.8214468 11.65799 0.2398417 0.8015137 0.5477698 -4.521483 0 0 0 1 0.9704221 -0.1819537 -0.1586606 -6.64132e-7 -0.0274999 0.5696216 -0.8214468 11.65799 0.2398417 0.8015137 0.5477698 -4.521483 0 0 0 1 0.9704221 -0.1819537 -0.1586606 -6.64132e-7 -0.0274999 0.5696216 -0.8214468 11.65799 0.2398417 0.8015137 0.5477698 -4.521483 0 0 0 1 0.9704221 -0.1819537 -0.1586606 -6.64132e-7 -0.0274999 0.5696216 -0.8214468 11.65799 0.2398417 0.8015137 0.5477698 -4.521483 0 0 0 1 0.9704221 -0.1819537 -0.1586606 -6.64132e-7 -0.0274999 0.5696216 -0.8214468 11.65799 0.2398417 0.8015137 0.5477698 -4.521483 0 0 0 1 0.9704221 -0.1819537 -0.1586606 -6.64132e-7 -0.0274999 0.5696216 -0.8214468 11.65799 0.2398417 0.8015137 0.5477698 -4.521483 0 0 0 1 0.9704221 -0.1819537 -0.1586606 -6.64132e-7 -0.0274999 0.5696216 -0.8214468 11.65799 0.2398417 0.8015137 0.5477698 -4.521483 0 0 0 1 0.9704221 -0.1819537 -0.1586606 -6.64132e-7 -0.0274999 0.5696216 -0.8214468 11.65799 0.2398417 0.8015137 0.5477698 -4.521483 0 0 0 1 0.9704221 -0.1819537 -0.1586606 -6.64132e-7 -0.0274999 0.5696216 -0.8214468 11.65799 0.2398417 0.8015137 0.5477698 -4.521483 0 0 0 1 0.9704221 -0.1819537 -0.1586606 -6.64132e-7 -0.0274999 0.5696216 -0.8214468 11.65799 0.2398417 0.8015137 0.5477698 -4.521483 0 0 0 1 0.9704221 -0.1819537 -0.1586606 -6.64132e-7 -0.0274999 0.5696216 -0.8214468 11.65799 0.2398417 0.8015137 0.5477698 -4.521483 0 0 0 1 0.9704221 -0.1819537 -0.1586606 -6.64132e-7 -0.0274999 0.5696216 -0.8214468 11.65799 0.2398417 0.8015137 0.5477698 -4.521483 0 0 0 1 0.9704221 -0.1819537 -0.1586606 -6.64132e-7 -0.0274999 0.5696216 -0.8214468 11.65799 0.2398417 0.8015137 0.5477698 -4.521483 0 0 0 1 0.9704221 -0.1819537 -0.1586606 -6.64132e-7 -0.0274999 0.5696216 -0.8214468 11.65799 0.2398417 0.8015137 0.5477698 -4.521483 0 0 0 1 0.9704221 -0.1819537 -0.1586606 -6.64132e-7 -0.0274999 0.5696216 -0.8214468 11.65799 0.2398417 0.8015137 0.5477698 -4.521483 0 0 0 1 0.9704221 -0.1819537 -0.1586606 -6.64132e-7 -0.0274999 0.5696216 -0.8214468 11.65799 0.2398417 0.8015137 0.5477698 -4.521483 0 0 0 1 0.9704221 -0.1819537 -0.1586606 -6.64132e-7 -0.0274999 0.5696216 -0.8214468 11.65799 0.2398417 0.8015137 0.5477698 -4.521483 0 0 0 1 0.9704221 -0.1819537 -0.1586606 -6.64132e-7 -0.0274999 0.5696216 -0.8214468 11.65799 0.2398417 0.8015137 0.5477698 -4.521483 0 0 0 1 0.9704221 -0.1819537 -0.1586606 -6.64132e-7 -0.0274999 0.5696216 -0.8214468 11.65799 0.2398417 0.8015137 0.5477698 -4.521483 0 0 0 1 0.9704221 -0.1819537 -0.1586606 -6.64132e-7 -0.0274999 0.5696216 -0.8214468 11.65799 0.2398417 0.8015137 0.5477698 -4.521483 0 0 0 1 0.9704221 -0.1819537 -0.1586606 -6.64132e-7 -0.0274999 0.5696216 -0.8214468 11.65799 0.2398417 0.8015137 0.5477698 -4.521483 0 0 0 1 0.9704221 -0.1819537 -0.1586606 -6.64132e-7 -0.0274999 0.5696216 -0.8214468 11.65799 0.2398417 0.8015137 0.5477698 -4.521483 0 0 0 1 0.9704221 -0.1819537 -0.1586606 -6.64132e-7 -0.0274999 0.5696216 -0.8214468 11.65799 0.2398417 0.8015137 0.5477698 -4.521483 0 0 0 1 0.9704221 -0.1819537 -0.1586606 -6.64132e-7 -0.0274999 0.5696216 -0.8214468 11.65799 0.2398417 0.8015137 0.5477698 -4.521483 0 0 0 1 0.9704221 -0.1819537 -0.1586606 -6.64132e-7 -0.0274999 0.5696216 -0.8214468 11.65799 0.2398417 0.8015137 0.5477698 -4.521483 0 0 0 1 0.9704221 -0.1819537 -0.1586606 -6.64132e-7 -0.0274999 0.5696216 -0.8214468 11.65799 0.2398417 0.8015137 0.5477698 -4.521483 0 0 0 1 0.9704221 -0.1819537 -0.1586606 -6.64132e-7 -0.0274999 0.5696216 -0.8214468 11.65799 0.2398417 0.8015137 0.5477698 -4.521483 0 0 0 1 0.9704221 -0.1819537 -0.1586606 -6.64132e-7 -0.0274999 0.5696216 -0.8214468 11.65799 0.2398417 0.8015137 0.5477698 -4.521483 0 0 0 1 0.9704221 -0.1819537 -0.1586606 -6.64132e-7 -0.0274999 0.5696216 -0.8214468 11.65799 0.2398417 0.8015137 0.5477698 -4.521483 0 0 0 1 0.9704221 -0.1819537 -0.1586606 -6.64132e-7 -0.0274999 0.5696216 -0.8214468 11.65799 0.2398417 0.8015137 0.5477698 -4.521483 0 0 0 1 0.9704221 -0.1819537 -0.1586606 -6.64132e-7 -0.0274999 0.5696216 -0.8214468 11.65799 0.2398417 0.8015137 0.5477698 -4.521483 0 0 0 1 0.9704221 -0.1819537 -0.1586606 -6.64132e-7 -0.0274999 0.5696216 -0.8214468 11.65799 0.2398417 0.8015137 0.5477698 -4.521483 0 0 0 1 0.9704221 -0.1819537 -0.1586606 -6.64132e-7 -0.0274999 0.5696216 -0.8214468 11.65799 0.2398417 0.8015137 0.5477698 -4.521483 0 0 0 1 0.9704221 -0.1819537 -0.1586606 -6.64132e-7 -0.0274999 0.5696216 -0.8214468 11.65799 0.2398417 0.8015137 0.5477698 -4.521483 0 0 0 1 0.9704221 -0.1819537 -0.1586606 -6.64132e-7 -0.0274999 0.5696216 -0.8214468 11.65799 0.2398417 0.8015137 0.5477698 -4.521483 0 0 0 1 0.9704221 -0.1819537 -0.1586606 -6.64132e-7 -0.0274999 0.5696216 -0.8214468 11.65799 0.2398417 0.8015137 0.5477698 -4.521483 0 0 0 1 0.9704221 -0.1819537 -0.1586606 -6.64132e-7 -0.0274999 0.5696216 -0.8214468 11.65799 0.2398417 0.8015137 0.5477698 -4.521483 0 0 0 1 0.9704221 -0.1819537 -0.1586606 -6.64132e-7 -0.0274999 0.5696216 -0.8214468 11.65799 0.2398417 0.8015137 0.5477698 -4.521483 0 0 0 1 0.9704221 -0.1819537 -0.1586606 -6.64132e-7 -0.0274999 0.5696216 -0.8214468 11.65799 0.2398417 0.8015137 0.5477698 -4.521483 0 0 0 1 0.9704221 -0.1819537 -0.1586606 -6.64132e-7 -0.0274999 0.5696216 -0.8214468 11.65799 0.2398417 0.8015137 0.5477698 -4.521483 0 0 0 1 0.9704221 -0.1819537 -0.1586606 -6.64132e-7 -0.0274999 0.5696216 -0.8214468 11.65799 0.2398417 0.8015137 0.5477698 -4.521483 0 0 0 1 0.9704221 -0.1819537 -0.1586606 -6.64132e-7 -0.0274999 0.5696216 -0.8214468 11.65799 0.2398417 0.8015137 0.5477698 -4.521483 0 0 0 1 0.9704221 -0.1819537 -0.1586606 -6.64132e-7 -0.0274999 0.5696216 -0.8214468 11.65799 0.2398417 0.8015137 0.5477698 -4.521483 0 0 0 1 0.9704221 -0.1819537 -0.1586606 -6.64132e-7 -0.0274999 0.5696216 -0.8214468 11.65799 0.2398417 0.8015137 0.5477698 -4.521483 0 0 0 1 0.9704221 -0.1819537 -0.1586606 -6.64132e-7 -0.0274999 0.5696216 -0.8214468 11.65799 0.2398417 0.8015137 0.5477698 -4.521483 0 0 0 1 0.9704221 -0.1819537 -0.1586606 -6.64132e-7 -0.0274999 0.5696216 -0.8214468 11.65799 0.2398417 0.8015137 0.5477698 -4.521483 0 0 0 1 0.9704221 -0.1819537 -0.1586606 -6.64132e-7 -0.0274999 0.5696216 -0.8214468 11.65799 0.2398417 0.8015137 0.5477698 -4.521483 0 0 0 1 0.9704221 -0.1819537 -0.1586606 -6.64132e-7 -0.0274999 0.5696216 -0.8214468 11.65799 0.2398417 0.8015137 0.5477698 -4.521483 0 0 0 1 0.9704221 -0.1819537 -0.1586606 -6.64132e-7 -0.0274999 0.5696216 -0.8214468 11.65799 0.2398417 0.8015137 0.5477698 -4.521483 0 0 0 1 0.9704221 -0.1819537 -0.1586606 -6.64132e-7 -0.0274999 0.5696216 -0.8214468 11.65799 0.2398417 0.8015137 0.5477698 -4.521483 0 0 0 1 0.9704221 -0.1819537 -0.1586606 -6.64132e-7 -0.0274999 0.5696216 -0.8214468 11.65799 0.2398417 0.8015137 0.5477698 -4.521483 0 0 0 1 0.9704221 -0.1819537 -0.1586606 -6.64132e-7 -0.0274999 0.5696216 -0.8214468 11.65799 0.2398417 0.8015137 0.5477698 -4.521483 0 0 0 1 0.9704221 -0.1819537 -0.1586606 -6.64132e-7 -0.0274999 0.5696216 -0.8214468 11.65799 0.2398417 0.8015137 0.5477698 -4.521483 0 0 0 1 0.9704221 -0.1819537 -0.1586606 -6.64132e-7 -0.0274999 0.5696216 -0.8214468 11.65799 0.2398417 0.8015137 0.5477698 -4.521483 0 0 0 1 0.9704221 -0.1819537 -0.1586606 -6.64132e-7 -0.0274999 0.5696216 -0.8214468 11.65799 0.2398417 0.8015137 0.5477698 -4.521483 0 0 0 1 0.9704221 -0.1819537 -0.1586606 -6.64132e-7 -0.0274999 0.5696216 -0.8214468 11.65799 0.2398417 0.8015137 0.5477698 -4.521483 0 0 0 1 0.9704221 -0.1819537 -0.1586606 -6.64132e-7 -0.0274999 0.5696216 -0.8214468 11.65799 0.2398417 0.8015137 0.5477698 -4.521483 0 0 0 1 0.9704221 -0.1819537 -0.1586606 -6.64132e-7 -0.0274999 0.5696216 -0.8214468 11.65799 0.2398417 0.8015137 0.5477698 -4.521483 0 0 0 1 0.9704221 -0.1819537 -0.1586606 -6.64132e-7 -0.0274999 0.5696216 -0.8214468 11.65799 0.2398417 0.8015137 0.5477698 -4.521483 0 0 0 1 0.9704221 -0.1819537 -0.1586606 -6.64132e-7 -0.0274999 0.5696216 -0.8214468 11.65799 0.2398417 0.8015137 0.5477698 -4.521483 0 0 0 1 0.9704221 -0.1819537 -0.1586606 -6.64132e-7 -0.0274999 0.5696216 -0.8214468 11.65799 0.2398417 0.8015137 0.5477698 -4.521483 0 0 0 1 0.9704221 -0.1819537 -0.1586606 -6.64132e-7 -0.0274999 0.5696216 -0.8214468 11.65799 0.2398417 0.8015137 0.5477698 -4.521483 0 0 0 1 0.9704221 -0.1819537 -0.1586606 -6.64132e-7 -0.0274999 0.5696216 -0.8214468 11.65799 0.2398417 0.8015137 0.5477698 -4.521483 0 0 0 1 0.9704221 -0.1819537 -0.1586606 -6.64132e-7 -0.0274999 0.5696216 -0.8214468 11.65799 0.2398417 0.8015137 0.5477698 -4.521483 0 0 0 1 0.9704221 -0.1819537 -0.1586606 -6.64132e-7 -0.0274999 0.5696216 -0.8214468 11.65799 0.2398417 0.8015137 0.5477698 -4.521483 0 0 0 1 0.9704221 -0.1819537 -0.1586606 -6.64132e-7 -0.0274999 0.5696216 -0.8214468 11.65799 0.2398417 0.8015137 0.5477698 -4.521483 0 0 0 1 0.9704221 -0.1819537 -0.1586606 -6.64132e-7 -0.0274999 0.5696216 -0.8214468 11.65799 0.2398417 0.8015137 0.5477698 -4.521483 0 0 0 1 0.9704221 -0.1819537 -0.1586606 -6.64132e-7 -0.0274999 0.5696216 -0.8214468 11.65799 0.2398417 0.8015137 0.5477698 -4.521483 0 0 0 1 0.9704221 -0.1819537 -0.1586606 -6.64132e-7 -0.0274999 0.5696216 -0.8214468 11.65799 0.2398417 0.8015137 0.5477698 -4.521483 0 0 0 1 0.9704221 -0.1819537 -0.1586606 -6.64132e-7 -0.0274999 0.5696216 -0.8214468 11.65799 0.2398417 0.8015137 0.5477698 -4.521483 0 0 0 1 0.9704221 -0.1819537 -0.1586606 -6.64132e-7 -0.0274999 0.5696216 -0.8214468 11.65799 0.2398417 0.8015137 0.5477698 -4.521483 0 0 0 1 0.9704221 -0.1819537 -0.1586606 -6.64132e-7 -0.0274999 0.5696216 -0.8214468 11.65799 0.2398417 0.8015137 0.5477698 -4.521483 0 0 0 1 0.9704221 -0.1819537 -0.1586606 -6.64132e-7 -0.0274999 0.5696216 -0.8214468 11.65799 0.2398417 0.8015137 0.5477698 -4.521483 0 0 0 1 0.9704221 -0.1819537 -0.1586606 -6.64132e-7 -0.0274999 0.5696216 -0.8214468 11.65799 0.2398417 0.8015137 0.5477698 -4.521483 0 0 0 1 0.9704221 -0.1819537 -0.1586606 -6.64132e-7 -0.0274999 0.5696216 -0.8214468 11.65799 0.2398417 0.8015137 0.5477698 -4.521483 0 0 0 1 0.9704221 -0.1819537 -0.1586606 -6.64132e-7 -0.0274999 0.5696216 -0.8214468 11.65799 0.2398417 0.8015137 0.5477698 -4.521483 0 0 0 1 0.9704221 -0.1819537 -0.1586606 -6.64132e-7 -0.0274999 0.5696216 -0.8214468 11.65799 0.2398417 0.8015137 0.5477698 -4.521483 0 0 0 1</float_array>
          <technique_common>
            <accessor source="#Armature_ArmatureAction_wing_L_pose_matrix-output-array" count="250" stride="16">
              <param name="TRANSFORM" type="float4x4"/>
            </accessor>
          </technique_common>
        </source>
        <source id="Armature_ArmatureAction_wing_L_pose_matrix-interpolation">
          <Name_array id="Armature_ArmatureAction_wing_L_pose_matrix-interpolation-array" count="250">LINEAR LINEAR LINEAR LINEAR LINEAR LINEAR LINEAR LINEAR LINEAR LINEAR LINEAR LINEAR LINEAR LINEAR LINEAR LINEAR LINEAR LINEAR LINEAR LINEAR LINEAR LINEAR LINEAR LINEAR LINEAR LINEAR LINEAR LINEAR LINEAR LINEAR LINEAR LINEAR LINEAR LINEAR LINEAR LINEAR LINEAR LINEAR LINEAR LINEAR LINEAR LINEAR LINEAR LINEAR LINEAR LINEAR LINEAR LINEAR LINEAR LINEAR LINEAR LINEAR LINEAR LINEAR LINEAR LINEAR LINEAR LINEAR LINEAR LINEAR LINEAR LINEAR LINEAR LINEAR LINEAR LINEAR LINEAR LINEAR LINEAR LINEAR LINEAR LINEAR LINEAR LINEAR LINEAR LINEAR LINEAR LINEAR LINEAR LINEAR LINEAR LINEAR LINEAR LINEAR LINEAR LINEAR LINEAR LINEAR LINEAR LINEAR LINEAR LINEAR LINEAR LINEAR LINEAR LINEAR LINEAR LINEAR LINEAR LINEAR LINEAR LINEAR LINEAR LINEAR LINEAR LINEAR LINEAR LINEAR LINEAR LINEAR LINEAR LINEAR LINEAR LINEAR LINEAR LINEAR LINEAR LINEAR LINEAR LINEAR LINEAR LINEAR LINEAR LINEAR LINEAR LINEAR LINEAR LINEAR LINEAR LINEAR LINEAR LINEAR LINEAR LINEAR LINEAR LINEAR LINEAR LINEAR LINEAR LINEAR LINEAR LINEAR LINEAR LINEAR LINEAR LINEAR LINEAR LINEAR LINEAR LINEAR LINEAR LINEAR LINEAR LINEAR LINEAR LINEAR LINEAR LINEAR LINEAR LINEAR LINEAR LINEAR LINEAR LINEAR LINEAR LINEAR LINEAR LINEAR LINEAR LINEAR LINEAR LINEAR LINEAR LINEAR LINEAR LINEAR LINEAR LINEAR LINEAR LINEAR LINEAR LINEAR LINEAR LINEAR LINEAR LINEAR LINEAR LINEAR LINEAR LINEAR LINEAR LINEAR LINEAR LINEAR LINEAR LINEAR LINEAR LINEAR LINEAR LINEAR LINEAR LINEAR LINEAR LINEAR LINEAR LINEAR LINEAR LINEAR LINEAR LINEAR LINEAR LINEAR LINEAR LINEAR LINEAR LINEAR LINEAR LINEAR LINEAR LINEAR LINEAR LINEAR LINEAR LINEAR LINEAR LINEAR LINEAR LINEAR LINEAR LINEAR LINEAR LINEAR LINEAR LINEAR LINEAR LINEAR LINEAR LINEAR LINEAR LINEAR LINEAR LINEAR LINEAR LINEAR LINEAR LINEAR LINEAR LINEAR LINEAR LINEAR</Name_array>
          <technique_common>
            <accessor source="#Armature_ArmatureAction_wing_L_pose_matrix-interpolation-array" count="250" stride="1">
              <param name="INTERPOLATION" type="name"/>
            </accessor>
          </technique_common>
        </source>
        <sampler id="Armature_ArmatureAction_wing_L_pose_matrix-sampler">
          <input semantic="INPUT" source="#Armature_ArmatureAction_wing_L_pose_matrix-input"/>
          <input semantic="OUTPUT" source="#Armature_ArmatureAction_wing_L_pose_matrix-output"/>
          <input semantic="INTERPOLATION" source="#Armature_ArmatureAction_wing_L_pose_matrix-interpolation"/>
        </sampler>
        <channel source="#Armature_ArmatureAction_wing_L_pose_matrix-sampler" target="Armature_wing_L/transform"/>
      </animation>
      <animation id="Armature_ArmatureAction_wing_R_pose_matrix" name="Armature">
        <source id="Armature_ArmatureAction_wing_R_pose_matrix-input">
          <float_array id="Armature_ArmatureAction_wing_R_pose_matrix-input-array" count="250">0.04166662 0.08333331 0.125 0.1666666 0.2083333 0.25 0.2916666 0.3333333 0.375 0.4166666 0.4583333 0.5 0.5416667 0.5833333 0.625 0.6666667 0.7083333 0.75 0.7916667 0.8333333 0.875 0.9166667 0.9583333 1 1.041667 1.083333 1.125 1.166667 1.208333 1.25 1.291667 1.333333 1.375 1.416667 1.458333 1.5 1.541667 1.583333 1.625 1.666667 1.708333 1.75 1.791667 1.833333 1.875 1.916667 1.958333 2 2.041667 2.083333 2.125 2.166667 2.208333 2.25 2.291667 2.333333 2.375 2.416667 2.458333 2.5 2.541667 2.583333 2.625 2.666667 2.708333 2.75 2.791667 2.833333 2.875 2.916667 2.958333 3 3.041667 3.083333 3.125 3.166667 3.208333 3.25 3.291667 3.333333 3.375 3.416667 3.458333 3.5 3.541667 3.583333 3.625 3.666667 3.708333 3.75 3.791667 3.833333 3.875 3.916667 3.958333 4 4.041666 4.083333 4.125 4.166666 4.208333 4.25 4.291666 4.333333 4.375 4.416666 4.458333 4.5 4.541666 4.583333 4.625 4.666666 4.708333 4.75 4.791666 4.833333 4.875 4.916666 4.958333 5 5.041666 5.083333 5.125 5.166666 5.208333 5.25 5.291666 5.333333 5.375 5.416666 5.458333 5.5 5.541666 5.583333 5.625 5.666666 5.708333 5.75 5.791666 5.833333 5.875 5.916666 5.958333 6 6.041666 6.083333 6.125 6.166666 6.208333 6.25 6.291666 6.333333 6.375 6.416666 6.458333 6.5 6.541666 6.583333 6.625 6.666666 6.708333 6.75 6.791666 6.833333 6.875 6.916666 6.958333 7 7.041666 7.083333 7.125 7.166666 7.208333 7.25 7.291666 7.333333 7.375 7.416666 7.458333 7.5 7.541666 7.583333 7.625 7.666666 7.708333 7.75 7.791666 7.833333 7.875 7.916666 7.958333 8 8.041667 8.083333 8.125 8.166667 8.208333 8.25 8.291667 8.333333 8.375 8.416667 8.458333 8.5 8.541667 8.583333 8.625 8.666667 8.708333 8.75 8.791667 8.833333 8.875 8.916667 8.958333 9 9.041667 9.083333 9.125 9.166667 9.208333 9.25 9.291667 9.333333 9.375 9.416667 9.458333 9.5 9.541667 9.583333 9.625 9.666667 9.708333 9.75 9.791667 9.833333 9.875 9.916667 9.958333 10 10.04167 10.08333 10.125 10.16667 10.20833 10.25 10.29167 10.33333 10.375 10.41667</float_array>
          <technique_common>
            <accessor source="#Armature_ArmatureAction_wing_R_pose_matrix-input-array" count="250" stride="1">
              <param name="TIME" type="float"/>
            </accessor>
          </technique_common>
        </source>
        <source id="Armature_ArmatureAction_wing_R_pose_matrix-output">
          <float_array id="Armature_ArmatureAction_wing_R_pose_matrix-output-array" count="4000">1.000009 -0.2302425 0.2800139 5.27961e-7 0.1708045 0.9538777 0.2545132 11.65799 -0.3494742 -0.1926265 0.9256431 -4.521484 0 0 0 1 1.070696 -0.006966829 -0.06509394 -2.17097e-7 0.04653315 0.8152025 0.5775499 11.65799 0.05262096 -0.5791338 0.8137559 -4.521486 0 0 0 1 0.9221255 0.1669477 -0.4832958 -1.14097e-6 -0.1883912 0.9840754 0.02773008 11.65799 0.5152848 0.06102343 0.875018 -4.521484 0 0 0 1 0.7327929 -0.3389798 -0.5654765 -2.09464e-6 -0.2799183 0.603626 -0.7437376 11.65799 0.5783803 0.7216151 0.3564979 -4.521485 0 0 0 1 0.8320485 -0.2647609 -0.239988 -1.02176e-6 -0.226298 -0.01956035 -0.9670015 11.65799 0.2239021 0.9641156 -0.08552328 -4.521486 0 0 0 1 0.9698544 0.185638 0.1473053 8.25984e-7 0.01634196 0.567535 -0.8231869 11.65799 -0.2360117 0.8021491 0.5483294 -4.521484 0 0 0 1 0.9698544 0.185638 0.1473053 8.25984e-7 0.01634196 0.567535 -0.8231869 11.65799 -0.2360117 0.8021491 0.5483294 -4.521484 0 0 0 1 0.9698544 0.185638 0.1473053 8.25984e-7 0.01634196 0.567535 -0.8231869 11.65799 -0.2360117 0.8021491 0.5483294 -4.521484 0 0 0 1 0.9698544 0.185638 0.1473053 8.25984e-7 0.01634196 0.567535 -0.8231869 11.65799 -0.2360117 0.8021491 0.5483294 -4.521484 0 0 0 1 0.9698544 0.185638 0.1473053 8.25984e-7 0.01634196 0.567535 -0.8231869 11.65799 -0.2360117 0.8021491 0.5483294 -4.521484 0 0 0 1 0.9698544 0.185638 0.1473053 8.25984e-7 0.01634196 0.567535 -0.8231869 11.65799 -0.2360117 0.8021491 0.5483294 -4.521484 0 0 0 1 0.9698544 0.185638 0.1473053 8.25984e-7 0.01634196 0.567535 -0.8231869 11.65799 -0.2360117 0.8021491 0.5483294 -4.521484 0 0 0 1 0.9698544 0.185638 0.1473053 8.25984e-7 0.01634196 0.567535 -0.8231869 11.65799 -0.2360117 0.8021491 0.5483294 -4.521484 0 0 0 1 0.9698544 0.185638 0.1473053 8.25984e-7 0.01634196 0.567535 -0.8231869 11.65799 -0.2360117 0.8021491 0.5483294 -4.521484 0 0 0 1 0.9698544 0.185638 0.1473053 8.25984e-7 0.01634196 0.567535 -0.8231869 11.65799 -0.2360117 0.8021491 0.5483294 -4.521484 0 0 0 1 0.9698544 0.185638 0.1473053 8.25984e-7 0.01634196 0.567535 -0.8231869 11.65799 -0.2360117 0.8021491 0.5483294 -4.521484 0 0 0 1 0.9698544 0.185638 0.1473053 8.25984e-7 0.01634196 0.567535 -0.8231869 11.65799 -0.2360117 0.8021491 0.5483294 -4.521484 0 0 0 1 0.9698544 0.185638 0.1473053 8.25984e-7 0.01634196 0.567535 -0.8231869 11.65799 -0.2360117 0.8021491 0.5483294 -4.521484 0 0 0 1 0.9698544 0.185638 0.1473053 8.25984e-7 0.01634196 0.567535 -0.8231869 11.65799 -0.2360117 0.8021491 0.5483294 -4.521484 0 0 0 1 0.9698544 0.185638 0.1473053 8.25984e-7 0.01634196 0.567535 -0.8231869 11.65799 -0.2360117 0.8021491 0.5483294 -4.521484 0 0 0 1 0.9698544 0.185638 0.1473053 8.25984e-7 0.01634196 0.567535 -0.8231869 11.65799 -0.2360117 0.8021491 0.5483294 -4.521484 0 0 0 1 0.9698544 0.185638 0.1473053 8.25984e-7 0.01634196 0.567535 -0.8231869 11.65799 -0.2360117 0.8021491 0.5483294 -4.521484 0 0 0 1 0.9698544 0.185638 0.1473053 8.25984e-7 0.01634196 0.567535 -0.8231869 11.65799 -0.2360117 0.8021491 0.5483294 -4.521484 0 0 0 1 0.9698544 0.185638 0.1473053 8.25984e-7 0.01634196 0.567535 -0.8231869 11.65799 -0.2360117 0.8021491 0.5483294 -4.521484 0 0 0 1 0.9698544 0.185638 0.1473053 8.25984e-7 0.01634196 0.567535 -0.8231869 11.65799 -0.2360117 0.8021491 0.5483294 -4.521484 0 0 0 1 0.9698544 0.185638 0.1473053 8.25984e-7 0.01634196 0.567535 -0.8231869 11.65799 -0.2360117 0.8021491 0.5483294 -4.521484 0 0 0 1 0.9698544 0.185638 0.1473053 8.25984e-7 0.01634196 0.567535 -0.8231869 11.65799 -0.2360117 0.8021491 0.5483294 -4.521484 0 0 0 1 0.9698544 0.185638 0.1473053 8.25984e-7 0.01634196 0.567535 -0.8231869 11.65799 -0.2360117 0.8021491 0.5483294 -4.521484 0 0 0 1 0.9698544 0.185638 0.1473053 8.25984e-7 0.01634196 0.567535 -0.8231869 11.65799 -0.2360117 0.8021491 0.5483294 -4.521484 0 0 0 1 0.9698544 0.185638 0.1473053 8.25984e-7 0.01634196 0.567535 -0.8231869 11.65799 -0.2360117 0.8021491 0.5483294 -4.521484 0 0 0 1 0.9698544 0.185638 0.1473053 8.25984e-7 0.01634196 0.567535 -0.8231869 11.65799 -0.2360117 0.8021491 0.5483294 -4.521484 0 0 0 1 0.9698544 0.185638 0.1473053 8.25984e-7 0.01634196 0.567535 -0.8231869 11.65799 -0.2360117 0.8021491 0.5483294 -4.521484 0 0 0 1 0.9698544 0.185638 0.1473053 8.25984e-7 0.01634196 0.567535 -0.8231869 11.65799 -0.2360117 0.8021491 0.5483294 -4.521484 0 0 0 1 0.9698544 0.185638 0.1473053 8.25984e-7 0.01634196 0.567535 -0.8231869 11.65799 -0.2360117 0.8021491 0.5483294 -4.521484 0 0 0 1 0.9698544 0.185638 0.1473053 8.25984e-7 0.01634196 0.567535 -0.8231869 11.65799 -0.2360117 0.8021491 0.5483294 -4.521484 0 0 0 1 0.9698544 0.185638 0.1473053 8.25984e-7 0.01634196 0.567535 -0.8231869 11.65799 -0.2360117 0.8021491 0.5483294 -4.521484 0 0 0 1 0.9698544 0.185638 0.1473053 8.25984e-7 0.01634196 0.567535 -0.8231869 11.65799 -0.2360117 0.8021491 0.5483294 -4.521484 0 0 0 1 0.9698544 0.185638 0.1473053 8.25984e-7 0.01634196 0.567535 -0.8231869 11.65799 -0.2360117 0.8021491 0.5483294 -4.521484 0 0 0 1 0.9698544 0.185638 0.1473053 8.25984e-7 0.01634196 0.567535 -0.8231869 11.65799 -0.2360117 0.8021491 0.5483294 -4.521484 0 0 0 1 0.9698544 0.185638 0.1473053 8.25984e-7 0.01634196 0.567535 -0.8231869 11.65799 -0.2360117 0.8021491 0.5483294 -4.521484 0 0 0 1 0.9698544 0.185638 0.1473053 8.25984e-7 0.01634196 0.567535 -0.8231869 11.65799 -0.2360117 0.8021491 0.5483294 -4.521484 0 0 0 1 0.9698544 0.185638 0.1473053 8.25984e-7 0.01634196 0.567535 -0.8231869 11.65799 -0.2360117 0.8021491 0.5483294 -4.521484 0 0 0 1 0.9698544 0.185638 0.1473053 8.25984e-7 0.01634196 0.567535 -0.8231869 11.65799 -0.2360117 0.8021491 0.5483294 -4.521484 0 0 0 1 0.9698544 0.185638 0.1473053 8.25984e-7 0.01634196 0.567535 -0.8231869 11.65799 -0.2360117 0.8021491 0.5483294 -4.521484 0 0 0 1 0.9698544 0.185638 0.1473053 8.25984e-7 0.01634196 0.567535 -0.8231869 11.65799 -0.2360117 0.8021491 0.5483294 -4.521484 0 0 0 1 0.9698544 0.185638 0.1473053 8.25984e-7 0.01634196 0.567535 -0.8231869 11.65799 -0.2360117 0.8021491 0.5483294 -4.521484 0 0 0 1 0.9698544 0.185638 0.1473053 8.25984e-7 0.01634196 0.567535 -0.8231869 11.65799 -0.2360117 0.8021491 0.5483294 -4.521484 0 0 0 1 0.9698544 0.185638 0.1473053 8.25984e-7 0.01634196 0.567535 -0.8231869 11.65799 -0.2360117 0.8021491 0.5483294 -4.521484 0 0 0 1 0.9698544 0.185638 0.1473053 8.25984e-7 0.01634196 0.567535 -0.8231869 11.65799 -0.2360117 0.8021491 0.5483294 -4.521484 0 0 0 1 0.9698544 0.185638 0.1473053 8.25984e-7 0.01634196 0.567535 -0.8231869 11.65799 -0.2360117 0.8021491 0.5483294 -4.521484 0 0 0 1 0.9698544 0.185638 0.1473053 8.25984e-7 0.01634196 0.567535 -0.8231869 11.65799 -0.2360117 0.8021491 0.5483294 -4.521484 0 0 0 1 0.9698544 0.185638 0.1473053 8.25984e-7 0.01634196 0.567535 -0.8231869 11.65799 -0.2360117 0.8021491 0.5483294 -4.521484 0 0 0 1 0.9698544 0.185638 0.1473053 8.25984e-7 0.01634196 0.567535 -0.8231869 11.65799 -0.2360117 0.8021491 0.5483294 -4.521484 0 0 0 1 0.9698544 0.185638 0.1473053 8.25984e-7 0.01634196 0.567535 -0.8231869 11.65799 -0.2360117 0.8021491 0.5483294 -4.521484 0 0 0 1 0.9698544 0.185638 0.1473053 8.25984e-7 0.01634196 0.567535 -0.8231869 11.65799 -0.2360117 0.8021491 0.5483294 -4.521484 0 0 0 1 0.9698544 0.185638 0.1473053 8.25984e-7 0.01634196 0.567535 -0.8231869 11.65799 -0.2360117 0.8021491 0.5483294 -4.521484 0 0 0 1 0.9698544 0.185638 0.1473053 8.25984e-7 0.01634196 0.567535 -0.8231869 11.65799 -0.2360117 0.8021491 0.5483294 -4.521484 0 0 0 1 0.9698544 0.185638 0.1473053 8.25984e-7 0.01634196 0.567535 -0.8231869 11.65799 -0.2360117 0.8021491 0.5483294 -4.521484 0 0 0 1 0.9698544 0.185638 0.1473053 8.25984e-7 0.01634196 0.567535 -0.8231869 11.65799 -0.2360117 0.8021491 0.5483294 -4.521484 0 0 0 1 0.9698544 0.185638 0.1473053 8.25984e-7 0.01634196 0.567535 -0.8231869 11.65799 -0.2360117 0.8021491 0.5483294 -4.521484 0 0 0 1 0.9698544 0.185638 0.1473053 8.25984e-7 0.01634196 0.567535 -0.8231869 11.65799 -0.2360117 0.8021491 0.5483294 -4.521484 0 0 0 1 0.9698544 0.185638 0.1473053 8.25984e-7 0.01634196 0.567535 -0.8231869 11.65799 -0.2360117 0.8021491 0.5483294 -4.521484 0 0 0 1 0.9698544 0.185638 0.1473053 8.25984e-7 0.01634196 0.567535 -0.8231869 11.65799 -0.2360117 0.8021491 0.5483294 -4.521484 0 0 0 1 0.9698544 0.185638 0.1473053 8.25984e-7 0.01634196 0.567535 -0.8231869 11.65799 -0.2360117 0.8021491 0.5483294 -4.521484 0 0 0 1 0.9698544 0.185638 0.1473053 8.25984e-7 0.01634196 0.567535 -0.8231869 11.65799 -0.2360117 0.8021491 0.5483294 -4.521484 0 0 0 1 0.9698544 0.185638 0.1473053 8.25984e-7 0.01634196 0.567535 -0.8231869 11.65799 -0.2360117 0.8021491 0.5483294 -4.521484 0 0 0 1 0.9698544 0.185638 0.1473053 8.25984e-7 0.01634196 0.567535 -0.8231869 11.65799 -0.2360117 0.8021491 0.5483294 -4.521484 0 0 0 1 0.9698544 0.185638 0.1473053 8.25984e-7 0.01634196 0.567535 -0.8231869 11.65799 -0.2360117 0.8021491 0.5483294 -4.521484 0 0 0 1 0.9698544 0.185638 0.1473053 8.25984e-7 0.01634196 0.567535 -0.8231869 11.65799 -0.2360117 0.8021491 0.5483294 -4.521484 0 0 0 1 0.9698544 0.185638 0.1473053 8.25984e-7 0.01634196 0.567535 -0.8231869 11.65799 -0.2360117 0.8021491 0.5483294 -4.521484 0 0 0 1 0.9698544 0.185638 0.1473053 8.25984e-7 0.01634196 0.567535 -0.8231869 11.65799 -0.2360117 0.8021491 0.5483294 -4.521484 0 0 0 1 0.9698544 0.185638 0.1473053 8.25984e-7 0.01634196 0.567535 -0.8231869 11.65799 -0.2360117 0.8021491 0.5483294 -4.521484 0 0 0 1 0.9698544 0.185638 0.1473053 8.25984e-7 0.01634196 0.567535 -0.8231869 11.65799 -0.2360117 0.8021491 0.5483294 -4.521484 0 0 0 1 0.9698544 0.185638 0.1473053 8.25984e-7 0.01634196 0.567535 -0.8231869 11.65799 -0.2360117 0.8021491 0.5483294 -4.521484 0 0 0 1 0.9698544 0.185638 0.1473053 8.25984e-7 0.01634196 0.567535 -0.8231869 11.65799 -0.2360117 0.8021491 0.5483294 -4.521484 0 0 0 1 0.9698544 0.185638 0.1473053 8.25984e-7 0.01634196 0.567535 -0.8231869 11.65799 -0.2360117 0.8021491 0.5483294 -4.521484 0 0 0 1 0.9698544 0.185638 0.1473053 8.25984e-7 0.01634196 0.567535 -0.8231869 11.65799 -0.2360117 0.8021491 0.5483294 -4.521484 0 0 0 1 0.9698544 0.185638 0.1473053 8.25984e-7 0.01634196 0.567535 -0.8231869 11.65799 -0.2360117 0.8021491 0.5483294 -4.521484 0 0 0 1 0.9698544 0.185638 0.1473053 8.25984e-7 0.01634196 0.567535 -0.8231869 11.65799 -0.2360117 0.8021491 0.5483294 -4.521484 0 0 0 1 0.9698544 0.185638 0.1473053 8.25984e-7 0.01634196 0.567535 -0.8231869 11.65799 -0.2360117 0.8021491 0.5483294 -4.521484 0 0 0 1 0.9698544 0.185638 0.1473053 8.25984e-7 0.01634196 0.567535 -0.8231869 11.65799 -0.2360117 0.8021491 0.5483294 -4.521484 0 0 0 1 0.9698544 0.185638 0.1473053 8.25984e-7 0.01634196 0.567535 -0.8231869 11.65799 -0.2360117 0.8021491 0.5483294 -4.521484 0 0 0 1 0.9698544 0.185638 0.1473053 8.25984e-7 0.01634196 0.567535 -0.8231869 11.65799 -0.2360117 0.8021491 0.5483294 -4.521484 0 0 0 1 0.9698544 0.185638 0.1473053 8.25984e-7 0.01634196 0.567535 -0.8231869 11.65799 -0.2360117 0.8021491 0.5483294 -4.521484 0 0 0 1 0.9698544 0.185638 0.1473053 8.25984e-7 0.01634196 0.567535 -0.8231869 11.65799 -0.2360117 0.8021491 0.5483294 -4.521484 0 0 0 1 0.9698544 0.185638 0.1473053 8.25984e-7 0.01634196 0.567535 -0.8231869 11.65799 -0.2360117 0.8021491 0.5483294 -4.521484 0 0 0 1 0.9698544 0.185638 0.1473053 8.25984e-7 0.01634196 0.567535 -0.8231869 11.65799 -0.2360117 0.8021491 0.5483294 -4.521484 0 0 0 1 0.9698544 0.185638 0.1473053 8.25984e-7 0.01634196 0.567535 -0.8231869 11.65799 -0.2360117 0.8021491 0.5483294 -4.521484 0 0 0 1 0.9698544 0.185638 0.1473053 8.25984e-7 0.01634196 0.567535 -0.8231869 11.65799 -0.2360117 0.8021491 0.5483294 -4.521484 0 0 0 1 0.9698544 0.185638 0.1473053 8.25984e-7 0.01634196 0.567535 -0.8231869 11.65799 -0.2360117 0.8021491 0.5483294 -4.521484 0 0 0 1 0.9698544 0.185638 0.1473053 8.25984e-7 0.01634196 0.567535 -0.8231869 11.65799 -0.2360117 0.8021491 0.5483294 -4.521484 0 0 0 1 0.9698544 0.185638 0.1473053 8.25984e-7 0.01634196 0.567535 -0.8231869 11.65799 -0.2360117 0.8021491 0.5483294 -4.521484 0 0 0 1 0.9698544 0.185638 0.1473053 8.25984e-7 0.01634196 0.567535 -0.8231869 11.65799 -0.2360117 0.8021491 0.5483294 -4.521484 0 0 0 1 0.9698544 0.185638 0.1473053 8.25984e-7 0.01634196 0.567535 -0.8231869 11.65799 -0.2360117 0.8021491 0.5483294 -4.521484 0 0 0 1 0.9698544 0.185638 0.1473053 8.25984e-7 0.01634196 0.567535 -0.8231869 11.65799 -0.2360117 0.8021491 0.5483294 -4.521484 0 0 0 1 0.9698544 0.185638 0.1473053 8.25984e-7 0.01634196 0.567535 -0.8231869 11.65799 -0.2360117 0.8021491 0.5483294 -4.521484 0 0 0 1 0.9698544 0.185638 0.1473053 8.25984e-7 0.01634196 0.567535 -0.8231869 11.65799 -0.2360117 0.8021491 0.5483294 -4.521484 0 0 0 1 0.9698544 0.185638 0.1473053 8.25984e-7 0.01634196 0.567535 -0.8231869 11.65799 -0.2360117 0.8021491 0.5483294 -4.521484 0 0 0 1 0.9698544 0.185638 0.1473053 8.25984e-7 0.01634196 0.567535 -0.8231869 11.65799 -0.2360117 0.8021491 0.5483294 -4.521484 0 0 0 1 0.9698544 0.185638 0.1473053 8.25984e-7 0.01634196 0.567535 -0.8231869 11.65799 -0.2360117 0.8021491 0.5483294 -4.521484 0 0 0 1 0.9698544 0.185638 0.1473053 8.25984e-7 0.01634196 0.567535 -0.8231869 11.65799 -0.2360117 0.8021491 0.5483294 -4.521484 0 0 0 1 0.9698544 0.185638 0.1473053 8.25984e-7 0.01634196 0.567535 -0.8231869 11.65799 -0.2360117 0.8021491 0.5483294 -4.521484 0 0 0 1 0.9698544 0.185638 0.1473053 8.25984e-7 0.01634196 0.567535 -0.8231869 11.65799 -0.2360117 0.8021491 0.5483294 -4.521484 0 0 0 1 0.9698544 0.185638 0.1473053 8.25984e-7 0.01634196 0.567535 -0.8231869 11.65799 -0.2360117 0.8021491 0.5483294 -4.521484 0 0 0 1 0.9698544 0.185638 0.1473053 8.25984e-7 0.01634196 0.567535 -0.8231869 11.65799 -0.2360117 0.8021491 0.5483294 -4.521484 0 0 0 1 0.9698544 0.185638 0.1473053 8.25984e-7 0.01634196 0.567535 -0.8231869 11.65799 -0.2360117 0.8021491 0.5483294 -4.521484 0 0 0 1 0.9698544 0.185638 0.1473053 8.25984e-7 0.01634196 0.567535 -0.8231869 11.65799 -0.2360117 0.8021491 0.5483294 -4.521484 0 0 0 1 0.9698544 0.185638 0.1473053 8.25984e-7 0.01634196 0.567535 -0.8231869 11.65799 -0.2360117 0.8021491 0.5483294 -4.521484 0 0 0 1 0.9698544 0.185638 0.1473053 8.25984e-7 0.01634196 0.567535 -0.8231869 11.65799 -0.2360117 0.8021491 0.5483294 -4.521484 0 0 0 1 0.9698544 0.185638 0.1473053 8.25984e-7 0.01634196 0.567535 -0.8231869 11.65799 -0.2360117 0.8021491 0.5483294 -4.521484 0 0 0 1 0.9698544 0.185638 0.1473053 8.25984e-7 0.01634196 0.567535 -0.8231869 11.65799 -0.2360117 0.8021491 0.5483294 -4.521484 0 0 0 1 0.9698544 0.185638 0.1473053 8.25984e-7 0.01634196 0.567535 -0.8231869 11.65799 -0.2360117 0.8021491 0.5483294 -4.521484 0 0 0 1 0.9698544 0.185638 0.1473053 8.25984e-7 0.01634196 0.567535 -0.8231869 11.65799 -0.2360117 0.8021491 0.5483294 -4.521484 0 0 0 1 0.9698544 0.185638 0.1473053 8.25984e-7 0.01634196 0.567535 -0.8231869 11.65799 -0.2360117 0.8021491 0.5483294 -4.521484 0 0 0 1 0.9698544 0.185638 0.1473053 8.25984e-7 0.01634196 0.567535 -0.8231869 11.65799 -0.2360117 0.8021491 0.5483294 -4.521484 0 0 0 1 0.9698544 0.185638 0.1473053 8.25984e-7 0.01634196 0.567535 -0.8231869 11.65799 -0.2360117 0.8021491 0.5483294 -4.521484 0 0 0 1 0.9698544 0.185638 0.1473053 8.25984e-7 0.01634196 0.567535 -0.8231869 11.65799 -0.2360117 0.8021491 0.5483294 -4.521484 0 0 0 1 0.9698544 0.185638 0.1473053 8.25984e-7 0.01634196 0.567535 -0.8231869 11.65799 -0.2360117 0.8021491 0.5483294 -4.521484 0 0 0 1 0.9698544 0.185638 0.1473053 8.25984e-7 0.01634196 0.567535 -0.8231869 11.65799 -0.2360117 0.8021491 0.5483294 -4.521484 0 0 0 1 0.9698544 0.185638 0.1473053 8.25984e-7 0.01634196 0.567535 -0.8231869 11.65799 -0.2360117 0.8021491 0.5483294 -4.521484 0 0 0 1 0.9698544 0.185638 0.1473053 8.25984e-7 0.01634196 0.567535 -0.8231869 11.65799 -0.2360117 0.8021491 0.5483294 -4.521484 0 0 0 1 0.9698544 0.185638 0.1473053 8.25984e-7 0.01634196 0.567535 -0.8231869 11.65799 -0.2360117 0.8021491 0.5483294 -4.521484 0 0 0 1 0.9698544 0.185638 0.1473053 8.25984e-7 0.01634196 0.567535 -0.8231869 11.65799 -0.2360117 0.8021491 0.5483294 -4.521484 0 0 0 1 0.9698544 0.185638 0.1473053 8.25984e-7 0.01634196 0.567535 -0.8231869 11.65799 -0.2360117 0.8021491 0.5483294 -4.521484 0 0 0 1 0.9698544 0.185638 0.1473053 8.25984e-7 0.01634196 0.567535 -0.8231869 11.65799 -0.2360117 0.8021491 0.5483294 -4.521484 0 0 0 1 0.9698544 0.185638 0.1473053 8.25984e-7 0.01634196 0.567535 -0.8231869 11.65799 -0.2360117 0.8021491 0.5483294 -4.521484 0 0 0 1 0.9698544 0.185638 0.1473053 8.25984e-7 0.01634196 0.567535 -0.8231869 11.65799 -0.2360117 0.8021491 0.5483294 -4.521484 0 0 0 1 0.9698544 0.185638 0.1473053 8.25984e-7 0.01634196 0.567535 -0.8231869 11.65799 -0.2360117 0.8021491 0.5483294 -4.521484 0 0 0 1 0.9698544 0.185638 0.1473053 8.25984e-7 0.01634196 0.567535 -0.8231869 11.65799 -0.2360117 0.8021491 0.5483294 -4.521484 0 0 0 1 0.9698544 0.185638 0.1473053 8.25984e-7 0.01634196 0.567535 -0.8231869 11.65799 -0.2360117 0.8021491 0.5483294 -4.521484 0 0 0 1 0.9698544 0.185638 0.1473053 8.25984e-7 0.01634196 0.567535 -0.8231869 11.65799 -0.2360117 0.8021491 0.5483294 -4.521484 0 0 0 1 0.9698544 0.185638 0.1473053 8.25984e-7 0.01634196 0.567535 -0.8231869 11.65799 -0.2360117 0.8021491 0.5483294 -4.521484 0 0 0 1 0.9698544 0.185638 0.1473053 8.25984e-7 0.01634196 0.567535 -0.8231869 11.65799 -0.2360117 0.8021491 0.5483294 -4.521484 0 0 0 1 0.9698544 0.185638 0.1473053 8.25984e-7 0.01634196 0.567535 -0.8231869 11.65799 -0.2360117 0.8021491 0.5483294 -4.521484 0 0 0 1 0.9698544 0.185638 0.1473053 8.25984e-7 0.01634196 0.567535 -0.8231869 11.65799 -0.2360117 0.8021491 0.5483294 -4.521484 0 0 0 1 0.9698544 0.185638 0.1473053 8.25984e-7 0.01634196 0.567535 -0.8231869 11.65799 -0.2360117 0.8021491 0.5483294 -4.521484 0 0 0 1 0.9698544 0.185638 0.1473053 8.25984e-7 0.01634196 0.567535 -0.8231869 11.65799 -0.2360117 0.8021491 0.5483294 -4.521484 0 0 0 1 0.9698544 0.185638 0.1473053 8.25984e-7 0.01634196 0.567535 -0.8231869 11.65799 -0.2360117 0.8021491 0.5483294 -4.521484 0 0 0 1 0.9698544 0.185638 0.1473053 8.25984e-7 0.01634196 0.567535 -0.8231869 11.65799 -0.2360117 0.8021491 0.5483294 -4.521484 0 0 0 1 0.9698544 0.185638 0.1473053 8.25984e-7 0.01634196 0.567535 -0.8231869 11.65799 -0.2360117 0.8021491 0.5483294 -4.521484 0 0 0 1 0.9698544 0.185638 0.1473053 8.25984e-7 0.01634196 0.567535 -0.8231869 11.65799 -0.2360117 0.8021491 0.5483294 -4.521484 0 0 0 1 0.9698544 0.185638 0.1473053 8.25984e-7 0.01634196 0.567535 -0.8231869 11.65799 -0.2360117 0.8021491 0.5483294 -4.521484 0 0 0 1 0.9698544 0.185638 0.1473053 8.25984e-7 0.01634196 0.567535 -0.8231869 11.65799 -0.2360117 0.8021491 0.5483294 -4.521484 0 0 0 1 0.9698544 0.185638 0.1473053 8.25984e-7 0.01634196 0.567535 -0.8231869 11.65799 -0.2360117 0.8021491 0.5483294 -4.521484 0 0 0 1 0.9698544 0.185638 0.1473053 8.25984e-7 0.01634196 0.567535 -0.8231869 11.65799 -0.2360117 0.8021491 0.5483294 -4.521484 0 0 0 1 0.9698544 0.185638 0.1473053 8.25984e-7 0.01634196 0.567535 -0.8231869 11.65799 -0.2360117 0.8021491 0.5483294 -4.521484 0 0 0 1 0.9698544 0.185638 0.1473053 8.25984e-7 0.01634196 0.567535 -0.8231869 11.65799 -0.2360117 0.8021491 0.5483294 -4.521484 0 0 0 1 0.9698544 0.185638 0.1473053 8.25984e-7 0.01634196 0.567535 -0.8231869 11.65799 -0.2360117 0.8021491 0.5483294 -4.521484 0 0 0 1 0.9698544 0.185638 0.1473053 8.25984e-7 0.01634196 0.567535 -0.8231869 11.65799 -0.2360117 0.8021491 0.5483294 -4.521484 0 0 0 1 0.9698544 0.185638 0.1473053 8.25984e-7 0.01634196 0.567535 -0.8231869 11.65799 -0.2360117 0.8021491 0.5483294 -4.521484 0 0 0 1 0.9698544 0.185638 0.1473053 8.25984e-7 0.01634196 0.567535 -0.8231869 11.65799 -0.2360117 0.8021491 0.5483294 -4.521484 0 0 0 1 0.9698544 0.185638 0.1473053 8.25984e-7 0.01634196 0.567535 -0.8231869 11.65799 -0.2360117 0.8021491 0.5483294 -4.521484 0 0 0 1 0.9698544 0.185638 0.1473053 8.25984e-7 0.01634196 0.567535 -0.8231869 11.65799 -0.2360117 0.8021491 0.5483294 -4.521484 0 0 0 1 0.9698544 0.185638 0.1473053 8.25984e-7 0.01634196 0.567535 -0.8231869 11.65799 -0.2360117 0.8021491 0.5483294 -4.521484 0 0 0 1 0.9698544 0.185638 0.1473053 8.25984e-7 0.01634196 0.567535 -0.8231869 11.65799 -0.2360117 0.8021491 0.5483294 -4.521484 0 0 0 1 0.9698544 0.185638 0.1473053 8.25984e-7 0.01634196 0.567535 -0.8231869 11.65799 -0.2360117 0.8021491 0.5483294 -4.521484 0 0 0 1 0.9698544 0.185638 0.1473053 8.25984e-7 0.01634196 0.567535 -0.8231869 11.65799 -0.2360117 0.8021491 0.5483294 -4.521484 0 0 0 1 0.9698544 0.185638 0.1473053 8.25984e-7 0.01634196 0.567535 -0.8231869 11.65799 -0.2360117 0.8021491 0.5483294 -4.521484 0 0 0 1 0.9698544 0.185638 0.1473053 8.25984e-7 0.01634196 0.567535 -0.8231869 11.65799 -0.2360117 0.8021491 0.5483294 -4.521484 0 0 0 1 0.9698544 0.185638 0.1473053 8.25984e-7 0.01634196 0.567535 -0.8231869 11.65799 -0.2360117 0.8021491 0.5483294 -4.521484 0 0 0 1 0.9698544 0.185638 0.1473053 8.25984e-7 0.01634196 0.567535 -0.8231869 11.65799 -0.2360117 0.8021491 0.5483294 -4.521484 0 0 0 1 0.9698544 0.185638 0.1473053 8.25984e-7 0.01634196 0.567535 -0.8231869 11.65799 -0.2360117 0.8021491 0.5483294 -4.521484 0 0 0 1 0.9698544 0.185638 0.1473053 8.25984e-7 0.01634196 0.567535 -0.8231869 11.65799 -0.2360117 0.8021491 0.5483294 -4.521484 0 0 0 1 0.9698544 0.185638 0.1473053 8.25984e-7 0.01634196 0.567535 -0.8231869 11.65799 -0.2360117 0.8021491 0.5483294 -4.521484 0 0 0 1 0.9698544 0.185638 0.1473053 8.25984e-7 0.01634196 0.567535 -0.8231869 11.65799 -0.2360117 0.8021491 0.5483294 -4.521484 0 0 0 1 0.9698544 0.185638 0.1473053 8.25984e-7 0.01634196 0.567535 -0.8231869 11.65799 -0.2360117 0.8021491 0.5483294 -4.521484 0 0 0 1 0.9698544 0.185638 0.1473053 8.25984e-7 0.01634196 0.567535 -0.8231869 11.65799 -0.2360117 0.8021491 0.5483294 -4.521484 0 0 0 1 0.9698544 0.185638 0.1473053 8.25984e-7 0.01634196 0.567535 -0.8231869 11.65799 -0.2360117 0.8021491 0.5483294 -4.521484 0 0 0 1 0.9698544 0.185638 0.1473053 8.25984e-7 0.01634196 0.567535 -0.8231869 11.65799 -0.2360117 0.8021491 0.5483294 -4.521484 0 0 0 1 0.9698544 0.185638 0.1473053 8.25984e-7 0.01634196 0.567535 -0.8231869 11.65799 -0.2360117 0.8021491 0.5483294 -4.521484 0 0 0 1 0.9698544 0.185638 0.1473053 8.25984e-7 0.01634196 0.567535 -0.8231869 11.65799 -0.2360117 0.8021491 0.5483294 -4.521484 0 0 0 1 0.9698544 0.185638 0.1473053 8.25984e-7 0.01634196 0.567535 -0.8231869 11.65799 -0.2360117 0.8021491 0.5483294 -4.521484 0 0 0 1 0.9698544 0.185638 0.1473053 8.25984e-7 0.01634196 0.567535 -0.8231869 11.65799 -0.2360117 0.8021491 0.5483294 -4.521484 0 0 0 1 0.9698544 0.185638 0.1473053 8.25984e-7 0.01634196 0.567535 -0.8231869 11.65799 -0.2360117 0.8021491 0.5483294 -4.521484 0 0 0 1 0.9698544 0.185638 0.1473053 8.25984e-7 0.01634196 0.567535 -0.8231869 11.65799 -0.2360117 0.8021491 0.5483294 -4.521484 0 0 0 1 0.9698544 0.185638 0.1473053 8.25984e-7 0.01634196 0.567535 -0.8231869 11.65799 -0.2360117 0.8021491 0.5483294 -4.521484 0 0 0 1 0.9698544 0.185638 0.1473053 8.25984e-7 0.01634196 0.567535 -0.8231869 11.65799 -0.2360117 0.8021491 0.5483294 -4.521484 0 0 0 1 0.9698544 0.185638 0.1473053 8.25984e-7 0.01634196 0.567535 -0.8231869 11.65799 -0.2360117 0.8021491 0.5483294 -4.521484 0 0 0 1 0.9698544 0.185638 0.1473053 8.25984e-7 0.01634196 0.567535 -0.8231869 11.65799 -0.2360117 0.8021491 0.5483294 -4.521484 0 0 0 1 0.9698544 0.185638 0.1473053 8.25984e-7 0.01634196 0.567535 -0.8231869 11.65799 -0.2360117 0.8021491 0.5483294 -4.521484 0 0 0 1 0.9698544 0.185638 0.1473053 8.25984e-7 0.01634196 0.567535 -0.8231869 11.65799 -0.2360117 0.8021491 0.5483294 -4.521484 0 0 0 1 0.9698544 0.185638 0.1473053 8.25984e-7 0.01634196 0.567535 -0.8231869 11.65799 -0.2360117 0.8021491 0.5483294 -4.521484 0 0 0 1 0.9698544 0.185638 0.1473053 8.25984e-7 0.01634196 0.567535 -0.8231869 11.65799 -0.2360117 0.8021491 0.5483294 -4.521484 0 0 0 1 0.9698544 0.185638 0.1473053 8.25984e-7 0.01634196 0.567535 -0.8231869 11.65799 -0.2360117 0.8021491 0.5483294 -4.521484 0 0 0 1 0.9698544 0.185638 0.1473053 8.25984e-7 0.01634196 0.567535 -0.8231869 11.65799 -0.2360117 0.8021491 0.5483294 -4.521484 0 0 0 1 0.9698544 0.185638 0.1473053 8.25984e-7 0.01634196 0.567535 -0.8231869 11.65799 -0.2360117 0.8021491 0.5483294 -4.521484 0 0 0 1 0.9698544 0.185638 0.1473053 8.25984e-7 0.01634196 0.567535 -0.8231869 11.65799 -0.2360117 0.8021491 0.5483294 -4.521484 0 0 0 1 0.9698544 0.185638 0.1473053 8.25984e-7 0.01634196 0.567535 -0.8231869 11.65799 -0.2360117 0.8021491 0.5483294 -4.521484 0 0 0 1 0.9698544 0.185638 0.1473053 8.25984e-7 0.01634196 0.567535 -0.8231869 11.65799 -0.2360117 0.8021491 0.5483294 -4.521484 0 0 0 1 0.9698544 0.185638 0.1473053 8.25984e-7 0.01634196 0.567535 -0.8231869 11.65799 -0.2360117 0.8021491 0.5483294 -4.521484 0 0 0 1 0.9698544 0.185638 0.1473053 8.25984e-7 0.01634196 0.567535 -0.8231869 11.65799 -0.2360117 0.8021491 0.5483294 -4.521484 0 0 0 1 0.9698544 0.185638 0.1473053 8.25984e-7 0.01634196 0.567535 -0.8231869 11.65799 -0.2360117 0.8021491 0.5483294 -4.521484 0 0 0 1 0.9698544 0.185638 0.1473053 8.25984e-7 0.01634196 0.567535 -0.8231869 11.65799 -0.2360117 0.8021491 0.5483294 -4.521484 0 0 0 1 0.9698544 0.185638 0.1473053 8.25984e-7 0.01634196 0.567535 -0.8231869 11.65799 -0.2360117 0.8021491 0.5483294 -4.521484 0 0 0 1 0.9698544 0.185638 0.1473053 8.25984e-7 0.01634196 0.567535 -0.8231869 11.65799 -0.2360117 0.8021491 0.5483294 -4.521484 0 0 0 1 0.9698544 0.185638 0.1473053 8.25984e-7 0.01634196 0.567535 -0.8231869 11.65799 -0.2360117 0.8021491 0.5483294 -4.521484 0 0 0 1 0.9698544 0.185638 0.1473053 8.25984e-7 0.01634196 0.567535 -0.8231869 11.65799 -0.2360117 0.8021491 0.5483294 -4.521484 0 0 0 1 0.9698544 0.185638 0.1473053 8.25984e-7 0.01634196 0.567535 -0.8231869 11.65799 -0.2360117 0.8021491 0.5483294 -4.521484 0 0 0 1 0.9698544 0.185638 0.1473053 8.25984e-7 0.01634196 0.567535 -0.8231869 11.65799 -0.2360117 0.8021491 0.5483294 -4.521484 0 0 0 1 0.9698544 0.185638 0.1473053 8.25984e-7 0.01634196 0.567535 -0.8231869 11.65799 -0.2360117 0.8021491 0.5483294 -4.521484 0 0 0 1 0.9698544 0.185638 0.1473053 8.25984e-7 0.01634196 0.567535 -0.8231869 11.65799 -0.2360117 0.8021491 0.5483294 -4.521484 0 0 0 1 0.9698544 0.185638 0.1473053 8.25984e-7 0.01634196 0.567535 -0.8231869 11.65799 -0.2360117 0.8021491 0.5483294 -4.521484 0 0 0 1 0.9698544 0.185638 0.1473053 8.25984e-7 0.01634196 0.567535 -0.8231869 11.65799 -0.2360117 0.8021491 0.5483294 -4.521484 0 0 0 1 0.9698544 0.185638 0.1473053 8.25984e-7 0.01634196 0.567535 -0.8231869 11.65799 -0.2360117 0.8021491 0.5483294 -4.521484 0 0 0 1 0.9698544 0.185638 0.1473053 8.25984e-7 0.01634196 0.567535 -0.8231869 11.65799 -0.2360117 0.8021491 0.5483294 -4.521484 0 0 0 1 0.9698544 0.185638 0.1473053 8.25984e-7 0.01634196 0.567535 -0.8231869 11.65799 -0.2360117 0.8021491 0.5483294 -4.521484 0 0 0 1 0.9698544 0.185638 0.1473053 8.25984e-7 0.01634196 0.567535 -0.8231869 11.65799 -0.2360117 0.8021491 0.5483294 -4.521484 0 0 0 1 0.9698544 0.185638 0.1473053 8.25984e-7 0.01634196 0.567535 -0.8231869 11.65799 -0.2360117 0.8021491 0.5483294 -4.521484 0 0 0 1 0.9698544 0.185638 0.1473053 8.25984e-7 0.01634196 0.567535 -0.8231869 11.65799 -0.2360117 0.8021491 0.5483294 -4.521484 0 0 0 1 0.9698544 0.185638 0.1473053 8.25984e-7 0.01634196 0.567535 -0.8231869 11.65799 -0.2360117 0.8021491 0.5483294 -4.521484 0 0 0 1 0.9698544 0.185638 0.1473053 8.25984e-7 0.01634196 0.567535 -0.8231869 11.65799 -0.2360117 0.8021491 0.5483294 -4.521484 0 0 0 1 0.9698544 0.185638 0.1473053 8.25984e-7 0.01634196 0.567535 -0.8231869 11.65799 -0.2360117 0.8021491 0.5483294 -4.521484 0 0 0 1 0.9698544 0.185638 0.1473053 8.25984e-7 0.01634196 0.567535 -0.8231869 11.65799 -0.2360117 0.8021491 0.5483294 -4.521484 0 0 0 1 0.9698544 0.185638 0.1473053 8.25984e-7 0.01634196 0.567535 -0.8231869 11.65799 -0.2360117 0.8021491 0.5483294 -4.521484 0 0 0 1 0.9698544 0.185638 0.1473053 8.25984e-7 0.01634196 0.567535 -0.8231869 11.65799 -0.2360117 0.8021491 0.5483294 -4.521484 0 0 0 1 0.9698544 0.185638 0.1473053 8.25984e-7 0.01634196 0.567535 -0.8231869 11.65799 -0.2360117 0.8021491 0.5483294 -4.521484 0 0 0 1 0.9698544 0.185638 0.1473053 8.25984e-7 0.01634196 0.567535 -0.8231869 11.65799 -0.2360117 0.8021491 0.5483294 -4.521484 0 0 0 1 0.9698544 0.185638 0.1473053 8.25984e-7 0.01634196 0.567535 -0.8231869 11.65799 -0.2360117 0.8021491 0.5483294 -4.521484 0 0 0 1 0.9698544 0.185638 0.1473053 8.25984e-7 0.01634196 0.567535 -0.8231869 11.65799 -0.2360117 0.8021491 0.5483294 -4.521484 0 0 0 1 0.9698544 0.185638 0.1473053 8.25984e-7 0.01634196 0.567535 -0.8231869 11.65799 -0.2360117 0.8021491 0.5483294 -4.521484 0 0 0 1 0.9698544 0.185638 0.1473053 8.25984e-7 0.01634196 0.567535 -0.8231869 11.65799 -0.2360117 0.8021491 0.5483294 -4.521484 0 0 0 1 0.9698544 0.185638 0.1473053 8.25984e-7 0.01634196 0.567535 -0.8231869 11.65799 -0.2360117 0.8021491 0.5483294 -4.521484 0 0 0 1 0.9698544 0.185638 0.1473053 8.25984e-7 0.01634196 0.567535 -0.8231869 11.65799 -0.2360117 0.8021491 0.5483294 -4.521484 0 0 0 1 0.9698544 0.185638 0.1473053 8.25984e-7 0.01634196 0.567535 -0.8231869 11.65799 -0.2360117 0.8021491 0.5483294 -4.521484 0 0 0 1 0.9698544 0.185638 0.1473053 8.25984e-7 0.01634196 0.567535 -0.8231869 11.65799 -0.2360117 0.8021491 0.5483294 -4.521484 0 0 0 1 0.9698544 0.185638 0.1473053 8.25984e-7 0.01634196 0.567535 -0.8231869 11.65799 -0.2360117 0.8021491 0.5483294 -4.521484 0 0 0 1 0.9698544 0.185638 0.1473053 8.25984e-7 0.01634196 0.567535 -0.8231869 11.65799 -0.2360117 0.8021491 0.5483294 -4.521484 0 0 0 1 0.9698544 0.185638 0.1473053 8.25984e-7 0.01634196 0.567535 -0.8231869 11.65799 -0.2360117 0.8021491 0.5483294 -4.521484 0 0 0 1 0.9698544 0.185638 0.1473053 8.25984e-7 0.01634196 0.567535 -0.8231869 11.65799 -0.2360117 0.8021491 0.5483294 -4.521484 0 0 0 1 0.9698544 0.185638 0.1473053 8.25984e-7 0.01634196 0.567535 -0.8231869 11.65799 -0.2360117 0.8021491 0.5483294 -4.521484 0 0 0 1 0.9698544 0.185638 0.1473053 8.25984e-7 0.01634196 0.567535 -0.8231869 11.65799 -0.2360117 0.8021491 0.5483294 -4.521484 0 0 0 1 0.9698544 0.185638 0.1473053 8.25984e-7 0.01634196 0.567535 -0.8231869 11.65799 -0.2360117 0.8021491 0.5483294 -4.521484 0 0 0 1 0.9698544 0.185638 0.1473053 8.25984e-7 0.01634196 0.567535 -0.8231869 11.65799 -0.2360117 0.8021491 0.5483294 -4.521484 0 0 0 1 0.9698544 0.185638 0.1473053 8.25984e-7 0.01634196 0.567535 -0.8231869 11.65799 -0.2360117 0.8021491 0.5483294 -4.521484 0 0 0 1 0.9698544 0.185638 0.1473053 8.25984e-7 0.01634196 0.567535 -0.8231869 11.65799 -0.2360117 0.8021491 0.5483294 -4.521484 0 0 0 1 0.9698544 0.185638 0.1473053 8.25984e-7 0.01634196 0.567535 -0.8231869 11.65799 -0.2360117 0.8021491 0.5483294 -4.521484 0 0 0 1 0.9698544 0.185638 0.1473053 8.25984e-7 0.01634196 0.567535 -0.8231869 11.65799 -0.2360117 0.8021491 0.5483294 -4.521484 0 0 0 1 0.9698544 0.185638 0.1473053 8.25984e-7 0.01634196 0.567535 -0.8231869 11.65799 -0.2360117 0.8021491 0.5483294 -4.521484 0 0 0 1 0.9698544 0.185638 0.1473053 8.25984e-7 0.01634196 0.567535 -0.8231869 11.65799 -0.2360117 0.8021491 0.5483294 -4.521484 0 0 0 1 0.9698544 0.185638 0.1473053 8.25984e-7 0.01634196 0.567535 -0.8231869 11.65799 -0.2360117 0.8021491 0.5483294 -4.521484 0 0 0 1 0.9698544 0.185638 0.1473053 8.25984e-7 0.01634196 0.567535 -0.8231869 11.65799 -0.2360117 0.8021491 0.5483294 -4.521484 0 0 0 1 0.9698544 0.185638 0.1473053 8.25984e-7 0.01634196 0.567535 -0.8231869 11.65799 -0.2360117 0.8021491 0.5483294 -4.521484 0 0 0 1 0.9698544 0.185638 0.1473053 8.25984e-7 0.01634196 0.567535 -0.8231869 11.65799 -0.2360117 0.8021491 0.5483294 -4.521484 0 0 0 1 0.9698544 0.185638 0.1473053 8.25984e-7 0.01634196 0.567535 -0.8231869 11.65799 -0.2360117 0.8021491 0.5483294 -4.521484 0 0 0 1 0.9698544 0.185638 0.1473053 8.25984e-7 0.01634196 0.567535 -0.8231869 11.65799 -0.2360117 0.8021491 0.5483294 -4.521484 0 0 0 1 0.9698544 0.185638 0.1473053 8.25984e-7 0.01634196 0.567535 -0.8231869 11.65799 -0.2360117 0.8021491 0.5483294 -4.521484 0 0 0 1 0.9698544 0.185638 0.1473053 8.25984e-7 0.01634196 0.567535 -0.8231869 11.65799 -0.2360117 0.8021491 0.5483294 -4.521484 0 0 0 1 0.9698544 0.185638 0.1473053 8.25984e-7 0.01634196 0.567535 -0.8231869 11.65799 -0.2360117 0.8021491 0.5483294 -4.521484 0 0 0 1 0.9698544 0.185638 0.1473053 8.25984e-7 0.01634196 0.567535 -0.8231869 11.65799 -0.2360117 0.8021491 0.5483294 -4.521484 0 0 0 1 0.9698544 0.185638 0.1473053 8.25984e-7 0.01634196 0.567535 -0.8231869 11.65799 -0.2360117 0.8021491 0.5483294 -4.521484 0 0 0 1</float_array>
          <technique_common>
            <accessor source="#Armature_ArmatureAction_wing_R_pose_matrix-output-array" count="250" stride="16">
              <param name="TRANSFORM" type="float4x4"/>
            </accessor>
          </technique_common>
        </source>
        <source id="Armature_ArmatureAction_wing_R_pose_matrix-interpolation">
          <Name_array id="Armature_ArmatureAction_wing_R_pose_matrix-interpolation-array" count="250">LINEAR LINEAR LINEAR LINEAR LINEAR LINEAR LINEAR LINEAR LINEAR LINEAR LINEAR LINEAR LINEAR LINEAR LINEAR LINEAR LINEAR LINEAR LINEAR LINEAR LINEAR LINEAR LINEAR LINEAR LINEAR LINEAR LINEAR LINEAR LINEAR LINEAR LINEAR LINEAR LINEAR LINEAR LINEAR LINEAR LINEAR LINEAR LINEAR LINEAR LINEAR LINEAR LINEAR LINEAR LINEAR LINEAR LINEAR LINEAR LINEAR LINEAR LINEAR LINEAR LINEAR LINEAR LINEAR LINEAR LINEAR LINEAR LINEAR LINEAR LINEAR LINEAR LINEAR LINEAR LINEAR LINEAR LINEAR LINEAR LINEAR LINEAR LINEAR LINEAR LINEAR LINEAR LINEAR LINEAR LINEAR LINEAR LINEAR LINEAR LINEAR LINEAR LINEAR LINEAR LINEAR LINEAR LINEAR LINEAR LINEAR LINEAR LINEAR LINEAR LINEAR LINEAR LINEAR LINEAR LINEAR LINEAR LINEAR LINEAR LINEAR LINEAR LINEAR LINEAR LINEAR LINEAR LINEAR LINEAR LINEAR LINEAR LINEAR LINEAR LINEAR LINEAR LINEAR LINEAR LINEAR LINEAR LINEAR LINEAR LINEAR LINEAR LINEAR LINEAR LINEAR LINEAR LINEAR LINEAR LINEAR LINEAR LINEAR LINEAR LINEAR LINEAR LINEAR LINEAR LINEAR LINEAR LINEAR LINEAR LINEAR LINEAR LINEAR LINEAR LINEAR LINEAR LINEAR LINEAR LINEAR LINEAR LINEAR LINEAR LINEAR LINEAR LINEAR LINEAR LINEAR LINEAR LINEAR LINEAR LINEAR LINEAR LINEAR LINEAR LINEAR LINEAR LINEAR LINEAR LINEAR LINEAR LINEAR LINEAR LINEAR LINEAR LINEAR LINEAR LINEAR LINEAR LINEAR LINEAR LINEAR LINEAR LINEAR LINEAR LINEAR LINEAR LINEAR LINEAR LINEAR LINEAR LINEAR LINEAR LINEAR LINEAR LINEAR LINEAR LINEAR LINEAR LINEAR LINEAR LINEAR LINEAR LINEAR LINEAR LINEAR LINEAR LINEAR LINEAR LINEAR LINEAR LINEAR LINEAR LINEAR LINEAR LINEAR LINEAR LINEAR LINEAR LINEAR LINEAR LINEAR LINEAR LINEAR LINEAR LINEAR LINEAR LINEAR LINEAR LINEAR LINEAR LINEAR LINEAR LINEAR LINEAR LINEAR LINEAR LINEAR LINEAR LINEAR LINEAR LINEAR LINEAR LINEAR LINEAR LINEAR LINEAR LINEAR LINEAR LINEAR LINEAR</Name_array>
          <technique_common>
            <accessor source="#Armature_ArmatureAction_wing_R_pose_matrix-interpolation-array" count="250" stride="1">
              <param name="INTERPOLATION" type="name"/>
            </accessor>
          </technique_common>
        </source>
        <sampler id="Armature_ArmatureAction_wing_R_pose_matrix-sampler">
          <input semantic="INPUT" source="#Armature_ArmatureAction_wing_R_pose_matrix-input"/>
          <input semantic="OUTPUT" source="#Armature_ArmatureAction_wing_R_pose_matrix-output"/>
          <input semantic="INTERPOLATION" source="#Armature_ArmatureAction_wing_R_pose_matrix-interpolation"/>
        </sampler>
        <channel source="#Armature_ArmatureAction_wing_R_pose_matrix-sampler" target="Armature_wing_R/transform"/>
      </animation>
    </animation>
  </library_animations>
  <library_visual_scenes>
    <visual_scene id="Scene" name="Scene">
      <node id="Armature" name="Armature" type="NODE">
        <matrix sid="transform">1 0 0 0 0 1 2.8213e-7 0 0 -2.8213e-7 1 0 0 0 0 1</matrix>
        <node id="Armature_block" name="block" sid="block" type="JOINT">
          <matrix sid="transform">1 0 0 0 0 0 -1 0 0 1 0 -0.4680452 0 0 0 1</matrix>
          <node id="Armature_wing_L" name="wing_L" sid="wing_L" type="JOINT">
            <matrix sid="transform">1 0 0 5.27961e-7 0 1 0 11.65798 0 0 1 -4.521484 0 0 0 1</matrix>
            <extra>
              <technique profile="blender">
                <tip_x sid="tip_x" type="float">0</tip_x>
                <tip_y sid="tip_y" type="float">0</tip_y>
                <tip_z sid="tip_z" type="float">5.533495</tip_z>
              </technique>
            </extra>
          </node>
          <node id="Armature_wing_R" name="wing_R" sid="wing_R" type="JOINT">
            <matrix sid="transform">1 0 0 5.27961e-7 0 1 0 11.65798 0 0 1 -4.521484 0 0 0 1</matrix>
            <extra>
              <technique profile="blender">
                <tip_x sid="tip_x" type="float">0</tip_x>
                <tip_y sid="tip_y" type="float">0</tip_y>
                <tip_z sid="tip_z" type="float">5.533495</tip_z>
              </technique>
            </extra>
          </node>
          <extra>
            <technique profile="blender">
              <tip_x sid="tip_x" type="float">0</tip_x>
              <tip_y sid="tip_y" type="float">0</tip_y>
              <tip_z sid="tip_z" type="float">12.8</tip_z>
            </technique>
          </extra>
        </node>
        <node id="Block" name="Block" type="NODE">
          <matrix sid="transform">1 0 0 0 0 1 0 0 0 0 1 0 0 0 0 1</matrix>
          <instance_controller url="#Armature_Block-skin">
            <skeleton>#Armature_block</skeleton>
            <bind_material>
              <technique_common>
                <instance_material symbol="CoinBox-material" target="#CoinBox-material">
                  <bind_vertex_input semantic="Block-mesh-map-0" input_semantic="TEXCOORD" input_set="0"/>
                </instance_material>
              </technique_common>
            </bind_material>
          </instance_controller>
        </node>
        <node id="Face_Luigi" name="Face_Luigi" type="NODE">
          <matrix sid="transform">1 0 0 0 0 1 0 0 0 0 1 0 0 0 0 1</matrix>
          <instance_controller url="#Armature_Face_Luigi-skin">
            <skeleton>#Armature_block</skeleton>
            <bind_material>
              <technique_common>
                <instance_material symbol="CoinBox-material" target="#CoinBox-material">
                  <bind_vertex_input semantic="Character_001-mesh-map-0" input_semantic="TEXCOORD" input_set="0"/>
                </instance_material>
              </technique_common>
            </bind_material>
          </instance_controller>
        </node>
        <node id="Face_Mario" name="Face_Mario" type="NODE">
          <matrix sid="transform">1 0 0 0 0 1 0 0 0 0 1 0 0 0 0 1</matrix>
          <instance_controller url="#Armature_Face_Mario-skin">
            <skeleton>#Armature_block</skeleton>
            <bind_material>
              <technique_common>
                <instance_material symbol="CoinBox-material" target="#CoinBox-material">
                  <bind_vertex_input semantic="Character-mesh-map-0" input_semantic="TEXCOORD" input_set="0"/>
                </instance_material>
              </technique_common>
            </bind_material>
          </instance_controller>
        </node>
        <node id="Wings" name="Wings" type="NODE">
          <matrix sid="transform">1 0 0 0 0 1 0 0 0 0 1 0 0 0 0 1</matrix>
          <instance_controller url="#Armature_Wings-skin">
            <skeleton>#Armature_block</skeleton>
            <bind_material>
              <technique_common>
                <instance_material symbol="Wing-material" target="#Wing-material">
                  <bind_vertex_input semantic="Wing_001-mesh-map-0" input_semantic="TEXCOORD" input_set="0"/>
                </instance_material>
              </technique_common>
            </bind_material>
          </instance_controller>
        </node>
        <node id="Face_Invalid" name="Face_Invalid" type="NODE">
          <matrix sid="transform">1 0 0 0 0 1 0 0 0 0 1 0 0 0 0 1</matrix>
          <instance_controller url="#Armature_Face_Invalid-skin">
            <skeleton>#Armature_block</skeleton>
            <bind_material>
              <technique_common>
                <instance_material symbol="CoinBox-material" target="#CoinBox-material">
                  <bind_vertex_input semantic="Character-mesh-map-0" input_semantic="TEXCOORD" input_set="0"/>
                </instance_material>
              </technique_common>
            </bind_material>
          </instance_controller>
        </node>
      </node>
    </visual_scene>
  </library_visual_scenes>
  <scene>
    <instance_visual_scene url="#Scene"/>
  </scene>
</COLLADA>