version 1
nodes
0 "S" -1
1 "fan" 0
2 "body" 1
3 "eff_loc" 1
4 "null" 3
5 "head" 1
6 "cover" 5
7 "hane" 5
8 "neck" 1
9 "neck_joint" 1
end
skeleton
time 0
0 -0.00652074 0 0 0 0 0
1 0.00652074 47.2058 0 0 0 0
2 0 -47.2058 0 0 0 0
3 0 0.929421 0 0 0 0
4 0 0 0 0 0 0
5 0.007 0.00524667 -0.02 0 -0.4726546 0
6 -0.007 -47.211 5.93 0 0 0
7 -0.007 8.45016 2.68682 0 0 -43.9823
8 0 -47.2058 0 0 0 0
9 0 -4.3996 -3.75516 0 0 0
time 1
0 -0.00652074 0 0 0 0 0
1 0.00652074 47.2058 0 0 0 0
2 0 -47.2058 0 0 0 0
3 0 0.929421 0 0 0 0
4 0 0 0 0 0 0
5 0.007 0.00524667 -0.02 0 -0.4666844 0
6 -0.007 -47.211 5.93 0 0 0
7 -0.007 8.45016 2.68682 0 0 -43.35396
8 0 -47.2058 0 0 0 0
9 0 -4.3996 -3.75516 0 0 0
time 2
0 -0.00652074 0 0 0 0 0
1 0.00652074 47.2058 0 0 0 0
2 0 -47.2058 0 0 0 0
3 0 0.929421 0 0 0 0
4 0 0 0 0 0 0
5 0.007 0.00524667 -0.02 0 -0.4607143 0
6 -0.007 -47.211 5.93 0 0 0
7 -0.007 8.45016 2.68682 0 0 -42.72563
8 0 -47.2058 0 0 0 0
9 0 -4.3996 -3.75516 0 0 0
time 3
0 -0.00652074 0 0 0 0 0
1 0.00652074 47.2058 0 0 0 0
2 0 -47.2058 0 0 0 0
3 0 0.929421 0 0 0 0
4 0 0 0 0 0 0
5 0.007 0.00524667 -0.02 0 -0.4547441 0
6 -0.007 -47.211 5.93 0 0 0
7 -0.007 8.45016 2.68682 0 0 -42.0973
8 0 -47.2058 0 0 0 0
9 0 -4.3996 -3.75516 0 0 0
time 4
0 -0.00652074 0 0 0 0 0
1 0.00652074 47.2058 0 0 0 0
2 0 -47.2058 0 0 0 0
3 0 0.929421 0 0 0 0
4 0 0 0 0 0 0
5 0.007 0.00524667 -0.02 0 -0.448774 0
6 -0.007 -47.211 5.93 0 0 0
7 -0.007 8.45016 2.68682 0 0 -41.46896
8 0 -47.2058 0 0 0 0
9 0 -4.3996 -3.75516 0 0 0
time 5
0 -0.00652074 0 0 0 0 0
1 0.00652074 47.2058 0 0 0 0
2 0 -47.2058 0 0 0 0
3 0 0.929421 0 0 0 0
4 0 0 0 0 0 0
5 0.007 0.00524667 -0.02 0 -0.4428038 0
6 -0.007 -47.211 5.93 0 0 0
7 -0.007 8.45016 2.68682 0 0 -40.84064
8 0 -47.2058 0 0 0 0
9 0 -4.3996 -3.75516 0 0 0
time 6
0 -0.00652074 0 0 0 0 0
1 0.00652074 47.2058 0 0 0 0
2 0 -47.2058 0 0 0 0
3 0 0.929421 0 0 0 0
4 0 0 0 0 0 0
5 0.007 0.00524667 -0.02 0 -0.4368337 0
6 -0.007 -47.211 5.93 0 0 0
7 -0.007 8.45016 2.68682 0 0 -40.21231
8 0 -47.2058 0 0 0 0
9 0 -4.3996 -3.75516 0 0 0
time 7
0 -0.00652074 0 0 0 0 0
1 0.00652074 47.2058 0 0 0 0
2 0 -47.2058 0 0 0 0
3 0 0.929421 0 0 0 0
4 0 0 0 0 0 0
5 0.007 0.00524667 -0.02 0 -0.4308636 0
6 -0.007 -47.211 5.93 0 0 0
7 -0.007 8.45016 2.68682 0 0 -39.58398
8 0 -47.2058 0 0 0 0
9 0 -4.3996 -3.75516 0 0 0
time 8
0 -0.00652074 0 0 0 0 0
1 0.00652074 47.2058 0 0 0 0
2 0 -47.2058 0 0 0 0
3 0 0.929421 0 0 0 0
4 0 0 0 0 0 0
5 0.007 0.00524667 -0.02 0 -0.4248934 0
6 -0.007 -47.211 5.93 0 0 0
7 -0.007 8.45016 2.68682 0 0 -38.95565
8 0 -47.2058 0 0 0 0
9 0 -4.3996 -3.75516 0 0 0
time 9
0 -0.00652074 0 0 0 0 0
1 0.00652074 47.2058 0 0 0 0
2 0 -47.2058 0 0 0 0
3 0 0.929421 0 0 0 0
4 0 0 0 0 0 0
5 0.007 0.00524667 -0.02 0 -0.4189233 0
6 -0.007 -47.211 5.93 0 0 0
7 -0.007 8.45016 2.68682 0 0 -38.32733
8 0 -47.2058 0 0 0 0
9 0 -4.3996 -3.75516 0 0 0
time 10
0 -0.00652074 0 0 0 0 0
1 0.00652074 47.2058 0 0 0 0
2 0 -47.2058 0 0 0 0
3 0 0.929421 0 0 0 0
4 0 0 0 0 0 0
5 0.007 0.00524667 -0.02 0 -0.4129531 0
6 -0.007 -47.211 5.93 0 0 0
7 -0.007 8.45016 2.68682 0 0 -37.699
8 0 -47.2058 0 0 0 0
9 0 -4.3996 -3.75516 0 0 0
time 11
0 -0.00652074 0 0 0 0 0
1 0.00652074 47.2058 0 0 0 0
2 0 -47.2058 0 0 0 0
3 0 0.929421 0 0 0 0
4 0 0 0 0 0 0
5 0.007 0.00524667 -0.02 0 -0.406983 0
6 -0.007 -47.211 5.93 0 0 0
7 -0.007 8.45016 2.68682 0 0 -37.07068
8 0 -47.2058 0 0 0 0
9 0 -4.3996 -3.75516 0 0 0
time 12
0 -0.00652074 0 0 0 0 0
1 0.00652074 47.2058 0 0 0 0
2 0 -47.2058 0 0 0 0
3 0 0.929421 0 0 0 0
4 0 0 0 0 0 0
5 0.007 0.00524667 -0.02 0 -0.4010128 0
6 -0.007 -47.211 5.93 0 0 0
7 -0.007 8.45016 2.68682 0 0 -36.44236
8 0 -47.2058 0 0 0 0
9 0 -4.3996 -3.75516 0 0 0
time 13
0 -0.00652074 0 0 0 0 0
1 0.00652074 47.2058 0 0 0 0
2 0 -47.2058 0 0 0 0
3 0 0.929421 0 0 0 0
4 0 0 0 0 0 0
5 0.007 0.00524667 -0.02 0 -0.3950427 0
6 -0.007 -47.211 5.93 0 0 0
7 -0.007 8.45016 2.68682 0 0 -35.81403
8 0 -47.2058 0 0 0 0
9 0 -4.3996 -3.75516 0 0 0
time 14
0 -0.00652074 0 0 0 0 0
1 0.00652074 47.2058 0 0 0 0
2 0 -47.2058 0 0 0 0
3 0 0.929421 0 0 0 0
4 0 0 0 0 0 0
5 0.007 0.00524667 -0.02 0 -0.3890725 0
6 -0.007 -47.211 5.93 0 0 0
7 -0.007 8.45016 2.68682 0 0 -35.18571
8 0 -47.2058 0 0 0 0
9 0 -4.3996 -3.75516 0 0 0
time 15
0 -0.00652074 0 0 0 0 0
1 0.00652074 47.2058 0 0 0 0
2 0 -47.2058 0 0 0 0
3 0 0.929421 0 0 0 0
4 0 0 0 0 0 0
5 0.007 0.00524667 -0.02 0 -0.3831024 0
6 -0.007 -47.211 5.93 0 0 0
7 -0.007 8.45016 2.68682 0 0 -34.5574
8 0 -47.2058 0 0 0 0
9 0 -4.3996 -3.75516 0 0 0
time 16
0 -0.00652074 0 0 0 0 0
1 0.00652074 47.2058 0 0 0 0
2 0 -47.2058 0 0 0 0
3 0 0.929421 0 0 0 0
4 0 0 0 0 0 0
5 0.007 0.00524667 -0.02 0 -0.3771322 0
6 -0.007 -47.211 5.93 0 0 0
7 -0.007 8.45016 2.68682 0 0 -33.92907
8 0 -47.2058 0 0 0 0
9 0 -4.3996 -3.75516 0 0 0
time 17
0 -0.00652074 0 0 0 0 0
1 0.00652074 47.2058 0 0 0 0
2 0 -47.2058 0 0 0 0
3 0 0.929421 0 0 0 0
4 0 0 0 0 0 0
5 0.007 0.00524667 -0.02 0 -0.3711621 0
6 -0.007 -47.211 5.93 0 0 0
7 -0.007 8.45016 2.68682 0 0 -33.30076
8 0 -47.2058 0 0 0 0
9 0 -4.3996 -3.75516 0 0 0
time 18
0 -0.00652074 0 0 0 0 0
1 0.00652074 47.2058 0 0 0 0
2 0 -47.2058 0 0 0 0
3 0 0.929421 0 0 0 0
4 0 0 0 0 0 0
5 0.007 0.00524667 -0.02 0 -0.3651919 0
6 -0.007 -47.211 5.93 0 0 0
7 -0.007 8.45016 2.68682 0 0 -32.67244
8 0 -47.2058 0 0 0 0
9 0 -4.3996 -3.75516 0 0 0
time 19
0 -0.00652074 0 0 0 0 0
1 0.00652074 47.2058 0 0 0 0
2 0 -47.2058 0 0 0 0
3 0 0.929421 0 0 0 0
4 0 0 0 0 0 0
5 0.007 0.00524667 -0.02 0 -0.3592218 0
6 -0.007 -47.211 5.93 0 0 0
7 -0.007 8.45016 2.68682 0 0 -32.04412
8 0 -47.2058 0 0 0 0
9 0 -4.3996 -3.75516 0 0 0
time 20
0 -0.00652074 0 0 0 0 0
1 0.00652074 47.2058 0 0 0 0
2 0 -47.2058 0 0 0 0
3 0 0.929421 0 0 0 0
4 0 0 0 0 0 0
5 0.007 0.00524667 -0.02 0 -0.3532516 0
6 -0.007 -47.211 5.93 0 0 0
7 -0.007 8.45016 2.68682 0 0 -31.41581
8 0 -47.2058 0 0 0 0
9 0 -4.3996 -3.75516 0 0 0
time 21
0 -0.00652074 0 0 0 0 0
1 0.00652074 47.2058 0 0 0 0
2 0 -47.2058 0 0 0 0
3 0 0.929421 0 0 0 0
4 0 0 0 0 0 0
5 0.007 0.00524667 -0.02 0 -0.3472815 0
6 -0.007 -47.211 5.93 0 0 0
7 -0.007 8.45016 2.68682 0 0 -30.78749
8 0 -47.2058 0 0 0 0
9 0 -4.3996 -3.75516 0 0 0
time 22
0 -0.00652074 0 0 0 0 0
1 0.00652074 47.2058 0 0 0 0
2 0 -47.2058 0 0 0 0
3 0 0.929421 0 0 0 0
4 0 0 0 0 0 0
5 0.007 0.00524667 -0.02 0 -0.3413113 0
6 -0.007 -47.211 5.93 0 0 0
7 -0.007 8.45016 2.68682 0 0 -30.15918
8 0 -47.2058 0 0 0 0
9 0 -4.3996 -3.75516 0 0 0
time 23
0 -0.00652074 0 0 0 0 0
1 0.00652074 47.2058 0 0 0 0
2 0 -47.2058 0 0 0 0
3 0 0.929421 0 0 0 0
4 0 0 0 0 0 0
5 0.007 0.00524667 -0.02 0 -0.3353411 0
6 -0.007 -47.211 5.93 0 0 0
7 -0.007 8.45016 2.68682 0 0 -29.53086
8 0 -47.2058 0 0 0 0
9 0 -4.3996 -3.75516 0 0 0
time 24
0 -0.00652074 0 0 0 0 0
1 0.00652074 47.2058 0 0 0 0
2 0 -47.2058 0 0 0 0
3 0 0.929421 0 0 0 0
4 0 0 0 0 0 0
5 0.007 0.00524667 -0.02 0 -0.3293709 0
6 -0.007 -47.211 5.93 0 0 0
7 -0.007 8.45016 2.68682 0 0 -28.90255
8 0 -47.2058 0 0 0 0
9 0 -4.3996 -3.75516 0 0 0
time 25
0 -0.00652074 0 0 0 0 0
1 0.00652074 47.2058 0 0 0 0
2 0 -47.2058 0 0 0 0
3 0 0.929421 0 0 0 0
4 0 0 0 0 0 0
5 0.007 0.00524667 -0.02 0 -0.3234008 0
6 -0.007 -47.211 5.93 0 0 0
7 -0.007 8.45016 2.68682 0 0 -28.27423
8 0 -47.2058 0 0 0 0
9 0 -4.3996 -3.75516 0 0 0
time 26
0 -0.00652074 0 0 0 0 0
1 0.00652074 47.2058 0 0 0 0
2 0 -47.2058 0 0 0 0
3 0 0.929421 0 0 0 0
4 0 0 0 0 0 0
5 0.007 0.00524667 -0.02 0 -0.3174306 0
6 -0.007 -47.211 5.93 0 0 0
7 -0.007 8.45016 2.68682 0 0 -27.64592
8 0 -47.2058 0 0 0 0
9 0 -4.3996 -3.75516 0 0 0
time 27
0 -0.00652074 0 0 0 0 0
1 0.00652074 47.2058 0 0 0 0
2 0 -47.2058 0 0 0 0
3 0 0.929421 0 0 0 0
4 0 0 0 0 0 0
5 0.007 0.00524667 -0.02 0 -0.3114605 0
6 -0.007 -47.211 5.93 0 0 0
7 -0.007 8.45016 2.68682 0 0 -27.0176
8 0 -47.2058 0 0 0 0
9 0 -4.3996 -3.75516 0 0 0
time 28
0 -0.00652074 0 0 0 0 0
1 0.00652074 47.2058 0 0 0 0
2 0 -47.2058 0 0 0 0
3 0 0.929421 0 0 0 0
4 0 0 0 0 0 0
5 0.007 0.00524667 -0.02 0 -0.3054903 0
6 -0.007 -47.211 5.93 0 0 0
7 -0.007 8.45016 2.68682 0 0 -26.38929
8 0 -47.2058 0 0 0 0
9 0 -4.3996 -3.75516 0 0 0
time 29
0 -0.00652074 0 0 0 0 0
1 0.00652074 47.2058 0 0 0 0
2 0 -47.2058 0 0 0 0
3 0 0.929421 0 0 0 0
4 0 0 0 0 0 0
5 0.007 0.00524667 -0.02 0 -0.2995201 0
6 -0.007 -47.211 5.93 0 0 0
7 -0.007 8.45016 2.68682 0 0 -25.76098
8 0 -47.2058 0 0 0 0
9 0 -4.3996 -3.75516 0 0 0
time 30
0 -0.00652074 0 0 0 0 0
1 0.00652074 47.2058 0 0 0 0
2 0 -47.2058 0 0 0 0
3 0 0.929421 0 0 0 0
4 0 0 0 0 0 0
5 0.007 0.00524667 -0.02 0 -0.29355 0
6 -0.007 -47.211 5.93 0 0 0
7 -0.007 8.45016 2.68682 0 0 -25.13267
8 0 -47.2058 0 0 0 0
9 0 -4.3996 -3.75516 0 0 0
time 31
0 -0.00652074 0 0 0 0 0
1 0.00652074 47.2058 0 0 0 0
2 0 -47.2058 0 0 0 0
3 0 0.929421 0 0 0 0
4 0 0 0 0 0 0
5 0.007 0.00524667 -0.02 0 -0.2875798 0
6 -0.007 -47.211 5.93 0 0 0
7 -0.007 8.45016 2.68682 0 0 -24.50435
8 0 -47.2058 0 0 0 0
9 0 -4.3996 -3.75516 0 0 0
time 32
0 -0.00652074 0 0 0 0 0
1 0.00652074 47.2058 0 0 0 0
2 0 -47.2058 0 0 0 0
3 0 0.929421 0 0 0 0
4 0 0 0 0 0 0
5 0.007 0.00524667 -0.02 0 -0.2816096 0
6 -0.007 -47.211 5.93 0 0 0
7 -0.007 8.45016 2.68682 0 0 -23.87604
8 0 -47.2058 0 0 0 0
9 0 -4.3996 -3.75516 0 0 0
time 33
0 -0.00652074 0 0 0 0 0
1 0.00652074 47.2058 0 0 0 0
2 0 -47.2058 0 0 0 0
3 0 0.929421 0 0 0 0
4 0 0 0 0 0 0
5 0.007 0.00524667 -0.02 0 -0.2756394 0
6 -0.007 -47.211 5.93 0 0 0
7 -0.007 8.45016 2.68682 0 0 -23.24773
8 0 -47.2058 0 0 0 0
9 0 -4.3996 -3.75516 0 0 0
time 34
0 -0.00652074 0 0 0 0 0
1 0.00652074 47.2058 0 0 0 0
2 0 -47.2058 0 0 0 0
3 0 0.929421 0 0 0 0
4 0 0 0 0 0 0
5 0.007 0.00524667 -0.02 0 -0.2696693 0
6 -0.007 -47.211 5.93 0 0 0
7 -0.007 8.45016 2.68682 0 0 -22.61941
8 0 -47.2058 0 0 0 0
9 0 -4.3996 -3.75516 0 0 0
time 35
0 -0.00652074 0 0 0 0 0
1 0.00652074 47.2058 0 0 0 0
2 0 -47.2058 0 0 0 0
3 0 0.929421 0 0 0 0
4 0 0 0 0 0 0
5 0.007 0.00524667 -0.02 0 -0.2636991 0
6 -0.007 -47.211 5.93 0 0 0
7 -0.007 8.45016 2.68682 0 0 -21.9911
8 0 -47.2058 0 0 0 0
9 0 -4.3996 -3.75516 0 0 0
time 36
0 -0.00652074 0 0 0 0 0
1 0.00652074 47.2058 0 0 0 0
2 0 -47.2058 0 0 0 0
3 0 0.929421 0 0 0 0
4 0 0 0 0 0 0
5 0.007 0.00524667 -0.02 0 -0.2577289 0
6 -0.007 -47.211 5.93 0 0 0
7 -0.007 8.45016 2.68682 0 0 -21.36279
8 0 -47.2058 0 0 0 0
9 0 -4.3996 -3.75516 0 0 0
time 37
0 -0.00652074 0 0 0 0 0
1 0.00652074 47.2058 0 0 0 0
2 0 -47.2058 0 0 0 0
3 0 0.929421 0 0 0 0
4 0 0 0 0 0 0
5 0.007 0.00524667 -0.02 0 -0.2517588 0
6 -0.007 -47.211 5.93 0 0 0
7 -0.007 8.45016 2.68682 0 0 -20.73448
8 0 -47.2058 0 0 0 0
9 0 -4.3996 -3.75516 0 0 0
time 38
0 -0.00652074 0 0 0 0 0
1 0.00652074 47.2058 0 0 0 0
2 0 -47.2058 0 0 0 0
3 0 0.929421 0 0 0 0
4 0 0 0 0 0 0
5 0.007 0.00524667 -0.02 0 -0.2457886 0
6 -0.007 -47.211 5.93 0 0 0
7 -0.007 8.45016 2.68682 0 0 -20.10616
8 0 -47.2058 0 0 0 0
9 0 -4.3996 -3.75516 0 0 0
time 39
0 -0.00652074 0 0 0 0 0
1 0.00652074 47.2058 0 0 0 0
2 0 -47.2058 0 0 0 0
3 0 0.929421 0 0 0 0
4 0 0 0 0 0 0
5 0.007 0.00524667 -0.02 0 -0.2398184 0
6 -0.007 -47.211 5.93 0 0 0
7 -0.007 8.45016 2.68682 0 0 -19.47785
8 0 -47.2058 0 0 0 0
9 0 -4.3996 -3.75516 0 0 0
time 40
0 -0.00652074 0 0 0 0 0
1 0.00652074 47.2058 0 0 0 0
2 0 -47.2058 0 0 0 0
3 0 0.929421 0 0 0 0
4 0 0 0 0 0 0
5 0.007 0.00524667 -0.02 0 -0.2338482 0
6 -0.007 -47.211 5.93 0 0 0
7 -0.007 8.45016 2.68682 0 0 -18.84954
8 0 -47.2058 0 0 0 0
9 0 -4.3996 -3.75516 0 0 0
time 41
0 -0.00652074 0 0 0 0 0
1 0.00652074 47.2058 0 0 0 0
2 0 -47.2058 0 0 0 0
3 0 0.929421 0 0 0 0
4 0 0 0 0 0 0
5 0.007 0.00524667 -0.02 0 -0.227878 0
6 -0.007 -47.211 5.93 0 0 0
7 -0.007 8.45016 2.68682 0 0 -18.22123
8 0 -47.2058 0 0 0 0
9 0 -4.3996 -3.75516 0 0 0
time 42
0 -0.00652074 0 0 0 0 0
1 0.00652074 47.2058 0 0 0 0
2 0 -47.2058 0 0 0 0
3 0 0.929421 0 0 0 0
4 0 0 0 0 0 0
5 0.007 0.00524667 -0.02 0 -0.2219079 0
6 -0.007 -47.211 5.93 0 0 0
7 -0.007 8.45016 2.68682 0 0 -17.59291
8 0 -47.2058 0 0 0 0
9 0 -4.3996 -3.75516 0 0 0
time 43
0 -0.00652074 0 0 0 0 0
1 0.00652074 47.2058 0 0 0 0
2 0 -47.2058 0 0 0 0
3 0 0.929421 0 0 0 0
4 0 0 0 0 0 0
5 0.007 0.00524667 -0.02 0 -0.2159377 0
6 -0.007 -47.211 5.93 0 0 0
7 -0.007 8.45016 2.68682 0 0 -16.9646
8 0 -47.2058 0 0 0 0
9 0 -4.3996 -3.75516 0 0 0
time 44
0 -0.00652074 0 0 0 0 0
1 0.00652074 47.2058 0 0 0 0
2 0 -47.2058 0 0 0 0
3 0 0.929421 0 0 0 0
4 0 0 0 0 0 0
5 0.007 0.00524667 -0.02 0 -0.2099674 0
6 -0.007 -47.211 5.93 0 0 0
7 -0.007 8.45016 2.68682 0 0 -16.33628
8 0 -47.2058 0 0 0 0
9 0 -4.3996 -3.75516 0 0 0
time 45
0 -0.00652074 0 0 0 0 0
1 0.00652074 47.2058 0 0 0 0
2 0 -47.2058 0 0 0 0
3 0 0.929421 0 0 0 0
4 0 0 0 0 0 0
5 0.007 0.00524667 -0.02 0 -0.2039973 0
6 -0.007 -47.211 5.93 0 0 0
7 -0.007 8.45016 2.68682 0 0 -15.70797
8 0 -47.2058 0 0 0 0
9 0 -4.3996 -3.75516 0 0 0
time 46
0 -0.00652074 0 0 0 0 0
1 0.00652074 47.2058 0 0 0 0
2 0 -47.2058 0 0 0 0
3 0 0.929421 0 0 0 0
4 0 0 0 0 0 0
5 0.007 0.00524667 -0.02 0 -0.1980271 0
6 -0.007 -47.211 5.93 0 0 0
7 -0.007 8.45016 2.68682 0 0 -15.07965
8 0 -47.2058 0 0 0 0
9 0 -4.3996 -3.75516 0 0 0
time 47
0 -0.00652074 0 0 0 0 0
1 0.00652074 47.2058 0 0 0 0
2 0 -47.2058 0 0 0 0
3 0 0.929421 0 0 0 0
4 0 0 0 0 0 0
5 0.007 0.00524667 -0.02 0 -0.1920569 0
6 -0.007 -47.211 5.93 0 0 0
7 -0.007 8.45016 2.68682 0 0 -14.45133
8 0 -47.2058 0 0 0 0
9 0 -4.3996 -3.75516 0 0 0
time 48
0 -0.00652074 0 0 0 0 0
1 0.00652074 47.2058 0 0 0 0
2 0 -47.2058 0 0 0 0
3 0 0.929421 0 0 0 0
4 0 0 0 0 0 0
5 0.007 0.00524667 -0.02 0 -0.1860867 0
6 -0.007 -47.211 5.93 0 0 0
7 -0.007 8.45016 2.68682 0 0 -13.82301
8 0 -47.2058 0 0 0 0
9 0 -4.3996 -3.75516 0 0 0
time 49
0 -0.00652074 0 0 0 0 0
1 0.00652074 47.2058 0 0 0 0
2 0 -47.2058 0 0 0 0
3 0 0.929421 0 0 0 0
4 0 0 0 0 0 0
5 0.007 0.00524667 -0.02 0 -0.1801165 0
6 -0.007 -47.211 5.93 0 0 0
7 -0.007 8.45016 2.68682 0 0 -13.1947
8 0 -47.2058 0 0 0 0
9 0 -4.3996 -3.75516 0 0 0
time 50
0 -0.00652074 0 0 0 0 0
1 0.00652074 47.2058 0 0 0 0
2 0 -47.2058 0 0 0 0
3 0 0.929421 0 0 0 0
4 0 0 0 0 0 0
5 0.007 0.00524667 -0.02 0 -0.1741463 0
6 -0.007 -47.211 5.93 0 0 0
7 -0.007 8.45016 2.68682 0 0 -12.56638
8 0 -47.2058 0 0 0 0
9 0 -4.3996 -3.75516 0 0 0
time 51
0 -0.00652074 0 0 0 0 0
1 0.00652074 47.2058 0 0 0 0
2 0 -47.2058 0 0 0 0
3 0 0.929421 0 0 0 0
4 0 0 0 0 0 0
5 0.007 0.00524667 -0.02 0 -0.1681761 0
6 -0.007 -47.211 5.93 0 0 0
7 -0.007 8.45016 2.68682 0 0 -11.93806
8 0 -47.2058 0 0 0 0
9 0 -4.3996 -3.75516 0 0 0
time 52
0 -0.00652074 0 0 0 0 0
1 0.00652074 47.2058 0 0 0 0
2 0 -47.2058 0 0 0 0
3 0 0.929421 0 0 0 0
4 0 0 0 0 0 0
5 0.007 0.00524667 -0.02 0 -0.1622059 0
6 -0.007 -47.211 5.93 0 0 0
7 -0.007 8.45016 2.68682 0 0 -11.30974
8 0 -47.2058 0 0 0 0
9 0 -4.3996 -3.75516 0 0 0
time 53
0 -0.00652074 0 0 0 0 0
1 0.00652074 47.2058 0 0 0 0
2 0 -47.2058 0 0 0 0
3 0 0.929421 0 0 0 0
4 0 0 0 0 0 0
5 0.007 0.00524667 -0.02 0 -0.1562357 0
6 -0.007 -47.211 5.93 0 0 0
7 -0.007 8.45016 2.68682 0 0 -10.68142
8 0 -47.2058 0 0 0 0
9 0 -4.3996 -3.75516 0 0 0
time 54
0 -0.00652074 0 0 0 0 0
1 0.00652074 47.2058 0 0 0 0
2 0 -47.2058 0 0 0 0
3 0 0.929421 0 0 0 0
4 0 0 0 0 0 0
5 0.007 0.00524667 -0.02 0 -0.1502655 0
6 -0.007 -47.211 5.93 0 0 0
7 -0.007 8.45016 2.68682 0 0 -10.0531
8 0 -47.2058 0 0 0 0
9 0 -4.3996 -3.75516 0 0 0
time 55
0 -0.00652074 0 0 0 0 0
1 0.00652074 47.2058 0 0 0 0
2 0 -47.2058 0 0 0 0
3 0 0.929421 0 0 0 0
4 0 0 0 0 0 0
5 0.007 0.00524667 -0.02 0 -0.1442952 0
6 -0.007 -47.211 5.93 0 0 0
7 -0.007 8.45016 2.68682 0 0 -9.424774
8 0 -47.2058 0 0 0 0
9 0 -4.3996 -3.75516 0 0 0
time 56
0 -0.00652074 0 0 0 0 0
1 0.00652074 47.2058 0 0 0 0
2 0 -47.2058 0 0 0 0
3 0 0.929421 0 0 0 0
4 0 0 0 0 0 0
5 0.007 0.00524667 -0.02 0 -0.138325 0
6 -0.007 -47.211 5.93 0 0 0
7 -0.007 8.45016 2.68682 0 0 -8.796452
8 0 -47.2058 0 0 0 0
9 0 -4.3996 -3.75516 0 0 0
time 57
0 -0.00652074 0 0 0 0 0
1 0.00652074 47.2058 0 0 0 0
2 0 -47.2058 0 0 0 0
3 0 0.929421 0 0 0 0
4 0 0 0 0 0 0
5 0.007 0.00524667 -0.02 0 -0.1323548 0
6 -0.007 -47.211 5.93 0 0 0
7 -0.007 8.45016 2.68682 0 0 -8.16813
8 0 -47.2058 0 0 0 0
9 0 -4.3996 -3.75516 0 0 0
time 58
0 -0.00652074 0 0 0 0 0
1 0.00652074 47.2058 0 0 0 0
2 0 -47.2058 0 0 0 0
3 0 0.929421 0 0 0 0
4 0 0 0 0 0 0
5 0.007 0.00524667 -0.02 0 -0.1263846 0
6 -0.007 -47.211 5.93 0 0 0
7 -0.007 8.45016 2.68682 0 0 -7.53981
8 0 -47.2058 0 0 0 0
9 0 -4.3996 -3.75516 0 0 0
time 59
0 -0.00652074 0 0 0 0 0
1 0.00652074 47.2058 0 0 0 0
2 0 -47.2058 0 0 0 0
3 0 0.929421 0 0 0 0
4 0 0 0 0 0 0
5 0.007 0.00524667 -0.02 0 -0.1204144 0
6 -0.007 -47.211 5.93 0 0 0
7 -0.007 8.45016 2.68682 0 0 -6.91149
8 0 -47.2058 0 0 0 0
9 0 -4.3996 -3.75516 0 0 0
time 60
0 -0.00652074 0 0 0 0 0
1 0.00652074 47.2058 0 0 0 0
2 0 -47.2058 0 0 0 0
3 0 0.929421 0 0 0 0
4 0 0 0 0 0 0
5 0.007 0.00524667 -0.02 0 -0.1144442 0
6 -0.007 -47.211 5.93 0 0 0
7 -0.007 8.45016 2.68682 0 0 -6.283171
8 0 -47.2058 0 0 0 0
9 0 -4.3996 -3.75516 0 0 0
time 61
0 -0.00652074 0 0 0 0 0
1 0.00652074 47.2058 0 0 0 0
2 0 -47.2058 0 0 0 0
3 0 0.929421 0 0 0 0
4 0 0 0 0 0 0
5 0.007 0.00524667 -0.02 0 -0.1084739 0
6 -0.007 -47.211 5.93 0 0 0
7 -0.007 8.45016 2.68682 0 0 -5.654852
8 0 -47.2058 0 0 0 0
9 0 -4.3996 -3.75516 0 0 0
time 62
0 -0.00652074 0 0 0 0 0
1 0.00652074 47.2058 0 0 0 0
2 0 -47.2058 0 0 0 0
3 0 0.929421 0 0 0 0
4 0 0 0 0 0 0
5 0.007 0.00524667 -0.02 0 -0.1025037 0
6 -0.007 -47.211 5.93 0 0 0
7 -0.007 8.45016 2.68682 0 0 -5.026533
8 0 -47.2058 0 0 0 0
9 0 -4.3996 -3.75516 0 0 0
time 63
0 -0.00652074 0 0 0 0 0
1 0.00652074 47.2058 0 0 0 0
2 0 -47.2058 0 0 0 0
3 0 0.929421 0 0 0 0
4 0 0 0 0 0 0
5 0.007 0.00524667 -0.02 0 -0.09653346 0
6 -0.007 -47.211 5.93 0 0 0
7 -0.007 8.45016 2.68682 0 0 -4.398216
8 0 -47.2058 0 0 0 0
9 0 -4.3996 -3.75516 0 0 0
time 64
0 -0.00652074 0 0 0 0 0
1 0.00652074 47.2058 0 0 0 0
2 0 -47.2058 0 0 0 0
3 0 0.929421 0 0 0 0
4 0 0 0 0 0 0
5 0.007 0.00524667 -0.02 0 -0.09056327 0
6 -0.007 -47.211 5.93 0 0 0
7 -0.007 8.45016 2.68682 0 0 -3.769899
8 0 -47.2058 0 0 0 0
9 0 -4.3996 -3.75516 0 0 0
time 65
0 -0.00652074 0 0 0 0 0
1 0.00652074 47.2058 0 0 0 0
2 0 -47.2058 0 0 0 0
3 0 0.929421 0 0 0 0
4 0 0 0 0 0 0
5 0.007 0.00524667 -0.02 0 -0.08459304 0
6 -0.007 -47.211 5.93 0 0 0
7 -0.007 8.45016 2.68682 0 0 -3.141582
8 0 -47.2058 0 0 0 0
9 0 -4.3996 -3.75516 0 0 0
time 66
0 -0.00652074 0 0 0 0 0
1 0.00652074 47.2058 0 0 0 0
2 0 -47.2058 0 0 0 0
3 0 0.929421 0 0 0 0
4 0 0 0 0 0 0
5 0.007 0.00524667 -0.02 0 -0.07862279 0
6 -0.007 -47.211 5.93 0 0 0
7 -0.007 8.45016 2.68682 0 0 -2.513264
8 0 -47.2058 0 0 0 0
9 0 -4.3996 -3.75516 0 0 0
time 67
0 -0.00652074 0 0 0 0 0
1 0.00652074 47.2058 0 0 0 0
2 0 -47.2058 0 0 0 0
3 0 0.929421 0 0 0 0
4 0 0 0 0 0 0
5 0.007 0.00524667 -0.02 0 -0.07265253 0
6 -0.007 -47.211 5.93 0 0 0
7 -0.007 8.45016 2.68682 0 0 -1.884948
8 0 -47.2058 0 0 0 0
9 0 -4.3996 -3.75516 0 0 0
time 68
0 -0.00652074 0 0 0 0 0
1 0.00652074 47.2058 0 0 0 0
2 0 -47.2058 0 0 0 0
3 0 0.929421 0 0 0 0
4 0 0 0 0 0 0
5 0.007 0.00524667 -0.02 0 -0.06668236 0
6 -0.007 -47.211 5.93 0 0 0
7 -0.007 8.45016 2.68682 0 0 -1.256631
8 0 -47.2058 0 0 0 0
9 0 -4.3996 -3.75516 0 0 0
time 69
0 -0.00652074 0 0 0 0 0
1 0.00652074 47.2058 0 0 0 0
2 0 -47.2058 0 0 0 0
3 0 0.929421 0 0 0 0
4 0 0 0 0 0 0
5 0.007 0.00524667 -0.02 0 -0.06071208 0
6 -0.007 -47.211 5.93 0 0 0
7 -0.007 8.45016 2.68682 0 0 -0.6283143
8 0 -47.2058 0 0 0 0
9 0 -4.3996 -3.75516 0 0 0
time 70
0 -0.00652074 0 0 0 0 0
1 0.00652074 47.2058 0 0 0 0
2 0 -47.2058 0 0 0 0
3 0 0.929421 0 0 0 0
4 0 0 0 0 0 0
5 0.007 0.00524667 -0.02 0 -0.05474182 0
6 -0.007 -47.211 5.93 0 0 0
7 -0.007 8.45016 2.68682 0 0 1.698732E-06
8 0 -47.2058 0 0 0 0
9 0 -4.3996 -3.75516 0 0 0
time 71
0 -0.00652074 0 0 0 0 0
1 0.00652074 47.2058 0 0 0 0
2 0 -47.2058 0 0 0 0
3 0 0.929421 0 0 0 0
4 0 0 0 0 0 0
5 0.007 0.00524667 -0.02 0 -0.04877159 0
6 -0.007 -47.211 5.93 0 0 0
7 -0.007 8.45016 2.68682 0 0 0.6283196
8 0 -47.2058 0 0 0 0
9 0 -4.3996 -3.75516 0 0 0
time 72
0 -0.00652074 0 0 0 0 0
1 0.00652074 47.2058 0 0 0 0
2 0 -47.2058 0 0 0 0
3 0 0.929421 0 0 0 0
4 0 0 0 0 0 0
5 0.007 0.00524667 -0.02 0 -0.04280136 0
6 -0.007 -47.211 5.93 0 0 0
7 -0.007 8.45016 2.68682 0 0 1.256634
8 0 -47.2058 0 0 0 0
9 0 -4.3996 -3.75516 0 0 0
time 73
0 -0.00652074 0 0 0 0 0
1 0.00652074 47.2058 0 0 0 0
2 0 -47.2058 0 0 0 0
3 0 0.929421 0 0 0 0
4 0 0 0 0 0 0
5 0.007 0.00524667 -0.02 0 -0.03683112 0
6 -0.007 -47.211 5.93 0 0 0
7 -0.007 8.45016 2.68682 0 0 1.88495
8 0 -47.2058 0 0 0 0
9 0 -4.3996 -3.75516 0 0 0
time 74
0 -0.00652074 0 0 0 0 0
1 0.00652074 47.2058 0 0 0 0
2 0 -47.2058 0 0 0 0
3 0 0.929421 0 0 0 0
4 0 0 0 0 0 0
5 0.007 0.00524667 -0.02 0 -0.03086083 0
6 -0.007 -47.211 5.93 0 0 0
7 -0.007 8.45016 2.68682 0 0 2.513268
8 0 -47.2058 0 0 0 0
9 0 -4.3996 -3.75516 0 0 0
time 75
0 -0.00652074 0 0 0 0 0
1 0.00652074 47.2058 0 0 0 0
2 0 -47.2058 0 0 0 0
3 0 0.929421 0 0 0 0
4 0 0 0 0 0 0
5 0.007 0.00524667 -0.02 0 -0.02489056 0
6 -0.007 -47.211 5.93 0 0 0
7 -0.007 8.45016 2.68682 0 0 3.141582
8 0 -47.2058 0 0 0 0
9 0 -4.3996 -3.75516 0 0 0
time 76
0 -0.00652074 0 0 0 0 0
1 0.00652074 47.2058 0 0 0 0
2 0 -47.2058 0 0 0 0
3 0 0.929421 0 0 0 0
4 0 0 0 0 0 0
5 0.007 0.00524667 -0.02 0 -0.01892032 0
6 -0.007 -47.211 5.93 0 0 0
7 -0.007 8.45016 2.68682 0 0 3.769901
8 0 -47.2058 0 0 0 0
9 0 -4.3996 -3.75516 0 0 0
time 77
0 -0.00652074 0 0 0 0 0
1 0.00652074 47.2058 0 0 0 0
2 0 -47.2058 0 0 0 0
3 0 0.929421 0 0 0 0
4 0 0 0 0 0 0
5 0.007 0.00524667 -0.02 0 -0.01295007 0
6 -0.007 -47.211 5.93 0 0 0
7 -0.007 8.45016 2.68682 0 0 4.398216
8 0 -47.2058 0 0 0 0
9 0 -4.3996 -3.75516 0 0 0
time 78
0 -0.00652074 0 0 0 0 0
1 0.00652074 47.2058 0 0 0 0
2 0 -47.2058 0 0 0 0
3 0 0.929421 0 0 0 0
4 0 0 0 0 0 0
5 0.007 0.00524667 -0.02 0 -0.006979823 0
6 -0.007 -47.211 5.93 0 0 0
7 -0.007 8.45016 2.68682 0 0 5.026535
8 0 -47.2058 0 0 0 0
9 0 -4.3996 -3.75516 0 0 0
time 79
0 -0.00652074 0 0 0 0 0
1 0.00652074 47.2058 0 0 0 0
2 0 -47.2058 0 0 0 0
3 0 0.929421 0 0 0 0
4 0 0 0 0 0 0
5 0.007 0.00524667 -0.02 0 -0.001009561 0
6 -0.007 -47.211 5.93 0 0 0
7 -0.007 8.45016 2.68682 0 0 5.654852
8 0 -47.2058 0 0 0 0
9 0 -4.3996 -3.75516 0 0 0
time 80
0 -0.00652074 0 0 0 0 0
1 0.00652074 47.2058 0 0 0 0
2 0 -47.2058 0 0 0 0
3 0 0.929421 0 0 0 0
4 0 0 0 0 0 0
5 0.007 0.00524667 -0.02 0 0.004960693 0
6 -0.007 -47.211 5.93 0 0 0
7 -0.007 8.45016 2.68682 0 0 6.283168
8 0 -47.2058 0 0 0 0
9 0 -4.3996 -3.75516 0 0 0
time 81
0 -0.00652074 0 0 0 0 0
1 0.00652074 47.2058 0 0 0 0
2 0 -47.2058 0 0 0 0
3 0 0.929421 0 0 0 0
4 0 0 0 0 0 0
5 0.007 0.00524667 -0.02 0 0.01093102 0
6 -0.007 -47.211 5.93 0 0 0
7 -0.007 8.45016 2.68682 0 0 6.911489
8 0 -47.2058 0 0 0 0
9 0 -4.3996 -3.75516 0 0 0
time 82
0 -0.00652074 0 0 0 0 0
1 0.00652074 47.2058 0 0 0 0
2 0 -47.2058 0 0 0 0
3 0 0.929421 0 0 0 0
4 0 0 0 0 0 0
5 0.007 0.00524667 -0.02 0 0.0169012 0
6 -0.007 -47.211 5.93 0 0 0
7 -0.007 8.45016 2.68682 0 0 7.539809
8 0 -47.2058 0 0 0 0
9 0 -4.3996 -3.75516 0 0 0
time 83
0 -0.00652074 0 0 0 0 0
1 0.00652074 47.2058 0 0 0 0
2 0 -47.2058 0 0 0 0
3 0 0.929421 0 0 0 0
4 0 0 0 0 0 0
5 0.007 0.00524667 -0.02 0 0.02287159 0
6 -0.007 -47.211 5.93 0 0 0
7 -0.007 8.45016 2.68682 0 0 8.168127
8 0 -47.2058 0 0 0 0
9 0 -4.3996 -3.75516 0 0 0
time 84
0 -0.00652074 0 0 0 0 0
1 0.00652074 47.2058 0 0 0 0
2 0 -47.2058 0 0 0 0
3 0 0.929421 0 0 0 0
4 0 0 0 0 0 0
5 0.007 0.00524667 -0.02 0 0.02884182 0
6 -0.007 -47.211 5.93 0 0 0
7 -0.007 8.45016 2.68682 0 0 8.796446
8 0 -47.2058 0 0 0 0
9 0 -4.3996 -3.75516 0 0 0
time 85
0 -0.00652074 0 0 0 0 0
1 0.00652074 47.2058 0 0 0 0
2 0 -47.2058 0 0 0 0
3 0 0.929421 0 0 0 0
4 0 0 0 0 0 0
5 0.007 0.00524667 -0.02 0 0.03481219 0
6 -0.007 -47.211 5.93 0 0 0
7 -0.007 8.45016 2.68682 0 0 9.424768
8 0 -47.2058 0 0 0 0
9 0 -4.3996 -3.75516 0 0 0
time 86
0 -0.00652074 0 0 0 0 0
1 0.00652074 47.2058 0 0 0 0
2 0 -47.2058 0 0 0 0
3 0 0.929421 0 0 0 0
4 0 0 0 0 0 0
5 0.007 0.00524667 -0.02 0 0.0407824 0
6 -0.007 -47.211 5.93 0 0 0
7 -0.007 8.45016 2.68682 0 0 10.05309
8 0 -47.2058 0 0 0 0
9 0 -4.3996 -3.75516 0 0 0
time 87
0 -0.00652074 0 0 0 0 0
1 0.00652074 47.2058 0 0 0 0
2 0 -47.2058 0 0 0 0
3 0 0.929421 0 0 0 0
4 0 0 0 0 0 0
5 0.007 0.00524667 -0.02 0 0.04675272 0
6 -0.007 -47.211 5.93 0 0 0
7 -0.007 8.45016 2.68682 0 0 10.68141
8 0 -47.2058 0 0 0 0
9 0 -4.3996 -3.75516 0 0 0
time 88
0 -0.00652074 0 0 0 0 0
1 0.00652074 47.2058 0 0 0 0
2 0 -47.2058 0 0 0 0
3 0 0.929421 0 0 0 0
4 0 0 0 0 0 0
5 0.007 0.00524667 -0.02 0 0.05272304 0
6 -0.007 -47.211 5.93 0 0 0
7 -0.007 8.45016 2.68682 0 0 11.30973
8 0 -47.2058 0 0 0 0
9 0 -4.3996 -3.75516 0 0 0
time 89
0 -0.00652074 0 0 0 0 0
1 0.00652074 47.2058 0 0 0 0
2 0 -47.2058 0 0 0 0
3 0 0.929421 0 0 0 0
4 0 0 0 0 0 0
5 0.007 0.00524667 -0.02 0 0.05869333 0
6 -0.007 -47.211 5.93 0 0 0
7 -0.007 8.45016 2.68682 0 0 11.93806
8 0 -47.2058 0 0 0 0
9 0 -4.3996 -3.75516 0 0 0
time 90
0 -0.00652074 0 0 0 0 0
1 0.00652074 47.2058 0 0 0 0
2 0 -47.2058 0 0 0 0
3 0 0.929421 0 0 0 0
4 0 0 0 0 0 0
5 0.007 0.00524667 -0.02 0 0.06466358 0
6 -0.007 -47.211 5.93 0 0 0
7 -0.007 8.45016 2.68682 0 0 12.56638
8 0 -47.2058 0 0 0 0
9 0 -4.3996 -3.75516 0 0 0
time 91
0 -0.00652074 0 0 0 0 0
1 0.00652074 47.2058 0 0 0 0
2 0 -47.2058 0 0 0 0
3 0 0.929421 0 0 0 0
4 0 0 0 0 0 0
5 0.007 0.00524667 -0.02 0 0.07063386 0
6 -0.007 -47.211 5.93 0 0 0
7 -0.007 8.45016 2.68682 0 0 13.19469
8 0 -47.2058 0 0 0 0
9 0 -4.3996 -3.75516 0 0 0
time 92
0 -0.00652074 0 0 0 0 0
1 0.00652074 47.2058 0 0 0 0
2 0 -47.2058 0 0 0 0
3 0 0.929421 0 0 0 0
4 0 0 0 0 0 0
5 0.007 0.00524667 -0.02 0 0.07660424 0
6 -0.007 -47.211 5.93 0 0 0
7 -0.007 8.45016 2.68682 0 0 13.823
8 0 -47.2058 0 0 0 0
9 0 -4.3996 -3.75516 0 0 0
time 93
0 -0.00652074 0 0 0 0 0
1 0.00652074 47.2058 0 0 0 0
2 0 -47.2058 0 0 0 0
3 0 0.929421 0 0 0 0
4 0 0 0 0 0 0
5 0.007 0.00524667 -0.02 0 0.08257443 0
6 -0.007 -47.211 5.93 0 0 0
7 -0.007 8.45016 2.68682 0 0 14.45131
8 0 -47.2058 0 0 0 0
9 0 -4.3996 -3.75516 0 0 0
time 94
0 -0.00652074 0 0 0 0 0
1 0.00652074 47.2058 0 0 0 0
2 0 -47.2058 0 0 0 0
3 0 0.929421 0 0 0 0
4 0 0 0 0 0 0
5 0.007 0.00524667 -0.02 0 0.08854485 0
6 -0.007 -47.211 5.93 0 0 0
7 -0.007 8.45016 2.68682 0 0 15.07962
8 0 -47.2058 0 0 0 0
9 0 -4.3996 -3.75516 0 0 0
time 95
0 -0.00652074 0 0 0 0 0
1 0.00652074 47.2058 0 0 0 0
2 0 -47.2058 0 0 0 0
3 0 0.929421 0 0 0 0
4 0 0 0 0 0 0
5 0.007 0.00524667 -0.02 0 0.0943659 0
6 -0.007 -47.211 5.93 0 0 0
7 -0.007 8.45016 2.68682 0 0 15.70793
8 0 -47.2058 0 0 0 0
9 0 -4.3996 -3.75516 0 0 0
time 96
0 -0.00652074 0 0 0 0 0
1 0.00652074 47.2058 0 0 0 0
2 0 -47.2058 0 0 0 0
3 0 0.929421 0 0 0 0
4 0 0 0 0 0 0
5 0.007 0.00524667 -0.02 0 0.09451515 0
6 -0.007 -47.211 5.93 0 0 0
7 -0.007 8.45016 2.68682 0 0 16.33624
8 0 -47.2058 0 0 0 0
9 0 -4.3996 -3.75516 0 0 0
time 97
0 -0.00652074 0 0 0 0 0
1 0.00652074 47.2058 0 0 0 0
2 0 -47.2058 0 0 0 0
3 0 0.929421 0 0 0 0
4 0 0 0 0 0 0
5 0.007 0.00524667 -0.02 0 0.09451515 0
6 -0.007 -47.211 5.93 0 0 0
7 -0.007 8.45016 2.68682 0 0 16.96455
8 0 -47.2058 0 0 0 0
9 0 -4.3996 -3.75516 0 0 0
time 98
0 -0.00652074 0 0 0 0 0
1 0.00652074 47.2058 0 0 0 0
2 0 -47.2058 0 0 0 0
3 0 0.929421 0 0 0 0
4 0 0 0 0 0 0
5 0.007 0.00524667 -0.02 0 0.09451515 0
6 -0.007 -47.211 5.93 0 0 0
7 -0.007 8.45016 2.68682 0 0 17.59287
8 0 -47.2058 0 0 0 0
9 0 -4.3996 -3.75516 0 0 0
time 99
0 -0.00652074 0 0 0 0 0
1 0.00652074 47.2058 0 0 0 0
2 0 -47.2058 0 0 0 0
3 0 0.929421 0 0 0 0
4 0 0 0 0 0 0
5 0.007 0.00524667 -0.02 0 0.09451515 0
6 -0.007 -47.211 5.93 0 0 0
7 -0.007 8.45016 2.68682 0 0 18.22119
8 0 -47.2058 0 0 0 0
9 0 -4.3996 -3.75516 0 0 0
time 100
0 -0.00652074 0 0 0 0 0
1 0.00652074 47.2058 0 0 0 0
2 0 -47.2058 0 0 0 0
3 0 0.929421 0 0 0 0
4 0 0 0 0 0 0
5 0.007 0.00524667 -0.02 0 0.09451515 0
6 -0.007 -47.211 5.93 0 0 0
7 -0.007 8.45016 2.68682 0 0 18.84951
8 0 -47.2058 0 0 0 0
9 0 -4.3996 -3.75516 0 0 0
time 101
0 -0.00652074 0 0 0 0 0
1 0.00652074 47.2058 0 0 0 0
2 0 -47.2058 0 0 0 0
3 0 0.929421 0 0 0 0
4 0 0 0 0 0 0
5 0.007 0.00524667 -0.02 0 0.09451515 0
6 -0.007 -47.211 5.93 0 0 0
7 -0.007 8.45016 2.68682 0 0 19.47784
8 0 -47.2058 0 0 0 0
9 0 -4.3996 -3.75516 0 0 0
time 102
0 -0.00652074 0 0 0 0 0
1 0.00652074 47.2058 0 0 0 0
2 0 -47.2058 0 0 0 0
3 0 0.929421 0 0 0 0
4 0 0 0 0 0 0
5 0.007 0.00524667 -0.02 0 0.09451515 0
6 -0.007 -47.211 5.93 0 0 0
7 -0.007 8.45016 2.68682 0 0 20.10618
8 0 -47.2058 0 0 0 0
9 0 -4.3996 -3.75516 0 0 0
time 103
0 -0.00652074 0 0 0 0 0
1 0.00652074 47.2058 0 0 0 0
2 0 -47.2058 0 0 0 0
3 0 0.929421 0 0 0 0
4 0 0 0 0 0 0
5 0.007 0.00524667 -0.02 0 0.09451515 0
6 -0.007 -47.211 5.93 0 0 0
7 -0.007 8.45016 2.68682 0 0 20.73453
8 0 -47.2058 0 0 0 0
9 0 -4.3996 -3.75516 0 0 0
time 104
0 -0.00652074 0 0 0 0 0
1 0.00652074 47.2058 0 0 0 0
2 0 -47.2058 0 0 0 0
3 0 0.929421 0 0 0 0
4 0 0 0 0 0 0
5 0.007 0.00524667 -0.02 0 0.09451515 0
6 -0.007 -47.211 5.93 0 0 0
7 -0.007 8.45016 2.68682 0 0 21.36287
8 0 -47.2058 0 0 0 0
9 0 -4.3996 -3.75516 0 0 0
time 105
0 -0.00652074 0 0 0 0 0
1 0.00652074 47.2058 0 0 0 0
2 0 -47.2058 0 0 0 0
3 0 0.929421 0 0 0 0
4 0 0 0 0 0 0
5 0.007 0.00524667 -0.02 0 0.09451515 0
6 -0.007 -47.211 5.93 0 0 0
7 -0.007 8.45016 2.68682 0 0 21.99121
8 0 -47.2058 0 0 0 0
9 0 -4.3996 -3.75516 0 0 0
time 106
0 -0.00652074 0 0 0 0 0
1 0.00652074 47.2058 0 0 0 0
2 0 -47.2058 0 0 0 0
3 0 0.929421 0 0 0 0
4 0 0 0 0 0 0
5 0.007 0.00524667 -0.02 0 0.09451515 0
6 -0.007 -47.211 5.93 0 0 0
7 -0.007 8.45016 2.68682 0 0 22.61955
8 0 -47.2058 0 0 0 0
9 0 -4.3996 -3.75516 0 0 0
time 107
0 -0.00652074 0 0 0 0 0
1 0.00652074 47.2058 0 0 0 0
2 0 -47.2058 0 0 0 0
3 0 0.929421 0 0 0 0
4 0 0 0 0 0 0
5 0.007 0.00524667 -0.02 0 0.09451515 0
6 -0.007 -47.211 5.93 0 0 0
7 -0.007 8.45016 2.68682 0 0 23.24788
8 0 -47.2058 0 0 0 0
9 0 -4.3996 -3.75516 0 0 0
time 108
0 -0.00652074 0 0 0 0 0
1 0.00652074 47.2058 0 0 0 0
2 0 -47.2058 0 0 0 0
3 0 0.929421 0 0 0 0
4 0 0 0 0 0 0
5 0.007 0.00524667 -0.02 0 0.09451515 0
6 -0.007 -47.211 5.93 0 0 0
7 -0.007 8.45016 2.68682 0 0 23.87622
8 0 -47.2058 0 0 0 0
9 0 -4.3996 -3.75516 0 0 0
time 109
0 -0.00652074 0 0 0 0 0
1 0.00652074 47.2058 0 0 0 0
2 0 -47.2058 0 0 0 0
3 0 0.929421 0 0 0 0
4 0 0 0 0 0 0
5 0.007 0.00524667 -0.02 0 0.09451515 0
6 -0.007 -47.211 5.93 0 0 0
7 -0.007 8.45016 2.68682 0 0 24.50455
8 0 -47.2058 0 0 0 0
9 0 -4.3996 -3.75516 0 0 0
time 110
0 -0.00652074 0 0 0 0 0
1 0.00652074 47.2058 0 0 0 0
2 0 -47.2058 0 0 0 0
3 0 0.929421 0 0 0 0
4 0 0 0 0 0 0
5 0.007 0.00524667 -0.02 0 0.09451515 0
6 -0.007 -47.211 5.93 0 0 0
7 -0.007 8.45016 2.68682 0 0 25.13288
8 0 -47.2058 0 0 0 0
9 0 -4.3996 -3.75516 0 0 0
time 111
0 -0.00652074 0 0 0 0 0
1 0.00652074 47.2058 0 0 0 0
2 0 -47.2058 0 0 0 0
3 0 0.929421 0 0 0 0
4 0 0 0 0 0 0
5 0.007 0.00524667 -0.02 0 0.09451515 0
6 -0.007 -47.211 5.93 0 0 0
7 -0.007 8.45016 2.68682 0 0 25.7612
8 0 -47.2058 0 0 0 0
9 0 -4.3996 -3.75516 0 0 0
time 112
0 -0.00652074 0 0 0 0 0
1 0.00652074 47.2058 0 0 0 0
2 0 -47.2058 0 0 0 0
3 0 0.929421 0 0 0 0
4 0 0 0 0 0 0
5 0.007 0.00524667 -0.02 0 0.09451515 0
6 -0.007 -47.211 5.93 0 0 0
7 -0.007 8.45016 2.68682 0 0 26.38952
8 0 -47.2058 0 0 0 0
9 0 -4.3996 -3.75516 0 0 0
time 113
0 -0.00652074 0 0 0 0 0
1 0.00652074 47.2058 0 0 0 0
2 0 -47.2058 0 0 0 0
3 0 0.929421 0 0 0 0
4 0 0 0 0 0 0
5 0.007 0.00524667 -0.02 0 0.09451515 0
6 -0.007 -47.211 5.93 0 0 0
7 -0.007 8.45016 2.68682 0 0 27.01784
8 0 -47.2058 0 0 0 0
9 0 -4.3996 -3.75516 0 0 0
time 114
0 -0.00652074 0 0 0 0 0
1 0.00652074 47.2058 0 0 0 0
2 0 -47.2058 0 0 0 0
3 0 0.929421 0 0 0 0
4 0 0 0 0 0 0
5 0.007 0.00524667 -0.02 0 0.09451515 0
6 -0.007 -47.211 5.93 0 0 0
7 -0.007 8.45016 2.68682 0 0 27.64615
8 0 -47.2058 0 0 0 0
9 0 -4.3996 -3.75516 0 0 0
time 115
0 -0.00652074 0 0 0 0 0
1 0.00652074 47.2058 0 0 0 0
2 0 -47.2058 0 0 0 0
3 0 0.929421 0 0 0 0
4 0 0 0 0 0 0
5 0.007 0.00524667 -0.02 0 0.09451515 0
6 -0.007 -47.211 5.93 0 0 0
7 -0.007 8.45016 2.68682 0 0 28.27445
8 0 -47.2058 0 0 0 0
9 0 -4.3996 -3.75516 0 0 0
time 116
0 -0.00652074 0 0 0 0 0
1 0.00652074 47.2058 0 0 0 0
2 0 -47.2058 0 0 0 0
3 0 0.929421 0 0 0 0
4 0 0 0 0 0 0
5 0.007 0.00524667 -0.02 0 0.09451515 0
6 -0.007 -47.211 5.93 0 0 0
7 -0.007 8.45016 2.68682 0 0 28.90276
8 0 -47.2058 0 0 0 0
9 0 -4.3996 -3.75516 0 0 0
time 117
0 -0.00652074 0 0 0 0 0
1 0.00652074 47.2058 0 0 0 0
2 0 -47.2058 0 0 0 0
3 0 0.929421 0 0 0 0
4 0 0 0 0 0 0
5 0.007 0.00524667 -0.02 0 0.09451515 0
6 -0.007 -47.211 5.93 0 0 0
7 -0.007 8.45016 2.68682 0 0 29.53106
8 0 -47.2058 0 0 0 0
9 0 -4.3996 -3.75516 0 0 0
time 118
0 -0.00652074 0 0 0 0 0
1 0.00652074 47.2058 0 0 0 0
2 0 -47.2058 0 0 0 0
3 0 0.929421 0 0 0 0
4 0 0 0 0 0 0
5 0.007 0.00524667 -0.02 0 0.09451515 0
6 -0.007 -47.211 5.93 0 0 0
7 -0.007 8.45016 2.68682 0 0 30.15934
8 0 -47.2058 0 0 0 0
9 0 -4.3996 -3.75516 0 0 0
time 119
0 -0.00652074 0 0 0 0 0
1 0.00652074 47.2058 0 0 0 0
2 0 -47.2058 0 0 0 0
3 0 0.929421 0 0 0 0
4 0 0 0 0 0 0
5 0.007 0.00524667 -0.02 0 0.09451515 0
6 -0.007 -47.211 5.93 0 0 0
7 -0.007 8.45016 2.68682 0 0 30.78763
8 0 -47.2058 0 0 0 0
9 0 -4.3996 -3.75516 0 0 0
time 120
0 -0.00652074 0 0 0 0 0
1 0.00652074 47.2058 0 0 0 0
2 0 -47.2058 0 0 0 0
3 0 0.929421 0 0 0 0
4 0 0 0 0 0 0
5 0.007 0.00524667 -0.02 0 0.09451515 0
6 -0.007 -47.211 5.93 0 0 0
7 -0.007 8.45016 2.68682 0 0 6.283185
8 0 -47.2058 0 0 0 0
9 0 -4.3996 -3.75516 0 0 0
time 121
0 -0.00652074 0 0 0 0 0
1 0.00652074 47.2058 0 0 0 0
2 0 -47.2058 0 0 0 0
3 0 0.929421 0 0 0 0
4 0 0 0 0 0 0
5 0.007 0.00524667 -0.02 0 0.09451515 0
6 -0.007 -47.211 5.93 0 0 0
7 -0.007 8.45016 2.68682 0 0 6.911511
8 0 -47.2058 0 0 0 0
9 0 -4.3996 -3.75516 0 0 0
time 122
0 -0.00652074 0 0 0 0 0
1 0.00652074 47.2058 0 0 0 0
2 0 -47.2058 0 0 0 0
3 0 0.929421 0 0 0 0
4 0 0 0 0 0 0
5 0.007 0.00524667 -0.02 0 0.09451515 0
6 -0.007 -47.211 5.93 0 0 0
7 -0.007 8.45016 2.68682 0 0 7.539836
8 0 -47.2058 0 0 0 0
9 0 -4.3996 -3.75516 0 0 0
time 123
0 -0.00652074 0 0 0 0 0
1 0.00652074 47.2058 0 0 0 0
2 0 -47.2058 0 0 0 0
3 0 0.929421 0 0 0 0
4 0 0 0 0 0 0
5 0.007 0.00524667 -0.02 0 0.09451515 0
6 -0.007 -47.211 5.93 0 0 0
7 -0.007 8.45016 2.68682 0 0 8.16816
8 0 -47.2058 0 0 0 0
9 0 -4.3996 -3.75516 0 0 0
time 124
0 -0.00652074 0 0 0 0 0
1 0.00652074 47.2058 0 0 0 0
2 0 -47.2058 0 0 0 0
3 0 0.929421 0 0 0 0
4 0 0 0 0 0 0
5 0.007 0.00524667 -0.02 0 0.09451515 0
6 -0.007 -47.211 5.93 0 0 0
7 -0.007 8.45016 2.68682 0 0 8.796486
8 0 -47.2058 0 0 0 0
9 0 -4.3996 -3.75516 0 0 0
time 125
0 -0.00652074 0 0 0 0 0
1 0.00652074 47.2058 0 0 0 0
2 0 -47.2058 0 0 0 0
3 0 0.929421 0 0 0 0
4 0 0 0 0 0 0
5 0.007 0.00524667 -0.02 0 0.09451515 0
6 -0.007 -47.211 5.93 0 0 0
7 -0.007 8.45016 2.68682 0 0 9.424811
8 0 -47.2058 0 0 0 0
9 0 -4.3996 -3.75516 0 0 0
time 126
0 -0.00652074 0 0 0 0 0
1 0.00652074 47.2058 0 0 0 0
2 0 -47.2058 0 0 0 0
3 0 0.929421 0 0 0 0
4 0 0 0 0 0 0
5 0.007 0.00524667 -0.02 0 0.09451515 0
6 -0.007 -47.211 5.93 0 0 0
7 -0.007 8.45016 2.68682 0 0 10.05314
8 0 -47.2058 0 0 0 0
9 0 -4.3996 -3.75516 0 0 0
time 127
0 -0.00652074 0 0 0 0 0
1 0.00652074 47.2058 0 0 0 0
2 0 -47.2058 0 0 0 0
3 0 0.929421 0 0 0 0
4 0 0 0 0 0 0
5 0.007 0.00524667 -0.02 0 0.09451515 0
6 -0.007 -47.211 5.93 0 0 0
7 -0.007 8.45016 2.68682 0 0 10.68146
8 0 -47.2058 0 0 0 0
9 0 -4.3996 -3.75516 0 0 0
time 128
0 -0.00652074 0 0 0 0 0
1 0.00652074 47.2058 0 0 0 0
2 0 -47.2058 0 0 0 0
3 0 0.929421 0 0 0 0
4 0 0 0 0 0 0
5 0.007 0.00524667 -0.02 0 0.09451515 0
6 -0.007 -47.211 5.93 0 0 0
7 -0.007 8.45016 2.68682 0 0 11.30979
8 0 -47.2058 0 0 0 0
9 0 -4.3996 -3.75516 0 0 0
time 129
0 -0.00652074 0 0 0 0 0
1 0.00652074 47.2058 0 0 0 0
2 0 -47.2058 0 0 0 0
3 0 0.929421 0 0 0 0
4 0 0 0 0 0 0
5 0.007 0.00524667 -0.02 0 0.09451515 0
6 -0.007 -47.211 5.93 0 0 0
7 -0.007 8.45016 2.68682 0 0 11.93811
8 0 -47.2058 0 0 0 0
9 0 -4.3996 -3.75516 0 0 0
time 130
0 -0.00652074 0 0 0 0 0
1 0.00652074 47.2058 0 0 0 0
2 0 -47.2058 0 0 0 0
3 0 0.929421 0 0 0 0
4 0 0 0 0 0 0
5 0.007 0.00524667 -0.02 0 0.09451515 0
6 -0.007 -47.211 5.93 0 0 0
7 -0.007 8.45016 2.68682 0 0 12.56644
8 0 -47.2058 0 0 0 0
9 0 -4.3996 -3.75516 0 0 0
time 131
0 -0.00652074 0 0 0 0 0
1 0.00652074 47.2058 0 0 0 0
2 0 -47.2058 0 0 0 0
3 0 0.929421 0 0 0 0
4 0 0 0 0 0 0
5 0.007 0.00524667 -0.02 0 0.09451515 0
6 -0.007 -47.211 5.93 0 0 0
7 -0.007 8.45016 2.68682 0 0 13.19477
8 0 -47.2058 0 0 0 0
9 0 -4.3996 -3.75516 0 0 0
time 132
0 -0.00652074 0 0 0 0 0
1 0.00652074 47.2058 0 0 0 0
2 0 -47.2058 0 0 0 0
3 0 0.929421 0 0 0 0
4 0 0 0 0 0 0
5 0.007 0.00524667 -0.02 0 0.09451515 0
6 -0.007 -47.211 5.93 0 0 0
7 -0.007 8.45016 2.68682 0 0 13.82309
8 0 -47.2058 0 0 0 0
9 0 -4.3996 -3.75516 0 0 0
time 133
0 -0.00652074 0 0 0 0 0
1 0.00652074 47.2058 0 0 0 0
2 0 -47.2058 0 0 0 0
3 0 0.929421 0 0 0 0
4 0 0 0 0 0 0
5 0.007 0.00524667 -0.02 0 0.09451515 0
6 -0.007 -47.211 5.93 0 0 0
7 -0.007 8.45016 2.68682 0 0 14.45142
8 0 -47.2058 0 0 0 0
9 0 -4.3996 -3.75516 0 0 0
time 134
0 -0.00652074 0 0 0 0 0
1 0.00652074 47.2058 0 0 0 0
2 0 -47.2058 0 0 0 0
3 0 0.929421 0 0 0 0
4 0 0 0 0 0 0
5 0.007 0.00524667 -0.02 0 0.09451515 0
6 -0.007 -47.211 5.93 0 0 0
7 -0.007 8.45016 2.68682 0 0 15.07974
8 0 -47.2058 0 0 0 0
9 0 -4.3996 -3.75516 0 0 0
time 135
0 -0.00652074 0 0 0 0 0
1 0.00652074 47.2058 0 0 0 0
2 0 -47.2058 0 0 0 0
3 0 0.929421 0 0 0 0
4 0 0 0 0 0 0
5 0.007 0.00524667 -0.02 0 0.09451515 0
6 -0.007 -47.211 5.93 0 0 0
7 -0.007 8.45016 2.68682 0 0 15.70807
8 0 -47.2058 0 0 0 0
9 0 -4.3996 -3.75516 0 0 0
time 136
0 -0.00652074 0 0 0 0 0
1 0.00652074 47.2058 0 0 0 0
2 0 -47.2058 0 0 0 0
3 0 0.929421 0 0 0 0
4 0 0 0 0 0 0
5 0.007 0.00524667 -0.02 0 0.09451515 0
6 -0.007 -47.211 5.93 0 0 0
7 -0.007 8.45016 2.68682 0 0 16.3364
8 0 -47.2058 0 0 0 0
9 0 -4.3996 -3.75516 0 0 0
time 137
0 -0.00652074 0 0 0 0 0
1 0.00652074 47.2058 0 0 0 0
2 0 -47.2058 0 0 0 0
3 0 0.929421 0 0 0 0
4 0 0 0 0 0 0
5 0.007 0.00524667 -0.02 0 0.09451515 0
6 -0.007 -47.211 5.93 0 0 0
7 -0.007 8.45016 2.68682 0 0 16.96472
8 0 -47.2058 0 0 0 0
9 0 -4.3996 -3.75516 0 0 0
time 138
0 -0.00652074 0 0 0 0 0
1 0.00652074 47.2058 0 0 0 0
2 0 -47.2058 0 0 0 0
3 0 0.929421 0 0 0 0
4 0 0 0 0 0 0
5 0.007 0.00524667 -0.02 0 0.09451515 0
6 -0.007 -47.211 5.93 0 0 0
7 -0.007 8.45016 2.68682 0 0 17.59305
8 0 -47.2058 0 0 0 0
9 0 -4.3996 -3.75516 0 0 0
time 139
0 -0.00652074 0 0 0 0 0
1 0.00652074 47.2058 0 0 0 0
2 0 -47.2058 0 0 0 0
3 0 0.929421 0 0 0 0
4 0 0 0 0 0 0
5 0.007 0.00524667 -0.02 0 0.09451515 0
6 -0.007 -47.211 5.93 0 0 0
7 -0.007 8.45016 2.68682 0 0 18.22137
8 0 -47.2058 0 0 0 0
9 0 -4.3996 -3.75516 0 0 0
time 140
0 -0.00652074 0 0 0 0 0
1 0.00652074 47.2058 0 0 0 0
2 0 -47.2058 0 0 0 0
3 0 0.929421 0 0 0 0
4 0 0 0 0 0 0
5 0.007 0.00524667 -0.02 0 0.09451515 0
6 -0.007 -47.211 5.93 0 0 0
7 -0.007 8.45016 2.68682 0 0 18.8497
8 0 -47.2058 0 0 0 0
9 0 -4.3996 -3.75516 0 0 0
time 141
0 -0.00652074 0 0 0 0 0
1 0.00652074 47.2058 0 0 0 0
2 0 -47.2058 0 0 0 0
3 0 0.929421 0 0 0 0
4 0 0 0 0 0 0
5 0.007 0.00524667 -0.02 0 0.09451515 0
6 -0.007 -47.211 5.93 0 0 0
7 -0.007 8.45016 2.68682 0 0 19.47802
8 0 -47.2058 0 0 0 0
9 0 -4.3996 -3.75516 0 0 0
time 142
0 -0.00652074 0 0 0 0 0
1 0.00652074 47.2058 0 0 0 0
2 0 -47.2058 0 0 0 0
3 0 0.929421 0 0 0 0
4 0 0 0 0 0 0
5 0.007 0.00524667 -0.02 0 0.09451515 0
6 -0.007 -47.211 5.93 0 0 0
7 -0.007 8.45016 2.68682 0 0 20.10634
8 0 -47.2058 0 0 0 0
9 0 -4.3996 -3.75516 0 0 0
time 143
0 -0.00652074 0 0 0 0 0
1 0.00652074 47.2058 0 0 0 0
2 0 -47.2058 0 0 0 0
3 0 0.929421 0 0 0 0
4 0 0 0 0 0 0
5 0.007 0.00524667 -0.02 0 0.09451515 0
6 -0.007 -47.211 5.93 0 0 0
7 -0.007 8.45016 2.68682 0 0 20.73466
8 0 -47.2058 0 0 0 0
9 0 -4.3996 -3.75516 0 0 0
time 144
0 -0.00652074 0 0 0 0 0
1 0.00652074 47.2058 0 0 0 0
2 0 -47.2058 0 0 0 0
3 0 0.929421 0 0 0 0
4 0 0 0 0 0 0
5 0.007 0.00524667 -0.02 0 0.09451515 0
6 -0.007 -47.211 5.93 0 0 0
7 -0.007 8.45016 2.68682 0 0 21.36299
8 0 -47.2058 0 0 0 0
9 0 -4.3996 -3.75516 0 0 0
time 145
0 -0.00652074 0 0 0 0 0
1 0.00652074 47.2058 0 0 0 0
2 0 -47.2058 0 0 0 0
3 0 0.929421 0 0 0 0
4 0 0 0 0 0 0
5 0.007 0.00524667 -0.02 0 0.09451515 0
6 -0.007 -47.211 5.93 0 0 0
7 -0.007 8.45016 2.68682 0 0 21.99131
8 0 -47.2058 0 0 0 0
9 0 -4.3996 -3.75516 0 0 0
time 146
0 -0.00652074 0 0 0 0 0
1 0.00652074 47.2058 0 0 0 0
2 0 -47.2058 0 0 0 0
3 0 0.929421 0 0 0 0
4 0 0 0 0 0 0
5 0.007 0.00524667 -0.02 0 0.09451515 0
6 -0.007 -47.211 5.93 0 0 0
7 -0.007 8.45016 2.68682 0 0 22.61963
8 0 -47.2058 0 0 0 0
9 0 -4.3996 -3.75516 0 0 0
time 147
0 -0.00652074 0 0 0 0 0
1 0.00652074 47.2058 0 0 0 0
2 0 -47.2058 0 0 0 0
3 0 0.929421 0 0 0 0
4 0 0 0 0 0 0
5 0.007 0.00524667 -0.02 0 0.09451515 0
6 -0.007 -47.211 5.93 0 0 0
7 -0.007 8.45016 2.68682 0 0 23.24795
8 0 -47.2058 0 0 0 0
9 0 -4.3996 -3.75516 0 0 0
time 148
0 -0.00652074 0 0 0 0 0
1 0.00652074 47.2058 0 0 0 0
2 0 -47.2058 0 0 0 0
3 0 0.929421 0 0 0 0
4 0 0 0 0 0 0
5 0.007 0.00524667 -0.02 0 0.09451515 0
6 -0.007 -47.211 5.93 0 0 0
7 -0.007 8.45016 2.68682 0 0 23.87627
8 0 -47.2058 0 0 0 0
9 0 -4.3996 -3.75516 0 0 0
time 149
0 -0.00652074 0 0 0 0 0
1 0.00652074 47.2058 0 0 0 0
2 0 -47.2058 0 0 0 0
3 0 0.929421 0 0 0 0
4 0 0 0 0 0 0
5 0.007 0.00524667 -0.02 0 0.09451515 0
6 -0.007 -47.211 5.93 0 0 0
7 -0.007 8.45016 2.68682 0 0 24.50459
8 0 -47.2058 0 0 0 0
9 0 -4.3996 -3.75516 0 0 0
time 150
0 -0.00652074 0 0 0 0 0
1 0.00652074 47.2058 0 0 0 0
2 0 -47.2058 0 0 0 0
3 0 0.929421 0 0 0 0
4 0 0 0 0 0 0
5 0.007 0.00524667 -0.02 0 0.09451515 0
6 -0.007 -47.211 5.93 0 0 0
7 -0.007 8.45016 2.68682 0 0 25.13291
8 0 -47.2058 0 0 0 0
9 0 -4.3996 -3.75516 0 0 0
time 151
0 -0.00652074 0 0 0 0 0
1 0.00652074 47.2058 0 0 0 0
2 0 -47.2058 0 0 0 0
3 0 0.929421 0 0 0 0
4 0 0 0 0 0 0
5 0.007 0.00524667 -0.02 0 0.09451515 0
6 -0.007 -47.211 5.93 0 0 0
7 -0.007 8.45016 2.68682 0 0 25.76122
8 0 -47.2058 0 0 0 0
9 0 -4.3996 -3.75516 0 0 0
time 152
0 -0.00652074 0 0 0 0 0
1 0.00652074 47.2058 0 0 0 0
2 0 -47.2058 0 0 0 0
3 0 0.929421 0 0 0 0
4 0 0 0 0 0 0
5 0.007 0.00524667 -0.02 0 0.09451515 0
6 -0.007 -47.211 5.93 0 0 0
7 -0.007 8.45016 2.68682 0 0 26.38954
8 0 -47.2058 0 0 0 0
9 0 -4.3996 -3.75516 0 0 0
time 153
0 -0.00652074 0 0 0 0 0
1 0.00652074 47.2058 0 0 0 0
2 0 -47.2058 0 0 0 0
3 0 0.929421 0 0 0 0
4 0 0 0 0 0 0
5 0.007 0.00524667 -0.02 0 0.09451515 0
6 -0.007 -47.211 5.93 0 0 0
7 -0.007 8.45016 2.68682 0 0 27.01786
8 0 -47.2058 0 0 0 0
9 0 -4.3996 -3.75516 0 0 0
time 154
0 -0.00652074 0 0 0 0 0
1 0.00652074 47.2058 0 0 0 0
2 0 -47.2058 0 0 0 0
3 0 0.929421 0 0 0 0
4 0 0 0 0 0 0
5 0.007 0.00524667 -0.02 0 0.09451515 0
6 -0.007 -47.211 5.93 0 0 0
7 -0.007 8.45016 2.68682 0 0 27.64617
8 0 -47.2058 0 0 0 0
9 0 -4.3996 -3.75516 0 0 0
time 155
0 -0.00652074 0 0 0 0 0
1 0.00652074 47.2058 0 0 0 0
2 0 -47.2058 0 0 0 0
3 0 0.929421 0 0 0 0
4 0 0 0 0 0 0
5 0.007 0.00524667 -0.02 0 0.09451515 0
6 -0.007 -47.211 5.93 0 0 0
7 -0.007 8.45016 2.68682 0 0 28.27448
8 0 -47.2058 0 0 0 0
9 0 -4.3996 -3.75516 0 0 0
time 156
0 -0.00652074 0 0 0 0 0
1 0.00652074 47.2058 0 0 0 0
2 0 -47.2058 0 0 0 0
3 0 0.929421 0 0 0 0
4 0 0 0 0 0 0
5 0.007 0.00524667 -0.02 0 0.09451515 0
6 -0.007 -47.211 5.93 0 0 0
7 -0.007 8.45016 2.68682 0 0 28.90279
8 0 -47.2058 0 0 0 0
9 0 -4.3996 -3.75516 0 0 0
time 157
0 -0.00652074 0 0 0 0 0
1 0.00652074 47.2058 0 0 0 0
2 0 -47.2058 0 0 0 0
3 0 0.929421 0 0 0 0
4 0 0 0 0 0 0
5 0.007 0.00524667 -0.02 0 0.09451515 0
6 -0.007 -47.211 5.93 0 0 0
7 -0.007 8.45016 2.68682 0 0 29.53111
8 0 -47.2058 0 0 0 0
9 0 -4.3996 -3.75516 0 0 0
time 158
0 -0.00652074 0 0 0 0 0
1 0.00652074 47.2058 0 0 0 0
2 0 -47.2058 0 0 0 0
3 0 0.929421 0 0 0 0
4 0 0 0 0 0 0
5 0.007 0.00524667 -0.02 0 0.09451515 0
6 -0.007 -47.211 5.93 0 0 0
7 -0.007 8.45016 2.68682 0 0 30.15941
8 0 -47.2058 0 0 0 0
9 0 -4.3996 -3.75516 0 0 0
time 159
0 -0.00652074 0 0 0 0 0
1 0.00652074 47.2058 0 0 0 0
2 0 -47.2058 0 0 0 0
3 0 0.929421 0 0 0 0
4 0 0 0 0 0 0
5 0.007 0.00524667 -0.02 0 0.09451515 0
6 -0.007 -47.211 5.93 0 0 0
7 -0.007 8.45016 2.68682 0 0 30.78772
8 0 -47.2058 0 0 0 0
9 0 -4.3996 -3.75516 0 0 0
time 160
0 -0.00652074 0 0 0 0 0
1 0.00652074 47.2058 0 0 0 0
2 0 -47.2058 0 0 0 0
3 0 0.929421 0 0 0 0
4 0 0 0 0 0 0
5 0.007 0.00524667 -0.02 0 0.09451515 0
6 -0.007 -47.211 5.93 0 0 0
7 -0.007 8.45016 2.68682 0 0 31.41603
8 0 -47.2058 0 0 0 0
9 0 -4.3996 -3.75516 0 0 0
time 161
0 -0.00652074 0 0 0 0 0
1 0.00652074 47.2058 0 0 0 0
2 0 -47.2058 0 0 0 0
3 0 0.929421 0 0 0 0
4 0 0 0 0 0 0
5 0.007 0.00524667 -0.02 0 0.09451515 0
6 -0.007 -47.211 5.93 0 0 0
7 -0.007 8.45016 2.68682 0 0 32.04433
8 0 -47.2058 0 0 0 0
9 0 -4.3996 -3.75516 0 0 0
time 162
0 -0.00652074 0 0 0 0 0
1 0.00652074 47.2058 0 0 0 0
2 0 -47.2058 0 0 0 0
3 0 0.929421 0 0 0 0
4 0 0 0 0 0 0
5 0.007 0.00524667 -0.02 0 0.09451515 0
6 -0.007 -47.211 5.93 0 0 0
7 -0.007 8.45016 2.68682 0 0 32.67265
8 0 -47.2058 0 0 0 0
9 0 -4.3996 -3.75516 0 0 0
time 163
0 -0.00652074 0 0 0 0 0
1 0.00652074 47.2058 0 0 0 0
2 0 -47.2058 0 0 0 0
3 0 0.929421 0 0 0 0
4 0 0 0 0 0 0
5 0.007 0.00524667 -0.02 0 0.09451515 0
6 -0.007 -47.211 5.93 0 0 0
7 -0.007 8.45016 2.68682 0 0 33.30095
8 0 -47.2058 0 0 0 0
9 0 -4.3996 -3.75516 0 0 0
time 164
0 -0.00652074 0 0 0 0 0
1 0.00652074 47.2058 0 0 0 0
2 0 -47.2058 0 0 0 0
3 0 0.929421 0 0 0 0
4 0 0 0 0 0 0
5 0.007 0.00524667 -0.02 0 0.09451515 0
6 -0.007 -47.211 5.93 0 0 0
7 -0.007 8.45016 2.68682 0 0 33.92924
8 0 -47.2058 0 0 0 0
9 0 -4.3996 -3.75516 0 0 0
time 165
0 -0.00652074 0 0 0 0 0
1 0.00652074 47.2058 0 0 0 0
2 0 -47.2058 0 0 0 0
3 0 0.929421 0 0 0 0
4 0 0 0 0 0 0
5 0.007 0.00524667 -0.02 0 0.09451515 0
6 -0.007 -47.211 5.93 0 0 0
7 -0.007 8.45016 2.68682 0 0 34.55755
8 0 -47.2058 0 0 0 0
9 0 -4.3996 -3.75516 0 0 0
time 166
0 -0.00652074 0 0 0 0 0
1 0.00652074 47.2058 0 0 0 0
2 0 -47.2058 0 0 0 0
3 0 0.929421 0 0 0 0
4 0 0 0 0 0 0
5 0.007 0.00524667 -0.02 0 0.09451515 0
6 -0.007 -47.211 5.93 0 0 0
7 -0.007 8.45016 2.68682 0 0 35.18584
8 0 -47.2058 0 0 0 0
9 0 -4.3996 -3.75516 0 0 0
time 167
0 -0.00652074 0 0 0 0 0
1 0.00652074 47.2058 0 0 0 0
2 0 -47.2058 0 0 0 0
3 0 0.929421 0 0 0 0
4 0 0 0 0 0 0
5 0.007 0.00524667 -0.02 0 0.09451515 0
6 -0.007 -47.211 5.93 0 0 0
7 -0.007 8.45016 2.68682 0 0 35.81414
8 0 -47.2058 0 0 0 0
9 0 -4.3996 -3.75516 0 0 0
time 168
0 -0.00652074 0 0 0 0 0
1 0.00652074 47.2058 0 0 0 0
2 0 -47.2058 0 0 0 0
3 0 0.929421 0 0 0 0
4 0 0 0 0 0 0
5 0.007 0.00524667 -0.02 0 0.09451515 0
6 -0.007 -47.211 5.93 0 0 0
7 -0.007 8.45016 2.68682 0 0 36.44245
8 0 -47.2058 0 0 0 0
9 0 -4.3996 -3.75516 0 0 0
time 169
0 -0.00652074 0 0 0 0 0
1 0.00652074 47.2058 0 0 0 0
2 0 -47.2058 0 0 0 0
3 0 0.929421 0 0 0 0
4 0 0 0 0 0 0
5 0.007 0.00524667 -0.02 0 0.09451515 0
6 -0.007 -47.211 5.93 0 0 0
7 -0.007 8.45016 2.68682 0 0 37.07076
8 0 -47.2058 0 0 0 0
9 0 -4.3996 -3.75516 0 0 0
time 170
0 -0.00652074 0 0 0 0 0
1 0.00652074 47.2058 0 0 0 0
2 0 -47.2058 0 0 0 0
3 0 0.929421 0 0 0 0
4 0 0 0 0 0 0
5 0.007 0.00524667 -0.02 0 0.09451515 0
6 -0.007 -47.211 5.93 0 0 0
7 -0.007 8.45016 2.68682 0 0 37.69908
8 0 -47.2058 0 0 0 0
9 0 -4.3996 -3.75516 0 0 0
time 171
0 -0.00652074 0 0 0 0 0
1 0.00652074 47.2058 0 0 0 0
2 0 -47.2058 0 0 0 0
3 0 0.929421 0 0 0 0
4 0 0 0 0 0 0
5 0.007 0.00524667 -0.02 0 0.09451515 0
6 -0.007 -47.211 5.93 0 0 0
7 -0.007 8.45016 2.68682 0 0 38.3274
8 0 -47.2058 0 0 0 0
9 0 -4.3996 -3.75516 0 0 0
time 172
0 -0.00652074 0 0 0 0 0
1 0.00652074 47.2058 0 0 0 0
2 0 -47.2058 0 0 0 0
3 0 0.929421 0 0 0 0
4 0 0 0 0 0 0
5 0.007 0.00524667 -0.02 0 0.09451515 0
6 -0.007 -47.211 5.93 0 0 0
7 -0.007 8.45016 2.68682 0 0 38.95573
8 0 -47.2058 0 0 0 0
9 0 -4.3996 -3.75516 0 0 0
time 173
0 -0.00652074 0 0 0 0 0
1 0.00652074 47.2058 0 0 0 0
2 0 -47.2058 0 0 0 0
3 0 0.929421 0 0 0 0
4 0 0 0 0 0 0
5 0.007 0.00524667 -0.02 0 0.09451515 0
6 -0.007 -47.211 5.93 0 0 0
7 -0.007 8.45016 2.68682 0 0 39.58405
8 0 -47.2058 0 0 0 0
9 0 -4.3996 -3.75516 0 0 0
time 174
0 -0.00652074 0 0 0 0 0
1 0.00652074 47.2058 0 0 0 0
2 0 -47.2058 0 0 0 0
3 0 0.929421 0 0 0 0
4 0 0 0 0 0 0
5 0.007 0.00524667 -0.02 0 0.09451515 0
6 -0.007 -47.211 5.93 0 0 0
7 -0.007 8.45016 2.68682 0 0 40.21238
8 0 -47.2058 0 0 0 0
9 0 -4.3996 -3.75516 0 0 0
time 175
0 -0.00652074 0 0 0 0 0
1 0.00652074 47.2058 0 0 0 0
2 0 -47.2058 0 0 0 0
3 0 0.929421 0 0 0 0
4 0 0 0 0 0 0
5 0.007 0.00524667 -0.02 0 0.09435441 0
6 -0.007 -47.211 5.93 0 0 0
7 -0.007 8.45016 2.68682 0 0 40.84071
8 0 -47.2058 0 0 0 0
9 0 -4.3996 -3.75516 0 0 0
time 176
0 -0.00652074 0 0 0 0 0
1 0.00652074 47.2058 0 0 0 0
2 0 -47.2058 0 0 0 0
3 0 0.929421 0 0 0 0
4 0 0 0 0 0 0
5 0.007 0.00524667 -0.02 0 0.08808494 0
6 -0.007 -47.211 5.93 0 0 0
7 -0.007 8.45016 2.68682 0 0 41.46903
8 0 -47.2058 0 0 0 0
9 0 -4.3996 -3.75516 0 0 0
time 177
0 -0.00652074 0 0 0 0 0
1 0.00652074 47.2058 0 0 0 0
2 0 -47.2058 0 0 0 0
3 0 0.929421 0 0 0 0
4 0 0 0 0 0 0
5 0.007 0.00524667 -0.02 0 0.08165468 0
6 -0.007 -47.211 5.93 0 0 0
7 -0.007 8.45016 2.68682 0 0 42.09735
8 0 -47.2058 0 0 0 0
9 0 -4.3996 -3.75516 0 0 0
time 178
0 -0.00652074 0 0 0 0 0
1 0.00652074 47.2058 0 0 0 0
2 0 -47.2058 0 0 0 0
3 0 0.929421 0 0 0 0
4 0 0 0 0 0 0
5 0.007 0.00524667 -0.02 0 0.07522441 0
6 -0.007 -47.211 5.93 0 0 0
7 -0.007 8.45016 2.68682 0 0 42.72567
8 0 -47.2058 0 0 0 0
9 0 -4.3996 -3.75516 0 0 0
time 179
0 -0.00652074 0 0 0 0 0
1 0.00652074 47.2058 0 0 0 0
2 0 -47.2058 0 0 0 0
3 0 0.929421 0 0 0 0
4 0 0 0 0 0 0
5 0.007 0.00524667 -0.02 0 0.06879415 0
6 -0.007 -47.211 5.93 0 0 0
7 -0.007 8.45016 2.68682 0 0 43.35398
8 0 -47.2058 0 0 0 0
9 0 -4.3996 -3.75516 0 0 0
time 180
0 -0.00652074 0 0 0 0 0
1 0.00652074 47.2058 0 0 0 0
2 0 -47.2058 0 0 0 0
3 0 0.929421 0 0 0 0
4 0 0 0 0 0 0
5 0.007 0.00524667 -0.02 0 0.06236389 0
6 -0.007 -47.211 5.93 0 0 0
7 -0.007 8.45016 2.68682 0 0 6.283185
8 0 -47.2058 0 0 0 0
9 0 -4.3996 -3.75516 0 0 0
time 181
0 -0.00652074 0 0 0 0 0
1 0.00652074 47.2058 0 0 0 0
2 0 -47.2058 0 0 0 0
3 0 0.929421 0 0 0 0
4 0 0 0 0 0 0
5 0.007 0.00524667 -0.02 0 0.05593361 0
6 -0.007 -47.211 5.93 0 0 0
7 -0.007 8.45016 2.68682 0 0 6.911506
8 0 -47.2058 0 0 0 0
9 0 -4.3996 -3.75516 0 0 0
time 182
0 -0.00652074 0 0 0 0 0
1 0.00652074 47.2058 0 0 0 0
2 0 -47.2058 0 0 0 0
3 0 0.929421 0 0 0 0
4 0 0 0 0 0 0
5 0.007 0.00524667 -0.02 0 0.04950335 0
6 -0.007 -47.211 5.93 0 0 0
7 -0.007 8.45016 2.68682 0 0 7.539828
8 0 -47.2058 0 0 0 0
9 0 -4.3996 -3.75516 0 0 0
time 183
0 -0.00652074 0 0 0 0 0
1 0.00652074 47.2058 0 0 0 0
2 0 -47.2058 0 0 0 0
3 0 0.929421 0 0 0 0
4 0 0 0 0 0 0
5 0.007 0.00524667 -0.02 0 0.04307308 0
6 -0.007 -47.211 5.93 0 0 0
7 -0.007 8.45016 2.68682 0 0 8.168149
8 0 -47.2058 0 0 0 0
9 0 -4.3996 -3.75516 0 0 0
time 184
0 -0.00652074 0 0 0 0 0
1 0.00652074 47.2058 0 0 0 0
2 0 -47.2058 0 0 0 0
3 0 0.929421 0 0 0 0
4 0 0 0 0 0 0
5 0.007 0.00524667 -0.02 0 0.03664281 0
6 -0.007 -47.211 5.93 0 0 0
7 -0.007 8.45016 2.68682 0 0 8.79647
8 0 -47.2058 0 0 0 0
9 0 -4.3996 -3.75516 0 0 0
time 185
0 -0.00652074 0 0 0 0 0
1 0.00652074 47.2058 0 0 0 0
2 0 -47.2058 0 0 0 0
3 0 0.929421 0 0 0 0
4 0 0 0 0 0 0
5 0.007 0.00524667 -0.02 0 0.03021253 0
6 -0.007 -47.211 5.93 0 0 0
7 -0.007 8.45016 2.68682 0 0 9.424788
8 0 -47.2058 0 0 0 0
9 0 -4.3996 -3.75516 0 0 0
time 186
0 -0.00652074 0 0 0 0 0
1 0.00652074 47.2058 0 0 0 0
2 0 -47.2058 0 0 0 0
3 0 0.929421 0 0 0 0
4 0 0 0 0 0 0
5 0.007 0.00524667 -0.02 0 0.02378226 0
6 -0.007 -47.211 5.93 0 0 0
7 -0.007 8.45016 2.68682 0 0 10.05311
8 0 -47.2058 0 0 0 0
9 0 -4.3996 -3.75516 0 0 0
time 187
0 -0.00652074 0 0 0 0 0
1 0.00652074 47.2058 0 0 0 0
2 0 -47.2058 0 0 0 0
3 0 0.929421 0 0 0 0
4 0 0 0 0 0 0
5 0.007 0.00524667 -0.02 0 0.01735198 0
6 -0.007 -47.211 5.93 0 0 0
7 -0.007 8.45016 2.68682 0 0 10.68142
8 0 -47.2058 0 0 0 0
9 0 -4.3996 -3.75516 0 0 0
time 188
0 -0.00652074 0 0 0 0 0
1 0.00652074 47.2058 0 0 0 0
2 0 -47.2058 0 0 0 0
3 0 0.929421 0 0 0 0
4 0 0 0 0 0 0
5 0.007 0.00524667 -0.02 0 0.0109217 0
6 -0.007 -47.211 5.93 0 0 0
7 -0.007 8.45016 2.68682 0 0 11.30974
8 0 -47.2058 0 0 0 0
9 0 -4.3996 -3.75516 0 0 0
time 189
0 -0.00652074 0 0 0 0 0
1 0.00652074 47.2058 0 0 0 0
2 0 -47.2058 0 0 0 0
3 0 0.929421 0 0 0 0
4 0 0 0 0 0 0
5 0.007 0.00524667 -0.02 0 0.004491434 0
6 -0.007 -47.211 5.93 0 0 0
7 -0.007 8.45016 2.68682 0 0 11.93806
8 0 -47.2058 0 0 0 0
9 0 -4.3996 -3.75516 0 0 0
time 190
0 -0.00652074 0 0 0 0 0
1 0.00652074 47.2058 0 0 0 0
2 0 -47.2058 0 0 0 0
3 0 0.929421 0 0 0 0
4 0 0 0 0 0 0
5 0.007 0.00524667 -0.02 0 -0.001938842 0
6 -0.007 -47.211 5.93 0 0 0
7 -0.007 8.45016 2.68682 0 0 12.56638
8 0 -47.2058 0 0 0 0
9 0 -4.3996 -3.75516 0 0 0
time 191
0 -0.00652074 0 0 0 0 0
1 0.00652074 47.2058 0 0 0 0
2 0 -47.2058 0 0 0 0
3 0 0.929421 0 0 0 0
4 0 0 0 0 0 0
5 0.007 0.00524667 -0.02 0 -0.008369125 0
6 -0.007 -47.211 5.93 0 0 0
7 -0.007 8.45016 2.68682 0 0 13.19469
8 0 -47.2058 0 0 0 0
9 0 -4.3996 -3.75516 0 0 0
time 192
0 -0.00652074 0 0 0 0 0
1 0.00652074 47.2058 0 0 0 0
2 0 -47.2058 0 0 0 0
3 0 0.929421 0 0 0 0
4 0 0 0 0 0 0
5 0.007 0.00524667 -0.02 0 -0.01479941 0
6 -0.007 -47.211 5.93 0 0 0
7 -0.007 8.45016 2.68682 0 0 13.82301
8 0 -47.2058 0 0 0 0
9 0 -4.3996 -3.75516 0 0 0
time 193
0 -0.00652074 0 0 0 0 0
1 0.00652074 47.2058 0 0 0 0
2 0 -47.2058 0 0 0 0
3 0 0.929421 0 0 0 0
4 0 0 0 0 0 0
5 0.007 0.00524667 -0.02 0 -0.02122968 0
6 -0.007 -47.211 5.93 0 0 0
7 -0.007 8.45016 2.68682 0 0 14.45132
8 0 -47.2058 0 0 0 0
9 0 -4.3996 -3.75516 0 0 0
time 194
0 -0.00652074 0 0 0 0 0
1 0.00652074 47.2058 0 0 0 0
2 0 -47.2058 0 0 0 0
3 0 0.929421 0 0 0 0
4 0 0 0 0 0 0
5 0.007 0.00524667 -0.02 0 -0.02765997 0
6 -0.007 -47.211 5.93 0 0 0
7 -0.007 8.45016 2.68682 0 0 15.07964
8 0 -47.2058 0 0 0 0
9 0 -4.3996 -3.75516 0 0 0
time 195
0 -0.00652074 0 0 0 0 0
1 0.00652074 47.2058 0 0 0 0
2 0 -47.2058 0 0 0 0
3 0 0.929421 0 0 0 0
4 0 0 0 0 0 0
5 0.007 0.00524667 -0.02 0 -0.03409024 0
6 -0.007 -47.211 5.93 0 0 0
7 -0.007 8.45016 2.68682 0 0 15.70796
8 0 -47.2058 0 0 0 0
9 0 -4.3996 -3.75516 0 0 0
time 196
0 -0.00652074 0 0 0 0 0
1 0.00652074 47.2058 0 0 0 0
2 0 -47.2058 0 0 0 0
3 0 0.929421 0 0 0 0
4 0 0 0 0 0 0
5 0.007 0.00524667 -0.02 0 -0.04052052 0
6 -0.007 -47.211 5.93 0 0 0
7 -0.007 8.45016 2.68682 0 0 16.33627
8 0 -47.2058 0 0 0 0
9 0 -4.3996 -3.75516 0 0 0
time 197
0 -0.00652074 0 0 0 0 0
1 0.00652074 47.2058 0 0 0 0
2 0 -47.2058 0 0 0 0
3 0 0.929421 0 0 0 0
4 0 0 0 0 0 0
5 0.007 0.00524667 -0.02 0 -0.04695082 0
6 -0.007 -47.211 5.93 0 0 0
7 -0.007 8.45016 2.68682 0 0 16.96459
8 0 -47.2058 0 0 0 0
9 0 -4.3996 -3.75516 0 0 0
time 198
0 -0.00652074 0 0 0 0 0
1 0.00652074 47.2058 0 0 0 0
2 0 -47.2058 0 0 0 0
3 0 0.929421 0 0 0 0
4 0 0 0 0 0 0
5 0.007 0.00524667 -0.02 0 -0.05338111 0
6 -0.007 -47.211 5.93 0 0 0
7 -0.007 8.45016 2.68682 0 0 17.59291
8 0 -47.2058 0 0 0 0
9 0 -4.3996 -3.75516 0 0 0
time 199
0 -0.00652074 0 0 0 0 0
1 0.00652074 47.2058 0 0 0 0
2 0 -47.2058 0 0 0 0
3 0 0.929421 0 0 0 0
4 0 0 0 0 0 0
5 0.007 0.00524667 -0.02 0 -0.05981139 0
6 -0.007 -47.211 5.93 0 0 0
7 -0.007 8.45016 2.68682 0 0 18.22122
8 0 -47.2058 0 0 0 0
9 0 -4.3996 -3.75516 0 0 0
time 200
0 -0.00652074 0 0 0 0 0
1 0.00652074 47.2058 0 0 0 0
2 0 -47.2058 0 0 0 0
3 0 0.929421 0 0 0 0
4 0 0 0 0 0 0
5 0.007 0.00524667 -0.02 0 -0.06624167 0
6 -0.007 -47.211 5.93 0 0 0
7 -0.007 8.45016 2.68682 0 0 18.84954
8 0 -47.2058 0 0 0 0
9 0 -4.3996 -3.75516 0 0 0
time 201
0 -0.00652074 0 0 0 0 0
1 0.00652074 47.2058 0 0 0 0
2 0 -47.2058 0 0 0 0
3 0 0.929421 0 0 0 0
4 0 0 0 0 0 0
5 0.007 0.00524667 -0.02 0 -0.07267196 0
6 -0.007 -47.211 5.93 0 0 0
7 -0.007 8.45016 2.68682 0 0 19.47786
8 0 -47.2058 0 0 0 0
9 0 -4.3996 -3.75516 0 0 0
time 202
0 -0.00652074 0 0 0 0 0
1 0.00652074 47.2058 0 0 0 0
2 0 -47.2058 0 0 0 0
3 0 0.929421 0 0 0 0
4 0 0 0 0 0 0
5 0.007 0.00524667 -0.02 0 -0.07910224 0
6 -0.007 -47.211 5.93 0 0 0
7 -0.007 8.45016 2.68682 0 0 20.10618
8 0 -47.2058 0 0 0 0
9 0 -4.3996 -3.75516 0 0 0
time 203
0 -0.00652074 0 0 0 0 0
1 0.00652074 47.2058 0 0 0 0
2 0 -47.2058 0 0 0 0
3 0 0.929421 0 0 0 0
4 0 0 0 0 0 0
5 0.007 0.00524667 -0.02 0 -0.08553253 0
6 -0.007 -47.211 5.93 0 0 0
7 -0.007 8.45016 2.68682 0 0 20.7345
8 0 -47.2058 0 0 0 0
9 0 -4.3996 -3.75516 0 0 0
time 204
0 -0.00652074 0 0 0 0 0
1 0.00652074 47.2058 0 0 0 0
2 0 -47.2058 0 0 0 0
3 0 0.929421 0 0 0 0
4 0 0 0 0 0 0
5 0.007 0.00524667 -0.02 0 -0.09196282 0
6 -0.007 -47.211 5.93 0 0 0
7 -0.007 8.45016 2.68682 0 0 21.36283
8 0 -47.2058 0 0 0 0
9 0 -4.3996 -3.75516 0 0 0
time 205
0 -0.00652074 0 0 0 0 0
1 0.00652074 47.2058 0 0 0 0
2 0 -47.2058 0 0 0 0
3 0 0.929421 0 0 0 0
4 0 0 0 0 0 0
5 0.007 0.00524667 -0.02 0 -0.0983931 0
6 -0.007 -47.211 5.93 0 0 0
7 -0.007 8.45016 2.68682 0 0 21.99115
8 0 -47.2058 0 0 0 0
9 0 -4.3996 -3.75516 0 0 0
time 206
0 -0.00652074 0 0 0 0 0
1 0.00652074 47.2058 0 0 0 0
2 0 -47.2058 0 0 0 0
3 0 0.929421 0 0 0 0
4 0 0 0 0 0 0
5 0.007 0.00524667 -0.02 0 -0.1048234 0
6 -0.007 -47.211 5.93 0 0 0
7 -0.007 8.45016 2.68682 0 0 22.61947
8 0 -47.2058 0 0 0 0
9 0 -4.3996 -3.75516 0 0 0
time 207
0 -0.00652074 0 0 0 0 0
1 0.00652074 47.2058 0 0 0 0
2 0 -47.2058 0 0 0 0
3 0 0.929421 0 0 0 0
4 0 0 0 0 0 0
5 0.007 0.00524667 -0.02 0 -0.1112537 0
6 -0.007 -47.211 5.93 0 0 0
7 -0.007 8.45016 2.68682 0 0 23.24779
8 0 -47.2058 0 0 0 0
9 0 -4.3996 -3.75516 0 0 0
time 208
0 -0.00652074 0 0 0 0 0
1 0.00652074 47.2058 0 0 0 0
2 0 -47.2058 0 0 0 0
3 0 0.929421 0 0 0 0
4 0 0 0 0 0 0
5 0.007 0.00524667 -0.02 0 -0.117684 0
6 -0.007 -47.211 5.93 0 0 0
7 -0.007 8.45016 2.68682 0 0 23.87611
8 0 -47.2058 0 0 0 0
9 0 -4.3996 -3.75516 0 0 0
time 209
0 -0.00652074 0 0 0 0 0
1 0.00652074 47.2058 0 0 0 0
2 0 -47.2058 0 0 0 0
3 0 0.929421 0 0 0 0
4 0 0 0 0 0 0
5 0.007 0.00524667 -0.02 0 -0.1241143 0
6 -0.007 -47.211 5.93 0 0 0
7 -0.007 8.45016 2.68682 0 0 24.50443
8 0 -47.2058 0 0 0 0
9 0 -4.3996 -3.75516 0 0 0
time 210
0 -0.00652074 0 0 0 0 0
1 0.00652074 47.2058 0 0 0 0
2 0 -47.2058 0 0 0 0
3 0 0.929421 0 0 0 0
4 0 0 0 0 0 0
5 0.007 0.00524667 -0.02 0 -0.1305446 0
6 -0.007 -47.211 5.93 0 0 0
7 -0.007 8.45016 2.68682 0 0 25.13274
8 0 -47.2058 0 0 0 0
9 0 -4.3996 -3.75516 0 0 0
time 211
0 -0.00652074 0 0 0 0 0
1 0.00652074 47.2058 0 0 0 0
2 0 -47.2058 0 0 0 0
3 0 0.929421 0 0 0 0
4 0 0 0 0 0 0
5 0.007 0.00524667 -0.02 0 -0.1369748 0
6 -0.007 -47.211 5.93 0 0 0
7 -0.007 8.45016 2.68682 0 0 25.76105
8 0 -47.2058 0 0 0 0
9 0 -4.3996 -3.75516 0 0 0
time 212
0 -0.00652074 0 0 0 0 0
1 0.00652074 47.2058 0 0 0 0
2 0 -47.2058 0 0 0 0
3 0 0.929421 0 0 0 0
4 0 0 0 0 0 0
5 0.007 0.00524667 -0.02 0 -0.1434051 0
6 -0.007 -47.211 5.93 0 0 0
7 -0.007 8.45016 2.68682 0 0 26.38937
8 0 -47.2058 0 0 0 0
9 0 -4.3996 -3.75516 0 0 0
time 213
0 -0.00652074 0 0 0 0 0
1 0.00652074 47.2058 0 0 0 0
2 0 -47.2058 0 0 0 0
3 0 0.929421 0 0 0 0
4 0 0 0 0 0 0
5 0.007 0.00524667 -0.02 0 -0.1498354 0
6 -0.007 -47.211 5.93 0 0 0
7 -0.007 8.45016 2.68682 0 0 27.01768
8 0 -47.2058 0 0 0 0
9 0 -4.3996 -3.75516 0 0 0
time 214
0 -0.00652074 0 0 0 0 0
1 0.00652074 47.2058 0 0 0 0
2 0 -47.2058 0 0 0 0
3 0 0.929421 0 0 0 0
4 0 0 0 0 0 0
5 0.007 0.00524667 -0.02 0 -0.1562657 0
6 -0.007 -47.211 5.93 0 0 0
7 -0.007 8.45016 2.68682 0 0 27.64599
8 0 -47.2058 0 0 0 0
9 0 -4.3996 -3.75516 0 0 0
time 215
0 -0.00652074 0 0 0 0 0
1 0.00652074 47.2058 0 0 0 0
2 0 -47.2058 0 0 0 0
3 0 0.929421 0 0 0 0
4 0 0 0 0 0 0
5 0.007 0.00524667 -0.02 0 -0.162696 0
6 -0.007 -47.211 5.93 0 0 0
7 -0.007 8.45016 2.68682 0 0 28.2743
8 0 -47.2058 0 0 0 0
9 0 -4.3996 -3.75516 0 0 0
time 216
0 -0.00652074 0 0 0 0 0
1 0.00652074 47.2058 0 0 0 0
2 0 -47.2058 0 0 0 0
3 0 0.929421 0 0 0 0
4 0 0 0 0 0 0
5 0.007 0.00524667 -0.02 0 -0.1691263 0
6 -0.007 -47.211 5.93 0 0 0
7 -0.007 8.45016 2.68682 0 0 28.90261
8 0 -47.2058 0 0 0 0
9 0 -4.3996 -3.75516 0 0 0
time 217
0 -0.00652074 0 0 0 0 0
1 0.00652074 47.2058 0 0 0 0
2 0 -47.2058 0 0 0 0
3 0 0.929421 0 0 0 0
4 0 0 0 0 0 0
5 0.007 0.00524667 -0.02 0 -0.1755566 0
6 -0.007 -47.211 5.93 0 0 0
7 -0.007 8.45016 2.68682 0 0 29.53092
8 0 -47.2058 0 0 0 0
9 0 -4.3996 -3.75516 0 0 0
time 218
0 -0.00652074 0 0 0 0 0
1 0.00652074 47.2058 0 0 0 0
2 0 -47.2058 0 0 0 0
3 0 0.929421 0 0 0 0
4 0 0 0 0 0 0
5 0.007 0.00524667 -0.02 0 -0.1819869 0
6 -0.007 -47.211 5.93 0 0 0
7 -0.007 8.45016 2.68682 0 0 30.15923
8 0 -47.2058 0 0 0 0
9 0 -4.3996 -3.75516 0 0 0
time 219
0 -0.00652074 0 0 0 0 0
1 0.00652074 47.2058 0 0 0 0
2 0 -47.2058 0 0 0 0
3 0 0.929421 0 0 0 0
4 0 0 0 0 0 0
5 0.007 0.00524667 -0.02 0 -0.1884172 0
6 -0.007 -47.211 5.93 0 0 0
7 -0.007 8.45016 2.68682 0 0 30.78754
8 0 -47.2058 0 0 0 0
9 0 -4.3996 -3.75516 0 0 0
time 220
0 -0.00652074 0 0 0 0 0
1 0.00652074 47.2058 0 0 0 0
2 0 -47.2058 0 0 0 0
3 0 0.929421 0 0 0 0
4 0 0 0 0 0 0
5 0.007 0.00524667 -0.02 0 -0.1948475 0
6 -0.007 -47.211 5.93 0 0 0
7 -0.007 8.45016 2.68682 0 0 31.41585
8 0 -47.2058 0 0 0 0
9 0 -4.3996 -3.75516 0 0 0
time 221
0 -0.00652074 0 0 0 0 0
1 0.00652074 47.2058 0 0 0 0
2 0 -47.2058 0 0 0 0
3 0 0.929421 0 0 0 0
4 0 0 0 0 0 0
5 0.007 0.00524667 -0.02 0 -0.2012777 0
6 -0.007 -47.211 5.93 0 0 0
7 -0.007 8.45016 2.68682 0 0 32.04416
8 0 -47.2058 0 0 0 0
9 0 -4.3996 -3.75516 0 0 0
time 222
0 -0.00652074 0 0 0 0 0
1 0.00652074 47.2058 0 0 0 0
2 0 -47.2058 0 0 0 0
3 0 0.929421 0 0 0 0
4 0 0 0 0 0 0
5 0.007 0.00524667 -0.02 0 -0.207708 0
6 -0.007 -47.211 5.93 0 0 0
7 -0.007 8.45016 2.68682 0 0 32.67247
8 0 -47.2058 0 0 0 0
9 0 -4.3996 -3.75516 0 0 0
time 223
0 -0.00652074 0 0 0 0 0
1 0.00652074 47.2058 0 0 0 0
2 0 -47.2058 0 0 0 0
3 0 0.929421 0 0 0 0
4 0 0 0 0 0 0
5 0.007 0.00524667 -0.02 0 -0.2141383 0
6 -0.007 -47.211 5.93 0 0 0
7 -0.007 8.45016 2.68682 0 0 33.30079
8 0 -47.2058 0 0 0 0
9 0 -4.3996 -3.75516 0 0 0
time 224
0 -0.00652074 0 0 0 0 0
1 0.00652074 47.2058 0 0 0 0
2 0 -47.2058 0 0 0 0
3 0 0.929421 0 0 0 0
4 0 0 0 0 0 0
5 0.007 0.00524667 -0.02 0 -0.2205686 0
6 -0.007 -47.211 5.93 0 0 0
7 -0.007 8.45016 2.68682 0 0 33.92909
8 0 -47.2058 0 0 0 0
9 0 -4.3996 -3.75516 0 0 0
time 225
0 -0.00652074 0 0 0 0 0
1 0.00652074 47.2058 0 0 0 0
2 0 -47.2058 0 0 0 0
3 0 0.929421 0 0 0 0
4 0 0 0 0 0 0
5 0.007 0.00524667 -0.02 0 -0.2269989 0
6 -0.007 -47.211 5.93 0 0 0
7 -0.007 8.45016 2.68682 0 0 34.55741
8 0 -47.2058 0 0 0 0
9 0 -4.3996 -3.75516 0 0 0
time 226
0 -0.00652074 0 0 0 0 0
1 0.00652074 47.2058 0 0 0 0
2 0 -47.2058 0 0 0 0
3 0 0.929421 0 0 0 0
4 0 0 0 0 0 0
5 0.007 0.00524667 -0.02 0 -0.2334292 0
6 -0.007 -47.211 5.93 0 0 0
7 -0.007 8.45016 2.68682 0 0 35.18572
8 0 -47.2058 0 0 0 0
9 0 -4.3996 -3.75516 0 0 0
time 227
0 -0.00652074 0 0 0 0 0
1 0.00652074 47.2058 0 0 0 0
2 0 -47.2058 0 0 0 0
3 0 0.929421 0 0 0 0
4 0 0 0 0 0 0
5 0.007 0.00524667 -0.02 0 -0.2398595 0
6 -0.007 -47.211 5.93 0 0 0
7 -0.007 8.45016 2.68682 0 0 35.81404
8 0 -47.2058 0 0 0 0
9 0 -4.3996 -3.75516 0 0 0
time 228
0 -0.00652074 0 0 0 0 0
1 0.00652074 47.2058 0 0 0 0
2 0 -47.2058 0 0 0 0
3 0 0.929421 0 0 0 0
4 0 0 0 0 0 0
5 0.007 0.00524667 -0.02 0 -0.2462898 0
6 -0.007 -47.211 5.93 0 0 0
7 -0.007 8.45016 2.68682 0 0 36.44236
8 0 -47.2058 0 0 0 0
9 0 -4.3996 -3.75516 0 0 0
time 229
0 -0.00652074 0 0 0 0 0
1 0.00652074 47.2058 0 0 0 0
2 0 -47.2058 0 0 0 0
3 0 0.929421 0 0 0 0
4 0 0 0 0 0 0
5 0.007 0.00524667 -0.02 0 -0.25272 0
6 -0.007 -47.211 5.93 0 0 0
7 -0.007 8.45016 2.68682 0 0 37.07068
8 0 -47.2058 0 0 0 0
9 0 -4.3996 -3.75516 0 0 0
time 230
0 -0.00652074 0 0 0 0 0
1 0.00652074 47.2058 0 0 0 0
2 0 -47.2058 0 0 0 0
3 0 0.929421 0 0 0 0
4 0 0 0 0 0 0
5 0.007 0.00524667 -0.02 0 -0.2591504 0
6 -0.007 -47.211 5.93 0 0 0
7 -0.007 8.45016 2.68682 0 0 37.69901
8 0 -47.2058 0 0 0 0
9 0 -4.3996 -3.75516 0 0 0
time 231
0 -0.00652074 0 0 0 0 0
1 0.00652074 47.2058 0 0 0 0
2 0 -47.2058 0 0 0 0
3 0 0.929421 0 0 0 0
4 0 0 0 0 0 0
5 0.007 0.00524667 -0.02 0 -0.2655806 0
6 -0.007 -47.211 5.93 0 0 0
7 -0.007 8.45016 2.68682 0 0 38.32733
8 0 -47.2058 0 0 0 0
9 0 -4.3996 -3.75516 0 0 0
time 232
0 -0.00652074 0 0 0 0 0
1 0.00652074 47.2058 0 0 0 0
2 0 -47.2058 0 0 0 0
3 0 0.929421 0 0 0 0
4 0 0 0 0 0 0
5 0.007 0.00524667 -0.02 0 -0.2720109 0
6 -0.007 -47.211 5.93 0 0 0
7 -0.007 8.45016 2.68682 0 0 38.95566
8 0 -47.2058 0 0 0 0
9 0 -4.3996 -3.75516 0 0 0
time 233
0 -0.00652074 0 0 0 0 0
1 0.00652074 47.2058 0 0 0 0
2 0 -47.2058 0 0 0 0
3 0 0.929421 0 0 0 0
4 0 0 0 0 0 0
5 0.007 0.00524667 -0.02 0 -0.2784412 0
6 -0.007 -47.211 5.93 0 0 0
7 -0.007 8.45016 2.68682 0 0 39.58399
8 0 -47.2058 0 0 0 0
9 0 -4.3996 -3.75516 0 0 0
time 234
0 -0.00652074 0 0 0 0 0
1 0.00652074 47.2058 0 0 0 0
2 0 -47.2058 0 0 0 0
3 0 0.929421 0 0 0 0
4 0 0 0 0 0 0
5 0.007 0.00524667 -0.02 0 -0.2848715 0
6 -0.007 -47.211 5.93 0 0 0
7 -0.007 8.45016 2.68682 0 0 40.21233
8 0 -47.2058 0 0 0 0
9 0 -4.3996 -3.75516 0 0 0
time 235
0 -0.00652074 0 0 0 0 0
1 0.00652074 47.2058 0 0 0 0
2 0 -47.2058 0 0 0 0
3 0 0.929421 0 0 0 0
4 0 0 0 0 0 0
5 0.007 0.00524667 -0.02 0 -0.2913017 0
6 -0.007 -47.211 5.93 0 0 0
7 -0.007 8.45016 2.68682 0 0 40.84066
8 0 -47.2058 0 0 0 0
9 0 -4.3996 -3.75516 0 0 0
time 236
0 -0.00652074 0 0 0 0 0
1 0.00652074 47.2058 0 0 0 0
2 0 -47.2058 0 0 0 0
3 0 0.929421 0 0 0 0
4 0 0 0 0 0 0
5 0.007 0.00524667 -0.02 0 -0.297732 0
6 -0.007 -47.211 5.93 0 0 0
7 -0.007 8.45016 2.68682 0 0 41.469
8 0 -47.2058 0 0 0 0
9 0 -4.3996 -3.75516 0 0 0
time 237
0 -0.00652074 0 0 0 0 0
1 0.00652074 47.2058 0 0 0 0
2 0 -47.2058 0 0 0 0
3 0 0.929421 0 0 0 0
4 0 0 0 0 0 0
5 0.007 0.00524667 -0.02 0 -0.3041623 0
6 -0.007 -47.211 5.93 0 0 0
7 -0.007 8.45016 2.68682 0 0 42.09735
8 0 -47.2058 0 0 0 0
9 0 -4.3996 -3.75516 0 0 0
time 238
0 -0.00652074 0 0 0 0 0
1 0.00652074 47.2058 0 0 0 0
2 0 -47.2058 0 0 0 0
3 0 0.929421 0 0 0 0
4 0 0 0 0 0 0
5 0.007 0.00524667 -0.02 0 -0.3105926 0
6 -0.007 -47.211 5.93 0 0 0
7 -0.007 8.45016 2.68682 0 0 42.72567
8 0 -47.2058 0 0 0 0
9 0 -4.3996 -3.75516 0 0 0
time 239
0 -0.00652074 0 0 0 0 0
1 0.00652074 47.2058 0 0 0 0
2 0 -47.2058 0 0 0 0
3 0 0.929421 0 0 0 0
4 0 0 0 0 0 0
5 0.007 0.00524667 -0.02 0 -0.3170229 0
6 -0.007 -47.211 5.93 0 0 0
7 -0.007 8.45016 2.68682 0 0 43.35398
8 0 -47.2058 0 0 0 0
9 0 -4.3996 -3.75516 0 0 0
time 240
0 -0.00652074 0 0 0 0 0
1 0.00652074 47.2058 0 0 0 0
2 0 -47.2058 0 0 0 0
3 0 0.929421 0 0 0 0
4 0 0 0 0 0 0
5 0.007 0.00524667 -0.02 0 -0.3234531 0
6 -0.007 -47.211 5.93 0 0 0
7 -0.007 8.45016 2.68682 0 0 6.283185
8 0 -47.2058 0 0 0 0
9 0 -4.3996 -3.75516 0 0 0
time 241
0 -0.00652074 0 0 0 0 0
1 0.00652074 47.2058 0 0 0 0
2 0 -47.2058 0 0 0 0
3 0 0.929421 0 0 0 0
4 0 0 0 0 0 0
5 0.007 0.00524667 -0.02 0 -0.3298834 0
6 -0.007 -47.211 5.93 0 0 0
7 -0.007 8.45016 2.68682 0 0 6.911508
8 0 -47.2058 0 0 0 0
9 0 -4.3996 -3.75516 0 0 0
time 242
0 -0.00652074 0 0 0 0 0
1 0.00652074 47.2058 0 0 0 0
2 0 -47.2058 0 0 0 0
3 0 0.929421 0 0 0 0
4 0 0 0 0 0 0
5 0.007 0.00524667 -0.02 0 -0.3363137 0
6 -0.007 -47.211 5.93 0 0 0
7 -0.007 8.45016 2.68682 0 0 7.539835
8 0 -47.2058 0 0 0 0
9 0 -4.3996 -3.75516 0 0 0
time 243
0 -0.00652074 0 0 0 0 0
1 0.00652074 47.2058 0 0 0 0
2 0 -47.2058 0 0 0 0
3 0 0.929421 0 0 0 0
4 0 0 0 0 0 0
5 0.007 0.00524667 -0.02 0 -0.342744 0
6 -0.007 -47.211 5.93 0 0 0
7 -0.007 8.45016 2.68682 0 0 8.168164
8 0 -47.2058 0 0 0 0
9 0 -4.3996 -3.75516 0 0 0
time 244
0 -0.00652074 0 0 0 0 0
1 0.00652074 47.2058 0 0 0 0
2 0 -47.2058 0 0 0 0
3 0 0.929421 0 0 0 0
4 0 0 0 0 0 0
5 0.007 0.00524667 -0.02 0 -0.3491742 0
6 -0.007 -47.211 5.93 0 0 0
7 -0.007 8.45016 2.68682 0 0 8.796495
8 0 -47.2058 0 0 0 0
9 0 -4.3996 -3.75516 0 0 0
time 245
0 -0.00652074 0 0 0 0 0
1 0.00652074 47.2058 0 0 0 0
2 0 -47.2058 0 0 0 0
3 0 0.929421 0 0 0 0
4 0 0 0 0 0 0
5 0.007 0.00524667 -0.02 0 -0.3556045 0
6 -0.007 -47.211 5.93 0 0 0
7 -0.007 8.45016 2.68682 0 0 9.424828
8 0 -47.2058 0 0 0 0
9 0 -4.3996 -3.75516 0 0 0
time 246
0 -0.00652074 0 0 0 0 0
1 0.00652074 47.2058 0 0 0 0
2 0 -47.2058 0 0 0 0
3 0 0.929421 0 0 0 0
4 0 0 0 0 0 0
5 0.007 0.00524667 -0.02 0 -0.3620347 0
6 -0.007 -47.211 5.93 0 0 0
7 -0.007 8.45016 2.68682 0 0 10.05316
8 0 -47.2058 0 0 0 0
9 0 -4.3996 -3.75516 0 0 0
time 247
0 -0.00652074 0 0 0 0 0
1 0.00652074 47.2058 0 0 0 0
2 0 -47.2058 0 0 0 0
3 0 0.929421 0 0 0 0
4 0 0 0 0 0 0
5 0.007 0.00524667 -0.02 0 -0.368465 0
6 -0.007 -47.211 5.93 0 0 0
7 -0.007 8.45016 2.68682 0 0 10.68149
8 0 -47.2058 0 0 0 0
9 0 -4.3996 -3.75516 0 0 0
time 248
0 -0.00652074 0 0 0 0 0
1 0.00652074 47.2058 0 0 0 0
2 0 -47.2058 0 0 0 0
3 0 0.929421 0 0 0 0
4 0 0 0 0 0 0
5 0.007 0.00524667 -0.02 0 -0.3748952 0
6 -0.007 -47.211 5.93 0 0 0
7 -0.007 8.45016 2.68682 0 0 11.30983
8 0 -47.2058 0 0 0 0
9 0 -4.3996 -3.75516 0 0 0
time 249
0 -0.00652074 0 0 0 0 0
1 0.00652074 47.2058 0 0 0 0
2 0 -47.2058 0 0 0 0
3 0 0.929421 0 0 0 0
4 0 0 0 0 0 0
5 0.007 0.00524667 -0.02 0 -0.3813256 0
6 -0.007 -47.211 5.93 0 0 0
7 -0.007 8.45016 2.68682 0 0 11.93816
8 0 -47.2058 0 0 0 0
9 0 -4.3996 -3.75516 0 0 0
time 250
0 -0.00652074 0 0 0 0 0
1 0.00652074 47.2058 0 0 0 0
2 0 -47.2058 0 0 0 0
3 0 0.929421 0 0 0 0
4 0 0 0 0 0 0
5 0.007 0.00524667 -0.02 0 -0.3877558 0
6 -0.007 -47.211 5.93 0 0 0
7 -0.007 8.45016 2.68682 0 0 12.56649
8 0 -47.2058 0 0 0 0
9 0 -4.3996 -3.75516 0 0 0
time 251
0 -0.00652074 0 0 0 0 0
1 0.00652074 47.2058 0 0 0 0
2 0 -47.2058 0 0 0 0
3 0 0.929421 0 0 0 0
4 0 0 0 0 0 0
5 0.007 0.00524667 -0.02 0 -0.3941861 0
6 -0.007 -47.211 5.93 0 0 0
7 -0.007 8.45016 2.68682 0 0 13.19482
8 0 -47.2058 0 0 0 0
9 0 -4.3996 -3.75516 0 0 0
time 252
0 -0.00652074 0 0 0 0 0
1 0.00652074 47.2058 0 0 0 0
2 0 -47.2058 0 0 0 0
3 0 0.929421 0 0 0 0
4 0 0 0 0 0 0
5 0.007 0.00524667 -0.02 0 -0.4006164 0
6 -0.007 -47.211 5.93 0 0 0
7 -0.007 8.45016 2.68682 0 0 13.82315
8 0 -47.2058 0 0 0 0
9 0 -4.3996 -3.75516 0 0 0
time 253
0 -0.00652074 0 0 0 0 0
1 0.00652074 47.2058 0 0 0 0
2 0 -47.2058 0 0 0 0
3 0 0.929421 0 0 0 0
4 0 0 0 0 0 0
5 0.007 0.00524667 -0.02 0 -0.4070466 0
6 -0.007 -47.211 5.93 0 0 0
7 -0.007 8.45016 2.68682 0 0 14.45147
8 0 -47.2058 0 0 0 0
9 0 -4.3996 -3.75516 0 0 0
time 254
0 -0.00652074 0 0 0 0 0
1 0.00652074 47.2058 0 0 0 0
2 0 -47.2058 0 0 0 0
3 0 0.929421 0 0 0 0
4 0 0 0 0 0 0
5 0.007 0.00524667 -0.02 0 -0.4134769 0
6 -0.007 -47.211 5.93 0 0 0
7 -0.007 8.45016 2.68682 0 0 15.07979
8 0 -47.2058 0 0 0 0
9 0 -4.3996 -3.75516 0 0 0
time 255
0 -0.00652074 0 0 0 0 0
1 0.00652074 47.2058 0 0 0 0
2 0 -47.2058 0 0 0 0
3 0 0.929421 0 0 0 0
4 0 0 0 0 0 0
5 0.007 0.00524667 -0.02 0 -0.4199071 0
6 -0.007 -47.211 5.93 0 0 0
7 -0.007 8.45016 2.68682 0 0 15.70811
8 0 -47.2058 0 0 0 0
9 0 -4.3996 -3.75516 0 0 0
time 256
0 -0.00652074 0 0 0 0 0
1 0.00652074 47.2058 0 0 0 0
2 0 -47.2058 0 0 0 0
3 0 0.929421 0 0 0 0
4 0 0 0 0 0 0
5 0.007 0.00524667 -0.02 0 -0.4263374 0
6 -0.007 -47.211 5.93 0 0 0
7 -0.007 8.45016 2.68682 0 0 16.33642
8 0 -47.2058 0 0 0 0
9 0 -4.3996 -3.75516 0 0 0
time 257
0 -0.00652074 0 0 0 0 0
1 0.00652074 47.2058 0 0 0 0
2 0 -47.2058 0 0 0 0
3 0 0.929421 0 0 0 0
4 0 0 0 0 0 0
5 0.007 0.00524667 -0.02 0 -0.4327676 0
6 -0.007 -47.211 5.93 0 0 0
7 -0.007 8.45016 2.68682 0 0 16.96473
8 0 -47.2058 0 0 0 0
9 0 -4.3996 -3.75516 0 0 0
time 258
0 -0.00652074 0 0 0 0 0
1 0.00652074 47.2058 0 0 0 0
2 0 -47.2058 0 0 0 0
3 0 0.929421 0 0 0 0
4 0 0 0 0 0 0
5 0.007 0.00524667 -0.02 0 -0.4391978 0
6 -0.007 -47.211 5.93 0 0 0
7 -0.007 8.45016 2.68682 0 0 17.59304
8 0 -47.2058 0 0 0 0
9 0 -4.3996 -3.75516 0 0 0
time 259
0 -0.00652074 0 0 0 0 0
1 0.00652074 47.2058 0 0 0 0
2 0 -47.2058 0 0 0 0
3 0 0.929421 0 0 0 0
4 0 0 0 0 0 0
5 0.007 0.00524667 -0.02 0 -0.4456282 0
6 -0.007 -47.211 5.93 0 0 0
7 -0.007 8.45016 2.68682 0 0 18.22133
8 0 -47.2058 0 0 0 0
9 0 -4.3996 -3.75516 0 0 0
time 260
0 -0.00652074 0 0 0 0 0
1 0.00652074 47.2058 0 0 0 0
2 0 -47.2058 0 0 0 0
3 0 0.929421 0 0 0 0
4 0 0 0 0 0 0
5 0.007 0.00524667 -0.02 0 -0.4520584 0
6 -0.007 -47.211 5.93 0 0 0
7 -0.007 8.45016 2.68682 0 0 18.84963
8 0 -47.2058 0 0 0 0
9 0 -4.3996 -3.75516 0 0 0
time 261
0 -0.00652074 0 0 0 0 0
1 0.00652074 47.2058 0 0 0 0
2 0 -47.2058 0 0 0 0
3 0 0.929421 0 0 0 0
4 0 0 0 0 0 0
5 0.007 0.00524667 -0.02 0 -0.4584886 0
6 -0.007 -47.211 5.93 0 0 0
7 -0.007 8.45016 2.68682 0 0 19.47792
8 0 -47.2058 0 0 0 0
9 0 -4.3996 -3.75516 0 0 0
time 262
0 -0.00652074 0 0 0 0 0
1 0.00652074 47.2058 0 0 0 0
2 0 -47.2058 0 0 0 0
3 0 0.929421 0 0 0 0
4 0 0 0 0 0 0
5 0.007 0.00524667 -0.02 0 -0.4649189 0
6 -0.007 -47.211 5.93 0 0 0
7 -0.007 8.45016 2.68682 0 0 20.1062
8 0 -47.2058 0 0 0 0
9 0 -4.3996 -3.75516 0 0 0
time 263
0 -0.00652074 0 0 0 0 0
1 0.00652074 47.2058 0 0 0 0
2 0 -47.2058 0 0 0 0
3 0 0.929421 0 0 0 0
4 0 0 0 0 0 0
5 0.007 0.00524667 -0.02 0 -0.4713491 0
6 -0.007 -47.211 5.93 0 0 0
7 -0.007 8.45016 2.68682 0 0 20.73448
8 0 -47.2058 0 0 0 0
9 0 -4.3996 -3.75516 0 0 0
time 264
0 -0.00652074 0 0 0 0 0
1 0.00652074 47.2058 0 0 0 0
2 0 -47.2058 0 0 0 0
3 0 0.929421 0 0 0 0
4 0 0 0 0 0 0
5 0.007 0.00524667 -0.02 0 -0.4777793 0
6 -0.007 -47.211 5.93 0 0 0
7 -0.007 8.45016 2.68682 0 0 21.36277
8 0 -47.2058 0 0 0 0
9 0 -4.3996 -3.75516 0 0 0
time 265
0 -0.00652074 0 0 0 0 0
1 0.00652074 47.2058 0 0 0 0
2 0 -47.2058 0 0 0 0
3 0 0.929421 0 0 0 0
4 0 0 0 0 0 0
5 0.007 0.00524667 -0.02 0 -0.4842096 0
6 -0.007 -47.211 5.93 0 0 0
7 -0.007 8.45016 2.68682 0 0 21.99107
8 0 -47.2058 0 0 0 0
9 0 -4.3996 -3.75516 0 0 0
time 266
0 -0.00652074 0 0 0 0 0
1 0.00652074 47.2058 0 0 0 0
2 0 -47.2058 0 0 0 0
3 0 0.929421 0 0 0 0
4 0 0 0 0 0 0
5 0.007 0.00524667 -0.02 0 -0.4906398 0
6 -0.007 -47.211 5.93 0 0 0
7 -0.007 8.45016 2.68682 0 0 22.61938
8 0 -47.2058 0 0 0 0
9 0 -4.3996 -3.75516 0 0 0
time 267
0 -0.00652074 0 0 0 0 0
1 0.00652074 47.2058 0 0 0 0
2 0 -47.2058 0 0 0 0
3 0 0.929421 0 0 0 0
4 0 0 0 0 0 0
5 0.007 0.00524667 -0.02 0 -0.49707 0
6 -0.007 -47.211 5.93 0 0 0
7 -0.007 8.45016 2.68682 0 0 23.2477
8 0 -47.2058 0 0 0 0
9 0 -4.3996 -3.75516 0 0 0
time 268
0 -0.00652074 0 0 0 0 0
1 0.00652074 47.2058 0 0 0 0
2 0 -47.2058 0 0 0 0
3 0 0.929421 0 0 0 0
4 0 0 0 0 0 0
5 0.007 0.00524667 -0.02 0 -0.5035003 0
6 -0.007 -47.211 5.93 0 0 0
7 -0.007 8.45016 2.68682 0 0 23.87602
8 0 -47.2058 0 0 0 0
9 0 -4.3996 -3.75516 0 0 0
time 269
0 -0.00652074 0 0 0 0 0
1 0.00652074 47.2058 0 0 0 0
2 0 -47.2058 0 0 0 0
3 0 0.929421 0 0 0 0
4 0 0 0 0 0 0
5 0.007 0.00524667 -0.02 0 -0.5099305 0
6 -0.007 -47.211 5.93 0 0 0
7 -0.007 8.45016 2.68682 0 0 24.50435
8 0 -47.2058 0 0 0 0
9 0 -4.3996 -3.75516 0 0 0
time 270
0 -0.00652074 0 0 0 0 0
1 0.00652074 47.2058 0 0 0 0
2 0 -47.2058 0 0 0 0
3 0 0.929421 0 0 0 0
4 0 0 0 0 0 0
5 0.007 0.00524667 -0.02 0 -0.5163608 0
6 -0.007 -47.211 5.93 0 0 0
7 -0.007 8.45016 2.68682 0 0 25.13268
8 0 -47.2058 0 0 0 0
9 0 -4.3996 -3.75516 0 0 0
time 271
0 -0.00652074 0 0 0 0 0
1 0.00652074 47.2058 0 0 0 0
2 0 -47.2058 0 0 0 0
3 0 0.929421 0 0 0 0
4 0 0 0 0 0 0
5 0.007 0.00524667 -0.02 0 -0.522791 0
6 -0.007 -47.211 5.93 0 0 0
7 -0.007 8.45016 2.68682 0 0 25.76102
8 0 -47.2058 0 0 0 0
9 0 -4.3996 -3.75516 0 0 0
time 272
0 -0.00652074 0 0 0 0 0
1 0.00652074 47.2058 0 0 0 0
2 0 -47.2058 0 0 0 0
3 0 0.929421 0 0 0 0
4 0 0 0 0 0 0
5 0.007 0.00524667 -0.02 0 -0.5292212 0
6 -0.007 -47.211 5.93 0 0 0
7 -0.007 8.45016 2.68682 0 0 26.38935
8 0 -47.2058 0 0 0 0
9 0 -4.3996 -3.75516 0 0 0
time 273
0 -0.00652074 0 0 0 0 0
1 0.00652074 47.2058 0 0 0 0
2 0 -47.2058 0 0 0 0
3 0 0.929421 0 0 0 0
4 0 0 0 0 0 0
5 0.007 0.00524667 -0.02 0 -0.5356513 0
6 -0.007 -47.211 5.93 0 0 0
7 -0.007 8.45016 2.68682 0 0 27.01769
8 0 -47.2058 0 0 0 0
9 0 -4.3996 -3.75516 0 0 0
time 274
0 -0.00652074 0 0 0 0 0
1 0.00652074 47.2058 0 0 0 0
2 0 -47.2058 0 0 0 0
3 0 0.929421 0 0 0 0
4 0 0 0 0 0 0
5 0.007 0.00524667 -0.02 0 -0.5420816 0
6 -0.007 -47.211 5.93 0 0 0
7 -0.007 8.45016 2.68682 0 0 27.64602
8 0 -47.2058 0 0 0 0
9 0 -4.3996 -3.75516 0 0 0
time 275
0 -0.00652074 0 0 0 0 0
1 0.00652074 47.2058 0 0 0 0
2 0 -47.2058 0 0 0 0
3 0 0.929421 0 0 0 0
4 0 0 0 0 0 0
5 0.007 0.00524667 -0.02 0 -0.5485118 0
6 -0.007 -47.211 5.93 0 0 0
7 -0.007 8.45016 2.68682 0 0 28.27435
8 0 -47.2058 0 0 0 0
9 0 -4.3996 -3.75516 0 0 0
time 276
0 -0.00652074 0 0 0 0 0
1 0.00652074 47.2058 0 0 0 0
2 0 -47.2058 0 0 0 0
3 0 0.929421 0 0 0 0
4 0 0 0 0 0 0
5 0.007 0.00524667 -0.02 0 -0.554942 0
6 -0.007 -47.211 5.93 0 0 0
7 -0.007 8.45016 2.68682 0 0 28.90267
8 0 -47.2058 0 0 0 0
9 0 -4.3996 -3.75516 0 0 0
time 277
0 -0.00652074 0 0 0 0 0
1 0.00652074 47.2058 0 0 0 0
2 0 -47.2058 0 0 0 0
3 0 0.929421 0 0 0 0
4 0 0 0 0 0 0
5 0.007 0.00524667 -0.02 0 -0.5613723 0
6 -0.007 -47.211 5.93 0 0 0
7 -0.007 8.45016 2.68682 0 0 29.53099
8 0 -47.2058 0 0 0 0
9 0 -4.3996 -3.75516 0 0 0
time 278
0 -0.00652074 0 0 0 0 0
1 0.00652074 47.2058 0 0 0 0
2 0 -47.2058 0 0 0 0
3 0 0.929421 0 0 0 0
4 0 0 0 0 0 0
5 0.007 0.00524667 -0.02 0 -0.5678024 0
6 -0.007 -47.211 5.93 0 0 0
7 -0.007 8.45016 2.68682 0 0 30.1593
8 0 -47.2058 0 0 0 0
9 0 -4.3996 -3.75516 0 0 0
time 279
0 -0.00652074 0 0 0 0 0
1 0.00652074 47.2058 0 0 0 0
2 0 -47.2058 0 0 0 0
3 0 0.929421 0 0 0 0
4 0 0 0 0 0 0
5 0.007 0.00524667 -0.02 0 -0.5742327 0
6 -0.007 -47.211 5.93 0 0 0
7 -0.007 8.45016 2.68682 0 0 30.78761
8 0 -47.2058 0 0 0 0
9 0 -4.3996 -3.75516 0 0 0
time 280
0 -0.00652074 0 0 0 0 0
1 0.00652074 47.2058 0 0 0 0
2 0 -47.2058 0 0 0 0
3 0 0.929421 0 0 0 0
4 0 0 0 0 0 0
5 0.007 0.00524667 -0.02 0 -0.5806628 0
6 -0.007 -47.211 5.93 0 0 0
7 -0.007 8.45016 2.68682 0 0 31.41591
8 0 -47.2058 0 0 0 0
9 0 -4.3996 -3.75516 0 0 0
time 281
0 -0.00652074 0 0 0 0 0
1 0.00652074 47.2058 0 0 0 0
2 0 -47.2058 0 0 0 0
3 0 0.929421 0 0 0 0
4 0 0 0 0 0 0
5 0.007 0.00524667 -0.02 0 -0.587093 0
6 -0.007 -47.211 5.93 0 0 0
7 -0.007 8.45016 2.68682 0 0 32.04421
8 0 -47.2058 0 0 0 0
9 0 -4.3996 -3.75516 0 0 0
time 282
0 -0.00652074 0 0 0 0 0
1 0.00652074 47.2058 0 0 0 0
2 0 -47.2058 0 0 0 0
3 0 0.929421 0 0 0 0
4 0 0 0 0 0 0
5 0.007 0.00524667 -0.02 0 -0.5935232 0
6 -0.007 -47.211 5.93 0 0 0
7 -0.007 8.45016 2.68682 0 0 32.67252
8 0 -47.2058 0 0 0 0
9 0 -4.3996 -3.75516 0 0 0
time 283
0 -0.00652074 0 0 0 0 0
1 0.00652074 47.2058 0 0 0 0
2 0 -47.2058 0 0 0 0
3 0 0.929421 0 0 0 0
4 0 0 0 0 0 0
5 0.007 0.00524667 -0.02 0 -0.5999534 0
6 -0.007 -47.211 5.93 0 0 0
7 -0.007 8.45016 2.68682 0 0 33.30084
8 0 -47.2058 0 0 0 0
9 0 -4.3996 -3.75516 0 0 0
time 284
0 -0.00652074 0 0 0 0 0
1 0.00652074 47.2058 0 0 0 0
2 0 -47.2058 0 0 0 0
3 0 0.929421 0 0 0 0
4 0 0 0 0 0 0
5 0.007 0.00524667 -0.02 0 -0.6063836 0
6 -0.007 -47.211 5.93 0 0 0
7 -0.007 8.45016 2.68682 0 0 33.92916
8 0 -47.2058 0 0 0 0
9 0 -4.3996 -3.75516 0 0 0
time 285
0 -0.00652074 0 0 0 0 0
1 0.00652074 47.2058 0 0 0 0
2 0 -47.2058 0 0 0 0
3 0 0.929421 0 0 0 0
4 0 0 0 0 0 0
5 0.007 0.00524667 -0.02 0 -0.6128138 0
6 -0.007 -47.211 5.93 0 0 0
7 -0.007 8.45016 2.68682 0 0 34.55749
8 0 -47.2058 0 0 0 0
9 0 -4.3996 -3.75516 0 0 0
time 286
0 -0.00652074 0 0 0 0 0
1 0.00652074 47.2058 0 0 0 0
2 0 -47.2058 0 0 0 0
3 0 0.929421 0 0 0 0
4 0 0 0 0 0 0
5 0.007 0.00524667 -0.02 0 -0.619244 0
6 -0.007 -47.211 5.93 0 0 0
7 -0.007 8.45016 2.68682 0 0 35.18581
8 0 -47.2058 0 0 0 0
9 0 -4.3996 -3.75516 0 0 0
time 287
0 -0.00652074 0 0 0 0 0
1 0.00652074 47.2058 0 0 0 0
2 0 -47.2058 0 0 0 0
3 0 0.929421 0 0 0 0
4 0 0 0 0 0 0
5 0.007 0.00524667 -0.02 0 -0.6256741 0
6 -0.007 -47.211 5.93 0 0 0
7 -0.007 8.45016 2.68682 0 0 35.81414
8 0 -47.2058 0 0 0 0
9 0 -4.3996 -3.75516 0 0 0
time 288
0 -0.00652074 0 0 0 0 0
1 0.00652074 47.2058 0 0 0 0
2 0 -47.2058 0 0 0 0
3 0 0.929421 0 0 0 0
4 0 0 0 0 0 0
5 0.007 0.00524667 -0.02 0 -0.6321043 0
6 -0.007 -47.211 5.93 0 0 0
7 -0.007 8.45016 2.68682 0 0 36.44247
8 0 -47.2058 0 0 0 0
9 0 -4.3996 -3.75516 0 0 0
time 289
0 -0.00652074 0 0 0 0 0
1 0.00652074 47.2058 0 0 0 0
2 0 -47.2058 0 0 0 0
3 0 0.929421 0 0 0 0
4 0 0 0 0 0 0
5 0.007 0.00524667 -0.02 0 -0.6385344 0
6 -0.007 -47.211 5.93 0 0 0
7 -0.007 8.45016 2.68682 0 0 37.0708
8 0 -47.2058 0 0 0 0
9 0 -4.3996 -3.75516 0 0 0
time 290
0 -0.00652074 0 0 0 0 0
1 0.00652074 47.2058 0 0 0 0
2 0 -47.2058 0 0 0 0
3 0 0.929421 0 0 0 0
4 0 0 0 0 0 0
5 0.007 0.00524667 -0.02 0 -0.6449648 0
6 -0.007 -47.211 5.93 0 0 0
7 -0.007 8.45016 2.68682 0 0 37.69912
8 0 -47.2058 0 0 0 0
9 0 -4.3996 -3.75516 0 0 0
time 291
0 -0.00652074 0 0 0 0 0
1 0.00652074 47.2058 0 0 0 0
2 0 -47.2058 0 0 0 0
3 0 0.929421 0 0 0 0
4 0 0 0 0 0 0
5 0.007 0.00524667 -0.02 0 -0.6513948 0
6 -0.007 -47.211 5.93 0 0 0
7 -0.007 8.45016 2.68682 0 0 38.32745
8 0 -47.2058 0 0 0 0
9 0 -4.3996 -3.75516 0 0 0
time 292
0 -0.00652074 0 0 0 0 0
1 0.00652074 47.2058 0 0 0 0
2 0 -47.2058 0 0 0 0
3 0 0.929421 0 0 0 0
4 0 0 0 0 0 0
5 0.007 0.00524667 -0.02 0 -0.657825 0
6 -0.007 -47.211 5.93 0 0 0
7 -0.007 8.45016 2.68682 0 0 38.95577
8 0 -47.2058 0 0 0 0
9 0 -4.3996 -3.75516 0 0 0
time 293
0 -0.00652074 0 0 0 0 0
1 0.00652074 47.2058 0 0 0 0
2 0 -47.2058 0 0 0 0
3 0 0.929421 0 0 0 0
4 0 0 0 0 0 0
5 0.007 0.00524667 -0.02 0 -0.6642553 0
6 -0.007 -47.211 5.93 0 0 0
7 -0.007 8.45016 2.68682 0 0 39.5841
8 0 -47.2058 0 0 0 0
9 0 -4.3996 -3.75516 0 0 0
time 294
0 -0.00652074 0 0 0 0 0
1 0.00652074 47.2058 0 0 0 0
2 0 -47.2058 0 0 0 0
3 0 0.929421 0 0 0 0
4 0 0 0 0 0 0
5 0.007 0.00524667 -0.02 0 -0.6706853 0
6 -0.007 -47.211 5.93 0 0 0
7 -0.007 8.45016 2.68682 0 0 40.21241
8 0 -47.2058 0 0 0 0
9 0 -4.3996 -3.75516 0 0 0
time 295
0 -0.00652074 0 0 0 0 0
1 0.00652074 47.2058 0 0 0 0
2 0 -47.2058 0 0 0 0
3 0 0.929421 0 0 0 0
4 0 0 0 0 0 0
5 0.007 0.00524667 -0.02 0 -0.6771155 0
6 -0.007 -47.211 5.93 0 0 0
7 -0.007 8.45016 2.68682 0 0 40.84072
8 0 -47.2058 0 0 0 0
9 0 -4.3996 -3.75516 0 0 0
time 296
0 -0.00652074 0 0 0 0 0
1 0.00652074 47.2058 0 0 0 0
2 0 -47.2058 0 0 0 0
3 0 0.929421 0 0 0 0
4 0 0 0 0 0 0
5 0.007 0.00524667 -0.02 0 -0.6835456 0
6 -0.007 -47.211 5.93 0 0 0
7 -0.007 8.45016 2.68682 0 0 41.46904
8 0 -47.2058 0 0 0 0
9 0 -4.3996 -3.75516 0 0 0
time 297
0 -0.00652074 0 0 0 0 0
1 0.00652074 47.2058 0 0 0 0
2 0 -47.2058 0 0 0 0
3 0 0.929421 0 0 0 0
4 0 0 0 0 0 0
5 0.007 0.00524667 -0.02 0 -0.6899757 0
6 -0.007 -47.211 5.93 0 0 0
7 -0.007 8.45016 2.68682 0 0 42.09733
8 0 -47.2058 0 0 0 0
9 0 -4.3996 -3.75516 0 0 0
time 298
0 -0.00652074 0 0 0 0 0
1 0.00652074 47.2058 0 0 0 0
2 0 -47.2058 0 0 0 0
3 0 0.929421 0 0 0 0
4 0 0 0 0 0 0
5 0.007 0.00524667 -0.02 0 -0.6964059 0
6 -0.007 -47.211 5.93 0 0 0
7 -0.007 8.45016 2.68682 0 0 42.72564
8 0 -47.2058 0 0 0 0
9 0 -4.3996 -3.75516 0 0 0
time 299
0 -0.00652074 0 0 0 0 0
1 0.00652074 47.2058 0 0 0 0
2 0 -47.2058 0 0 0 0
3 0 0.929421 0 0 0 0
4 0 0 0 0 0 0
5 0.007 0.00524667 -0.02 0 -0.702836 0
6 -0.007 -47.211 5.93 0 0 0
7 -0.007 8.45016 2.68682 0 0 43.35396
8 0 -47.2058 0 0 0 0
9 0 -4.3996 -3.75516 0 0 0
time 300
0 -0.00652074 0 0 0 0 0
1 0.00652074 47.2058 0 0 0 0
2 0 -47.2058 0 0 0 0
3 0 0.929421 0 0 0 0
4 0 0 0 0 0 0
5 0.007 0.00524667 -0.02 0 -0.7092661 0
6 -0.007 -47.211 5.93 0 0 0
7 -0.007 8.45016 2.68682 0 0 6.283185
8 0 -47.2058 0 0 0 0
9 0 -4.3996 -3.75516 0 0 0
time 301
0 -0.00652074 0 0 0 0 0
1 0.00652074 47.2058 0 0 0 0
2 0 -47.2058 0 0 0 0
3 0 0.929421 0 0 0 0
4 0 0 0 0 0 0
5 0.007 0.00524667 -0.02 0 -0.7156964 0
6 -0.007 -47.211 5.93 0 0 0
7 -0.007 8.45016 2.68682 0 0 6.911467
8 0 -47.2058 0 0 0 0
9 0 -4.3996 -3.75516 0 0 0
time 302
0 -0.00652074 0 0 0 0 0
1 0.00652074 47.2058 0 0 0 0
2 0 -47.2058 0 0 0 0
3 0 0.929421 0 0 0 0
4 0 0 0 0 0 0
5 0.007 0.00524667 -0.02 0 -0.7221265 0
6 -0.007 -47.211 5.93 0 0 0
7 -0.007 8.45016 2.68682 0 0 7.539756
8 0 -47.2058 0 0 0 0
9 0 -4.3996 -3.75516 0 0 0
time 303
0 -0.00652074 0 0 0 0 0
1 0.00652074 47.2058 0 0 0 0
2 0 -47.2058 0 0 0 0
3 0 0.929421 0 0 0 0
4 0 0 0 0 0 0
5 0.007 0.00524667 -0.02 0 -0.7285566 0
6 -0.007 -47.211 5.93 0 0 0
7 -0.007 8.45016 2.68682 0 0 8.168056
8 0 -47.2058 0 0 0 0
9 0 -4.3996 -3.75516 0 0 0
time 304
0 -0.00652074 0 0 0 0 0
1 0.00652074 47.2058 0 0 0 0
2 0 -47.2058 0 0 0 0
3 0 0.929421 0 0 0 0
4 0 0 0 0 0 0
5 0.007 0.00524667 -0.02 0 -0.7349867 0
6 -0.007 -47.211 5.93 0 0 0
7 -0.007 8.45016 2.68682 0 0 8.796369
8 0 -47.2058 0 0 0 0
9 0 -4.3996 -3.75516 0 0 0
time 305
0 -0.00652074 0 0 0 0 0
1 0.00652074 47.2058 0 0 0 0
2 0 -47.2058 0 0 0 0
3 0 0.929421 0 0 0 0
4 0 0 0 0 0 0
5 0.007 0.00524667 -0.02 0 -0.7414168 0
6 -0.007 -47.211 5.93 0 0 0
7 -0.007 8.45016 2.68682 0 0 9.424695
8 0 -47.2058 0 0 0 0
9 0 -4.3996 -3.75516 0 0 0
time 306
0 -0.00652074 0 0 0 0 0
1 0.00652074 47.2058 0 0 0 0
2 0 -47.2058 0 0 0 0
3 0 0.929421 0 0 0 0
4 0 0 0 0 0 0
5 0.007 0.00524667 -0.02 0 -0.747847 0
6 -0.007 -47.211 5.93 0 0 0
7 -0.007 8.45016 2.68682 0 0 10.05304
8 0 -47.2058 0 0 0 0
9 0 -4.3996 -3.75516 0 0 0
time 307
0 -0.00652074 0 0 0 0 0
1 0.00652074 47.2058 0 0 0 0
2 0 -47.2058 0 0 0 0
3 0 0.929421 0 0 0 0
4 0 0 0 0 0 0
5 0.007 0.00524667 -0.02 0 -0.754277 0
6 -0.007 -47.211 5.93 0 0 0
7 -0.007 8.45016 2.68682 0 0 10.6814
8 0 -47.2058 0 0 0 0
9 0 -4.3996 -3.75516 0 0 0
time 308
0 -0.00652074 0 0 0 0 0
1 0.00652074 47.2058 0 0 0 0
2 0 -47.2058 0 0 0 0
3 0 0.929421 0 0 0 0
4 0 0 0 0 0 0
5 0.007 0.00524667 -0.02 0 -0.7607071 0
6 -0.007 -47.211 5.93 0 0 0
7 -0.007 8.45016 2.68682 0 0 11.30976
8 0 -47.2058 0 0 0 0
9 0 -4.3996 -3.75516 0 0 0
time 309
0 -0.00652074 0 0 0 0 0
1 0.00652074 47.2058 0 0 0 0
2 0 -47.2058 0 0 0 0
3 0 0.929421 0 0 0 0
4 0 0 0 0 0 0
5 0.007 0.00524667 -0.02 0 -0.7671373 0
6 -0.007 -47.211 5.93 0 0 0
7 -0.007 8.45016 2.68682 0 0 11.93811
8 0 -47.2058 0 0 0 0
9 0 -4.3996 -3.75516 0 0 0
time 310
0 -0.00652074 0 0 0 0 0
1 0.00652074 47.2058 0 0 0 0
2 0 -47.2058 0 0 0 0
3 0 0.929421 0 0 0 0
4 0 0 0 0 0 0
5 0.007 0.00524667 -0.02 0 -0.7735673 0
6 -0.007 -47.211 5.93 0 0 0
7 -0.007 8.45016 2.68682 0 0 12.56643
8 0 -47.2058 0 0 0 0
9 0 -4.3996 -3.75516 0 0 0
time 311
0 -0.00652074 0 0 0 0 0
1 0.00652074 47.2058 0 0 0 0
2 0 -47.2058 0 0 0 0
3 0 0.929421 0 0 0 0
4 0 0 0 0 0 0
5 0.007 0.00524667 -0.02 0 -0.7799975 0
6 -0.007 -47.211 5.93 0 0 0
7 -0.007 8.45016 2.68682 0 0 13.19475
8 0 -47.2058 0 0 0 0
9 0 -4.3996 -3.75516 0 0 0
time 312
0 -0.00652074 0 0 0 0 0
1 0.00652074 47.2058 0 0 0 0
2 0 -47.2058 0 0 0 0
3 0 0.929421 0 0 0 0
4 0 0 0 0 0 0
5 0.007 0.00524667 -0.02 0 -0.7864276 0
6 -0.007 -47.211 5.93 0 0 0
7 -0.007 8.45016 2.68682 0 0 13.82306
8 0 -47.2058 0 0 0 0
9 0 -4.3996 -3.75516 0 0 0
time 313
0 -0.00652074 0 0 0 0 0
1 0.00652074 47.2058 0 0 0 0
2 0 -47.2058 0 0 0 0
3 0 0.929421 0 0 0 0
4 0 0 0 0 0 0
5 0.007 0.00524667 -0.02 0 -0.7928576 0
6 -0.007 -47.211 5.93 0 0 0
7 -0.007 8.45016 2.68682 0 0 14.45136
8 0 -47.2058 0 0 0 0
9 0 -4.3996 -3.75516 0 0 0
time 314
0 -0.00652074 0 0 0 0 0
1 0.00652074 47.2058 0 0 0 0
2 0 -47.2058 0 0 0 0
3 0 0.929421 0 0 0 0
4 0 0 0 0 0 0
5 0.007 0.00524667 -0.02 0 -0.7992877 0
6 -0.007 -47.211 5.93 0 0 0
7 -0.007 8.45016 2.68682 0 0 15.07965
8 0 -47.2058 0 0 0 0
9 0 -4.3996 -3.75516 0 0 0
time 315
0 -0.00652074 0 0 0 0 0
1 0.00652074 47.2058 0 0 0 0
2 0 -47.2058 0 0 0 0
3 0 0.929421 0 0 0 0
4 0 0 0 0 0 0
5 0.007 0.00524667 -0.02 0 -0.8057178 0
6 -0.007 -47.211 5.93 0 0 0
7 -0.007 8.45016 2.68682 0 0 15.70794
8 0 -47.2058 0 0 0 0
9 0 -4.3996 -3.75516 0 0 0
time 316
0 -0.00652074 0 0 0 0 0
1 0.00652074 47.2058 0 0 0 0
2 0 -47.2058 0 0 0 0
3 0 0.929421 0 0 0 0
4 0 0 0 0 0 0
5 0.007 0.00524667 -0.02 0 -0.8121479 0
6 -0.007 -47.211 5.93 0 0 0
7 -0.007 8.45016 2.68682 0 0 16.33624
8 0 -47.2058 0 0 0 0
9 0 -4.3996 -3.75516 0 0 0
time 317
0 -0.00652074 0 0 0 0 0
1 0.00652074 47.2058 0 0 0 0
2 0 -47.2058 0 0 0 0
3 0 0.929421 0 0 0 0
4 0 0 0 0 0 0
5 0.007 0.00524667 -0.02 0 -0.8185779 0
6 -0.007 -47.211 5.93 0 0 0
7 -0.007 8.45016 2.68682 0 0 16.96454
8 0 -47.2058 0 0 0 0
9 0 -4.3996 -3.75516 0 0 0
time 318
0 -0.00652074 0 0 0 0 0
1 0.00652074 47.2058 0 0 0 0
2 0 -47.2058 0 0 0 0
3 0 0.929421 0 0 0 0
4 0 0 0 0 0 0
5 0.007 0.00524667 -0.02 0 -0.825008 0
6 -0.007 -47.211 5.93 0 0 0
7 -0.007 8.45016 2.68682 0 0 17.59285
8 0 -47.2058 0 0 0 0
9 0 -4.3996 -3.75516 0 0 0
time 319
0 -0.00652074 0 0 0 0 0
1 0.00652074 47.2058 0 0 0 0
2 0 -47.2058 0 0 0 0
3 0 0.929421 0 0 0 0
4 0 0 0 0 0 0
5 0.007 0.00524667 -0.02 0 -0.8314381 0
6 -0.007 -47.211 5.93 0 0 0
7 -0.007 8.45016 2.68682 0 0 18.22117
8 0 -47.2058 0 0 0 0
9 0 -4.3996 -3.75516 0 0 0
time 320
0 -0.00652074 0 0 0 0 0
1 0.00652074 47.2058 0 0 0 0
2 0 -47.2058 0 0 0 0
3 0 0.929421 0 0 0 0
4 0 0 0 0 0 0
5 0.007 0.00524667 -0.02 0 -0.8378681 0
6 -0.007 -47.211 5.93 0 0 0
7 -0.007 8.45016 2.68682 0 0 18.84951
8 0 -47.2058 0 0 0 0
9 0 -4.3996 -3.75516 0 0 0
time 321
0 -0.00652074 0 0 0 0 0
1 0.00652074 47.2058 0 0 0 0
2 0 -47.2058 0 0 0 0
3 0 0.929421 0 0 0 0
4 0 0 0 0 0 0
5 0.007 0.00524667 -0.02 0 -0.8442981 0
6 -0.007 -47.211 5.93 0 0 0
7 -0.007 8.45016 2.68682 0 0 19.47787
8 0 -47.2058 0 0 0 0
9 0 -4.3996 -3.75516 0 0 0
time 322
0 -0.00652074 0 0 0 0 0
1 0.00652074 47.2058 0 0 0 0
2 0 -47.2058 0 0 0 0
3 0 0.929421 0 0 0 0
4 0 0 0 0 0 0
5 0.007 0.00524667 -0.02 0 -0.8507282 0
6 -0.007 -47.211 5.93 0 0 0
7 -0.007 8.45016 2.68682 0 0 20.10623
8 0 -47.2058 0 0 0 0
9 0 -4.3996 -3.75516 0 0 0
time 323
0 -0.00652074 0 0 0 0 0
1 0.00652074 47.2058 0 0 0 0
2 0 -47.2058 0 0 0 0
3 0 0.929421 0 0 0 0
4 0 0 0 0 0 0
5 0.007 0.00524667 -0.02 0 -0.8571582 0
6 -0.007 -47.211 5.93 0 0 0
7 -0.007 8.45016 2.68682 0 0 20.73459
8 0 -47.2058 0 0 0 0
9 0 -4.3996 -3.75516 0 0 0
time 324
0 -0.00652074 0 0 0 0 0
1 0.00652074 47.2058 0 0 0 0
2 0 -47.2058 0 0 0 0
3 0 0.929421 0 0 0 0
4 0 0 0 0 0 0
5 0.007 0.00524667 -0.02 0 -0.8635883 0
6 -0.007 -47.211 5.93 0 0 0
7 -0.007 8.45016 2.68682 0 0 21.36293
8 0 -47.2058 0 0 0 0
9 0 -4.3996 -3.75516 0 0 0
time 325
0 -0.00652074 0 0 0 0 0
1 0.00652074 47.2058 0 0 0 0
2 0 -47.2058 0 0 0 0
3 0 0.929421 0 0 0 0
4 0 0 0 0 0 0
5 0.007 0.00524667 -0.02 0 -0.8700182 0
6 -0.007 -47.211 5.93 0 0 0
7 -0.007 8.45016 2.68682 0 0 21.99125
8 0 -47.2058 0 0 0 0
9 0 -4.3996 -3.75516 0 0 0
time 326
0 -0.00652074 0 0 0 0 0
1 0.00652074 47.2058 0 0 0 0
2 0 -47.2058 0 0 0 0
3 0 0.929421 0 0 0 0
4 0 0 0 0 0 0
5 0.007 0.00524667 -0.02 0 -0.8764482 0
6 -0.007 -47.211 5.93 0 0 0
7 -0.007 8.45016 2.68682 0 0 22.61957
8 0 -47.2058 0 0 0 0
9 0 -4.3996 -3.75516 0 0 0
time 327
0 -0.00652074 0 0 0 0 0
1 0.00652074 47.2058 0 0 0 0
2 0 -47.2058 0 0 0 0
3 0 0.929421 0 0 0 0
4 0 0 0 0 0 0
5 0.007 0.00524667 -0.02 0 -0.8828785 0
6 -0.007 -47.211 5.93 0 0 0
7 -0.007 8.45016 2.68682 0 0 23.24788
8 0 -47.2058 0 0 0 0
9 0 -4.3996 -3.75516 0 0 0
time 328
0 -0.00652074 0 0 0 0 0
1 0.00652074 47.2058 0 0 0 0
2 0 -47.2058 0 0 0 0
3 0 0.929421 0 0 0 0
4 0 0 0 0 0 0
5 0.007 0.00524667 -0.02 0 -0.8893083 0
6 -0.007 -47.211 5.93 0 0 0
7 -0.007 8.45016 2.68682 0 0 23.87619
8 0 -47.2058 0 0 0 0
9 0 -4.3996 -3.75516 0 0 0
time 329
0 -0.00652074 0 0 0 0 0
1 0.00652074 47.2058 0 0 0 0
2 0 -47.2058 0 0 0 0
3 0 0.929421 0 0 0 0
4 0 0 0 0 0 0
5 0.007 0.00524667 -0.02 0 -0.8957384 0
6 -0.007 -47.211 5.93 0 0 0
7 -0.007 8.45016 2.68682 0 0 24.50448
8 0 -47.2058 0 0 0 0
9 0 -4.3996 -3.75516 0 0 0
time 330
0 -0.00652074 0 0 0 0 0
1 0.00652074 47.2058 0 0 0 0
2 0 -47.2058 0 0 0 0
3 0 0.929421 0 0 0 0
4 0 0 0 0 0 0
5 0.007 0.00524667 -0.02 0 -0.9021684 0
6 -0.007 -47.211 5.93 0 0 0
7 -0.007 8.45016 2.68682 0 0 25.13278
8 0 -47.2058 0 0 0 0
9 0 -4.3996 -3.75516 0 0 0
time 331
0 -0.00652074 0 0 0 0 0
1 0.00652074 47.2058 0 0 0 0
2 0 -47.2058 0 0 0 0
3 0 0.929421 0 0 0 0
4 0 0 0 0 0 0
5 0.007 0.00524667 -0.02 0 -0.9085984 0
6 -0.007 -47.211 5.93 0 0 0
7 -0.007 8.45016 2.68682 0 0 25.76108
8 0 -47.2058 0 0 0 0
9 0 -4.3996 -3.75516 0 0 0
time 332
0 -0.00652074 0 0 0 0 0
1 0.00652074 47.2058 0 0 0 0
2 0 -47.2058 0 0 0 0
3 0 0.929421 0 0 0 0
4 0 0 0 0 0 0
5 0.007 0.00524667 -0.02 0 -0.9150285 0
6 -0.007 -47.211 5.93 0 0 0
7 -0.007 8.45016 2.68682 0 0 26.38938
8 0 -47.2058 0 0 0 0
9 0 -4.3996 -3.75516 0 0 0
time 333
0 -0.00652074 0 0 0 0 0
1 0.00652074 47.2058 0 0 0 0
2 0 -47.2058 0 0 0 0
3 0 0.929421 0 0 0 0
4 0 0 0 0 0 0
5 0.007 0.00524667 -0.02 0 -0.9214585 0
6 -0.007 -47.211 5.93 0 0 0
7 -0.007 8.45016 2.68682 0 0 27.01768
8 0 -47.2058 0 0 0 0
9 0 -4.3996 -3.75516 0 0 0
time 334
0 -0.00652074 0 0 0 0 0
1 0.00652074 47.2058 0 0 0 0
2 0 -47.2058 0 0 0 0
3 0 0.929421 0 0 0 0
4 0 0 0 0 0 0
5 0.007 0.00524667 -0.02 0 -0.9278883 0
6 -0.007 -47.211 5.93 0 0 0
7 -0.007 8.45016 2.68682 0 0 27.64598
8 0 -47.2058 0 0 0 0
9 0 -4.3996 -3.75516 0 0 0
time 335
0 -0.00652074 0 0 0 0 0
1 0.00652074 47.2058 0 0 0 0
2 0 -47.2058 0 0 0 0
3 0 0.929421 0 0 0 0
4 0 0 0 0 0 0
5 0.007 0.00524667 -0.02 0 -0.9343184 0
6 -0.007 -47.211 5.93 0 0 0
7 -0.007 8.45016 2.68682 0 0 28.2743
8 0 -47.2058 0 0 0 0
9 0 -4.3996 -3.75516 0 0 0
time 336
0 -0.00652074 0 0 0 0 0
1 0.00652074 47.2058 0 0 0 0
2 0 -47.2058 0 0 0 0
3 0 0.929421 0 0 0 0
4 0 0 0 0 0 0
5 0.007 0.00524667 -0.02 0 -0.9407483 0
6 -0.007 -47.211 5.93 0 0 0
7 -0.007 8.45016 2.68682 0 0 28.90262
8 0 -47.2058 0 0 0 0
9 0 -4.3996 -3.75516 0 0 0
time 337
0 -0.00652074 0 0 0 0 0
1 0.00652074 47.2058 0 0 0 0
2 0 -47.2058 0 0 0 0
3 0 0.929421 0 0 0 0
4 0 0 0 0 0 0
5 0.007 0.00524667 -0.02 0 -0.9471784 0
6 -0.007 -47.211 5.93 0 0 0
7 -0.007 8.45016 2.68682 0 0 29.53095
8 0 -47.2058 0 0 0 0
9 0 -4.3996 -3.75516 0 0 0
time 338
0 -0.00652074 0 0 0 0 0
1 0.00652074 47.2058 0 0 0 0
2 0 -47.2058 0 0 0 0
3 0 0.929421 0 0 0 0
4 0 0 0 0 0 0
5 0.007 0.00524667 -0.02 0 -0.9536083 0
6 -0.007 -47.211 5.93 0 0 0
7 -0.007 8.45016 2.68682 0 0 30.1593
8 0 -47.2058 0 0 0 0
9 0 -4.3996 -3.75516 0 0 0
time 339
0 -0.00652074 0 0 0 0 0
1 0.00652074 47.2058 0 0 0 0
2 0 -47.2058 0 0 0 0
3 0 0.929421 0 0 0 0
4 0 0 0 0 0 0
5 0.007 0.00524667 -0.02 0 -0.9600383 0
6 -0.007 -47.211 5.93 0 0 0
7 -0.007 8.45016 2.68682 0 0 30.78765
8 0 -47.2058 0 0 0 0
9 0 -4.3996 -3.75516 0 0 0
time 340
0 -0.00652074 0 0 0 0 0
1 0.00652074 47.2058 0 0 0 0
2 0 -47.2058 0 0 0 0
3 0 0.929421 0 0 0 0
4 0 0 0 0 0 0
5 0.007 0.00524667 -0.02 0 -0.9664682 0
6 -0.007 -47.211 5.93 0 0 0
7 -0.007 8.45016 2.68682 0 0 31.41599
8 0 -47.2058 0 0 0 0
9 0 -4.3996 -3.75516 0 0 0
time 341
0 -0.00652074 0 0 0 0 0
1 0.00652074 47.2058 0 0 0 0
2 0 -47.2058 0 0 0 0
3 0 0.929421 0 0 0 0
4 0 0 0 0 0 0
5 0.007 0.00524667 -0.02 0 -0.9728981 0
6 -0.007 -47.211 5.93 0 0 0
7 -0.007 8.45016 2.68682 0 0 32.04433
8 0 -47.2058 0 0 0 0
9 0 -4.3996 -3.75516 0 0 0
time 342
0 -0.00652074 0 0 0 0 0
1 0.00652074 47.2058 0 0 0 0
2 0 -47.2058 0 0 0 0
3 0 0.929421 0 0 0 0
4 0 0 0 0 0 0
5 0.007 0.00524667 -0.02 0 -0.9793282 0
6 -0.007 -47.211 5.93 0 0 0
7 -0.007 8.45016 2.68682 0 0 32.67266
8 0 -47.2058 0 0 0 0
9 0 -4.3996 -3.75516 0 0 0
time 343
0 -0.00652074 0 0 0 0 0
1 0.00652074 47.2058 0 0 0 0
2 0 -47.2058 0 0 0 0
3 0 0.929421 0 0 0 0
4 0 0 0 0 0 0
5 0.007 0.00524667 -0.02 0 -0.985758 0
6 -0.007 -47.211 5.93 0 0 0
7 -0.007 8.45016 2.68682 0 0 33.30099
8 0 -47.2058 0 0 0 0
9 0 -4.3996 -3.75516 0 0 0
time 344
0 -0.00652074 0 0 0 0 0
1 0.00652074 47.2058 0 0 0 0
2 0 -47.2058 0 0 0 0
3 0 0.929421 0 0 0 0
4 0 0 0 0 0 0
5 0.007 0.00524667 -0.02 0 -0.992188 0
6 -0.007 -47.211 5.93 0 0 0
7 -0.007 8.45016 2.68682 0 0 33.92933
8 0 -47.2058 0 0 0 0
9 0 -4.3996 -3.75516 0 0 0
time 345
0 -0.00652074 0 0 0 0 0
1 0.00652074 47.2058 0 0 0 0
2 0 -47.2058 0 0 0 0
3 0 0.929421 0 0 0 0
4 0 0 0 0 0 0
5 0.007 0.00524667 -0.02 0 -0.9986179 0
6 -0.007 -47.211 5.93 0 0 0
7 -0.007 8.45016 2.68682 0 0 34.55765
8 0 -47.2058 0 0 0 0
9 0 -4.3996 -3.75516 0 0 0
time 346
0 -0.00652074 0 0 0 0 0
1 0.00652074 47.2058 0 0 0 0
2 0 -47.2058 0 0 0 0
3 0 0.929421 0 0 0 0
4 0 0 0 0 0 0
5 0.007 0.00524667 -0.02 0 -1.005048 0
6 -0.007 -47.211 5.93 0 0 0
7 -0.007 8.45016 2.68682 0 0 35.18597
8 0 -47.2058 0 0 0 0
9 0 -4.3996 -3.75516 0 0 0
time 347
0 -0.00652074 0 0 0 0 0
1 0.00652074 47.2058 0 0 0 0
2 0 -47.2058 0 0 0 0
3 0 0.929421 0 0 0 0
4 0 0 0 0 0 0
5 0.007 0.00524667 -0.02 0 -1.011478 0
6 -0.007 -47.211 5.93 0 0 0
7 -0.007 8.45016 2.68682 0 0 35.81429
8 0 -47.2058 0 0 0 0
9 0 -4.3996 -3.75516 0 0 0
time 348
0 -0.00652074 0 0 0 0 0
1 0.00652074 47.2058 0 0 0 0
2 0 -47.2058 0 0 0 0
3 0 0.929421 0 0 0 0
4 0 0 0 0 0 0
5 0.007 0.00524667 -0.02 0 -1.017908 0
6 -0.007 -47.211 5.93 0 0 0
7 -0.007 8.45016 2.68682 0 0 36.4426
8 0 -47.2058 0 0 0 0
9 0 -4.3996 -3.75516 0 0 0
time 349
0 -0.00652074 0 0 0 0 0
1 0.00652074 47.2058 0 0 0 0
2 0 -47.2058 0 0 0 0
3 0 0.929421 0 0 0 0
4 0 0 0 0 0 0
5 0.007 0.00524667 -0.02 0 -1.024338 0
6 -0.007 -47.211 5.93 0 0 0
7 -0.007 8.45016 2.68682 0 0 37.07092
8 0 -47.2058 0 0 0 0
9 0 -4.3996 -3.75516 0 0 0
time 350
0 -0.00652074 0 0 0 0 0
1 0.00652074 47.2058 0 0 0 0
2 0 -47.2058 0 0 0 0
3 0 0.929421 0 0 0 0
4 0 0 0 0 0 0
5 0.007 0.00524667 -0.02 0 -1.030768 0
6 -0.007 -47.211 5.93 0 0 0
7 -0.007 8.45016 2.68682 0 0 37.69923
8 0 -47.2058 0 0 0 0
9 0 -4.3996 -3.75516 0 0 0
time 351
0 -0.00652074 0 0 0 0 0
1 0.00652074 47.2058 0 0 0 0
2 0 -47.2058 0 0 0 0
3 0 0.929421 0 0 0 0
4 0 0 0 0 0 0
5 0.007 0.00524667 -0.02 0 -1.037197 0
6 -0.007 -47.211 5.93 0 0 0
7 -0.007 8.45016 2.68682 0 0 38.32753
8 0 -47.2058 0 0 0 0
9 0 -4.3996 -3.75516 0 0 0
time 352
0 -0.00652074 0 0 0 0 0
1 0.00652074 47.2058 0 0 0 0
2 0 -47.2058 0 0 0 0
3 0 0.929421 0 0 0 0
4 0 0 0 0 0 0
5 0.007 0.00524667 -0.02 0 -1.043627 0
6 -0.007 -47.211 5.93 0 0 0
7 -0.007 8.45016 2.68682 0 0 38.95584
8 0 -47.2058 0 0 0 0
9 0 -4.3996 -3.75516 0 0 0
time 353
0 -0.00652074 0 0 0 0 0
1 0.00652074 47.2058 0 0 0 0
2 0 -47.2058 0 0 0 0
3 0 0.929421 0 0 0 0
4 0 0 0 0 0 0
5 0.007 0.00524667 -0.02 0 -1.050057 0
6 -0.007 -47.211 5.93 0 0 0
7 -0.007 8.45016 2.68682 0 0 39.58414
8 0 -47.2058 0 0 0 0
9 0 -4.3996 -3.75516 0 0 0
time 354
0 -0.00652074 0 0 0 0 0
1 0.00652074 47.2058 0 0 0 0
2 0 -47.2058 0 0 0 0
3 0 0.929421 0 0 0 0
4 0 0 0 0 0 0
5 0.007 0.00524667 -0.02 0 -1.056487 0
6 -0.007 -47.211 5.93 0 0 0
7 -0.007 8.45016 2.68682 0 0 40.21244
8 0 -47.2058 0 0 0 0
9 0 -4.3996 -3.75516 0 0 0
time 355
0 -0.00652074 0 0 0 0 0
1 0.00652074 47.2058 0 0 0 0
2 0 -47.2058 0 0 0 0
3 0 0.929421 0 0 0 0
4 0 0 0 0 0 0
5 0.007 0.00524667 -0.02 0 -1.062917 0
6 -0.007 -47.211 5.93 0 0 0
7 -0.007 8.45016 2.68682 0 0 40.84074
8 0 -47.2058 0 0 0 0
9 0 -4.3996 -3.75516 0 0 0
time 356
0 -0.00652074 0 0 0 0 0
1 0.00652074 47.2058 0 0 0 0
2 0 -47.2058 0 0 0 0
3 0 0.929421 0 0 0 0
4 0 0 0 0 0 0
5 0.007 0.00524667 -0.02 0 -1.069347 0
6 -0.007 -47.211 5.93 0 0 0
7 -0.007 8.45016 2.68682 0 0 41.46904
8 0 -47.2058 0 0 0 0
9 0 -4.3996 -3.75516 0 0 0
time 357
0 -0.00652074 0 0 0 0 0
1 0.00652074 47.2058 0 0 0 0
2 0 -47.2058 0 0 0 0
3 0 0.929421 0 0 0 0
4 0 0 0 0 0 0
5 0.007 0.00524667 -0.02 0 -1.075777 0
6 -0.007 -47.211 5.93 0 0 0
7 -0.007 8.45016 2.68682 0 0 42.09734
8 0 -47.2058 0 0 0 0
9 0 -4.3996 -3.75516 0 0 0
time 358
0 -0.00652074 0 0 0 0 0
1 0.00652074 47.2058 0 0 0 0
2 0 -47.2058 0 0 0 0
3 0 0.929421 0 0 0 0
4 0 0 0 0 0 0
5 0.007 0.00524667 -0.02 0 -1.082206 0
6 -0.007 -47.211 5.93 0 0 0
7 -0.007 8.45016 2.68682 0 0 42.72565
8 0 -47.2058 0 0 0 0
9 0 -4.3996 -3.75516 0 0 0
time 359
0 -0.00652074 0 0 0 0 0
1 0.00652074 47.2058 0 0 0 0
2 0 -47.2058 0 0 0 0
3 0 0.929421 0 0 0 0
4 0 0 0 0 0 0
5 0.007 0.00524667 -0.02 0 -1.088636 0
6 -0.007 -47.211 5.93 0 0 0
7 -0.007 8.45016 2.68682 0 0 43.35397
8 0 -47.2058 0 0 0 0
9 0 -4.3996 -3.75516 0 0 0
time 360
0 -0.00652074 0 0 0 0 0
1 0.00652074 47.2058 0 0 0 0
2 0 -47.2058 0 0 0 0
3 0 0.929421 0 0 0 0
4 0 0 0 0 0 0
5 0.007 0.00524667 -0.02 0 -1.095066 0
6 -0.007 -47.211 5.93 0 0 0
7 -0.007 8.45016 2.68682 0 0 6.283185
8 0 -47.2058 0 0 0 0
9 0 -4.3996 -3.75516 0 0 0
time 361
0 -0.00652074 0 0 0 0 0
1 0.00652074 47.2058 0 0 0 0
2 0 -47.2058 0 0 0 0
3 0 0.929421 0 0 0 0
4 0 0 0 0 0 0
5 0.007 0.00524667 -0.02 0 -1.101496 0
6 -0.007 -47.211 5.93 0 0 0
7 -0.007 8.45016 2.68682 0 0 6.91147
8 0 -47.2058 0 0 0 0
9 0 -4.3996 -3.75516 0 0 0
time 362
0 -0.00652074 0 0 0 0 0
1 0.00652074 47.2058 0 0 0 0
2 0 -47.2058 0 0 0 0
3 0 0.929421 0 0 0 0
4 0 0 0 0 0 0
5 0.007 0.00524667 -0.02 0 -1.107926 0
6 -0.007 -47.211 5.93 0 0 0
7 -0.007 8.45016 2.68682 0 0 7.53977
8 0 -47.2058 0 0 0 0
9 0 -4.3996 -3.75516 0 0 0
time 363
0 -0.00652074 0 0 0 0 0
1 0.00652074 47.2058 0 0 0 0
2 0 -47.2058 0 0 0 0
3 0 0.929421 0 0 0 0
4 0 0 0 0 0 0
5 0.007 0.00524667 -0.02 0 -1.114356 0
6 -0.007 -47.211 5.93 0 0 0
7 -0.007 8.45016 2.68682 0 0 8.168083
8 0 -47.2058 0 0 0 0
9 0 -4.3996 -3.75516 0 0 0
time 364
0 -0.00652074 0 0 0 0 0
1 0.00652074 47.2058 0 0 0 0
2 0 -47.2058 0 0 0 0
3 0 0.929421 0 0 0 0
4 0 0 0 0 0 0
5 0.007 0.00524667 -0.02 0 -1.120785 0
6 -0.007 -47.211 5.93 0 0 0
7 -0.007 8.45016 2.68682 0 0 8.796408
8 0 -47.2058 0 0 0 0
9 0 -4.3996 -3.75516 0 0 0
time 365
0 -0.00652074 0 0 0 0 0
1 0.00652074 47.2058 0 0 0 0
2 0 -47.2058 0 0 0 0
3 0 0.929421 0 0 0 0
4 0 0 0 0 0 0
5 0.007 0.00524667 -0.02 0 -1.127055 0
6 -0.007 -47.211 5.93 0 0 0
7 -0.007 8.45016 2.68682 0 0 9.42474
8 0 -47.2058 0 0 0 0
9 0 -4.3996 -3.75516 0 0 0
time 366
0 -0.00652074 0 0 0 0 0
1 0.00652074 47.2058 0 0 0 0
2 0 -47.2058 0 0 0 0
3 0 0.929421 0 0 0 0
4 0 0 0 0 0 0
5 0.007 0.00524667 -0.02 0 -1.127215 0
6 -0.007 -47.211 5.93 0 0 0
7 -0.007 8.45016 2.68682 0 0 10.05308
8 0 -47.2058 0 0 0 0
9 0 -4.3996 -3.75516 0 0 0
time 367
0 -0.00652074 0 0 0 0 0
1 0.00652074 47.2058 0 0 0 0
2 0 -47.2058 0 0 0 0
3 0 0.929421 0 0 0 0
4 0 0 0 0 0 0
5 0.007 0.00524667 -0.02 0 -1.127215 0
6 -0.007 -47.211 5.93 0 0 0
7 -0.007 8.45016 2.68682 0 0 10.68142
8 0 -47.2058 0 0 0 0
9 0 -4.3996 -3.75516 0 0 0
time 368
0 -0.00652074 0 0 0 0 0
1 0.00652074 47.2058 0 0 0 0
2 0 -47.2058 0 0 0 0
3 0 0.929421 0 0 0 0
4 0 0 0 0 0 0
5 0.007 0.00524667 -0.02 0 -1.127215 0
6 -0.007 -47.211 5.93 0 0 0
7 -0.007 8.45016 2.68682 0 0 11.30976
8 0 -47.2058 0 0 0 0
9 0 -4.3996 -3.75516 0 0 0
time 369
0 -0.00652074 0 0 0 0 0
1 0.00652074 47.2058 0 0 0 0
2 0 -47.2058 0 0 0 0
3 0 0.929421 0 0 0 0
4 0 0 0 0 0 0
5 0.007 0.00524667 -0.02 0 -1.127215 0
6 -0.007 -47.211 5.93 0 0 0
7 -0.007 8.45016 2.68682 0 0 11.93809
8 0 -47.2058 0 0 0 0
9 0 -4.3996 -3.75516 0 0 0
time 370
0 -0.00652074 0 0 0 0 0
1 0.00652074 47.2058 0 0 0 0
2 0 -47.2058 0 0 0 0
3 0 0.929421 0 0 0 0
4 0 0 0 0 0 0
5 0.007 0.00524667 -0.02 0 -1.127215 0
6 -0.007 -47.211 5.93 0 0 0
7 -0.007 8.45016 2.68682 0 0 12.56642
8 0 -47.2058 0 0 0 0
9 0 -4.3996 -3.75516 0 0 0
time 371
0 -0.00652074 0 0 0 0 0
1 0.00652074 47.2058 0 0 0 0
2 0 -47.2058 0 0 0 0
3 0 0.929421 0 0 0 0
4 0 0 0 0 0 0
5 0.007 0.00524667 -0.02 0 -1.127215 0
6 -0.007 -47.211 5.93 0 0 0
7 -0.007 8.45016 2.68682 0 0 13.19474
8 0 -47.2058 0 0 0 0
9 0 -4.3996 -3.75516 0 0 0
time 372
0 -0.00652074 0 0 0 0 0
1 0.00652074 47.2058 0 0 0 0
2 0 -47.2058 0 0 0 0
3 0 0.929421 0 0 0 0
4 0 0 0 0 0 0
5 0.007 0.00524667 -0.02 0 -1.127215 0
6 -0.007 -47.211 5.93 0 0 0
7 -0.007 8.45016 2.68682 0 0 13.82305
8 0 -47.2058 0 0 0 0
9 0 -4.3996 -3.75516 0 0 0
time 373
0 -0.00652074 0 0 0 0 0
1 0.00652074 47.2058 0 0 0 0
2 0 -47.2058 0 0 0 0
3 0 0.929421 0 0 0 0
4 0 0 0 0 0 0
5 0.007 0.00524667 -0.02 0 -1.127215 0
6 -0.007 -47.211 5.93 0 0 0
7 -0.007 8.45016 2.68682 0 0 14.45135
8 0 -47.2058 0 0 0 0
9 0 -4.3996 -3.75516 0 0 0
time 374
0 -0.00652074 0 0 0 0 0
1 0.00652074 47.2058 0 0 0 0
2 0 -47.2058 0 0 0 0
3 0 0.929421 0 0 0 0
4 0 0 0 0 0 0
5 0.007 0.00524667 -0.02 0 -1.127215 0
6 -0.007 -47.211 5.93 0 0 0
7 -0.007 8.45016 2.68682 0 0 15.07963
8 0 -47.2058 0 0 0 0
9 0 -4.3996 -3.75516 0 0 0
time 375
0 -0.00652074 0 0 0 0 0
1 0.00652074 47.2058 0 0 0 0
2 0 -47.2058 0 0 0 0
3 0 0.929421 0 0 0 0
4 0 0 0 0 0 0
5 0.007 0.00524667 -0.02 0 -1.127215 0
6 -0.007 -47.211 5.93 0 0 0
7 -0.007 8.45016 2.68682 0 0 15.70792
8 0 -47.2058 0 0 0 0
9 0 -4.3996 -3.75516 0 0 0
time 376
0 -0.00652074 0 0 0 0 0
1 0.00652074 47.2058 0 0 0 0
2 0 -47.2058 0 0 0 0
3 0 0.929421 0 0 0 0
4 0 0 0 0 0 0
5 0.007 0.00524667 -0.02 0 -1.127215 0
6 -0.007 -47.211 5.93 0 0 0
7 -0.007 8.45016 2.68682 0 0 16.33623
8 0 -47.2058 0 0 0 0
9 0 -4.3996 -3.75516 0 0 0
time 377
0 -0.00652074 0 0 0 0 0
1 0.00652074 47.2058 0 0 0 0
2 0 -47.2058 0 0 0 0
3 0 0.929421 0 0 0 0
4 0 0 0 0 0 0
5 0.007 0.00524667 -0.02 0 -1.127215 0
6 -0.007 -47.211 5.93 0 0 0
7 -0.007 8.45016 2.68682 0 0 16.96455
8 0 -47.2058 0 0 0 0
9 0 -4.3996 -3.75516 0 0 0
time 378
0 -0.00652074 0 0 0 0 0
1 0.00652074 47.2058 0 0 0 0
2 0 -47.2058 0 0 0 0
3 0 0.929421 0 0 0 0
4 0 0 0 0 0 0
5 0.007 0.00524667 -0.02 0 -1.127215 0
6 -0.007 -47.211 5.93 0 0 0
7 -0.007 8.45016 2.68682 0 0 17.59288
8 0 -47.2058 0 0 0 0
9 0 -4.3996 -3.75516 0 0 0
time 379
0 -0.00652074 0 0 0 0 0
1 0.00652074 47.2058 0 0 0 0
2 0 -47.2058 0 0 0 0
3 0 0.929421 0 0 0 0
4 0 0 0 0 0 0
5 0.007 0.00524667 -0.02 0 -1.127215 0
6 -0.007 -47.211 5.93 0 0 0
7 -0.007 8.45016 2.68682 0 0 18.22121
8 0 -47.2058 0 0 0 0
9 0 -4.3996 -3.75516 0 0 0
time 380
0 -0.00652074 0 0 0 0 0
1 0.00652074 47.2058 0 0 0 0
2 0 -47.2058 0 0 0 0
3 0 0.929421 0 0 0 0
4 0 0 0 0 0 0
5 0.007 0.00524667 -0.02 0 -1.127215 0
6 -0.007 -47.211 5.93 0 0 0
7 -0.007 8.45016 2.68682 0 0 18.84955
8 0 -47.2058 0 0 0 0
9 0 -4.3996 -3.75516 0 0 0
time 381
0 -0.00652074 0 0 0 0 0
1 0.00652074 47.2058 0 0 0 0
2 0 -47.2058 0 0 0 0
3 0 0.929421 0 0 0 0
4 0 0 0 0 0 0
5 0.007 0.00524667 -0.02 0 -1.127215 0
6 -0.007 -47.211 5.93 0 0 0
7 -0.007 8.45016 2.68682 0 0 19.47789
8 0 -47.2058 0 0 0 0
9 0 -4.3996 -3.75516 0 0 0
time 382
0 -0.00652074 0 0 0 0 0
1 0.00652074 47.2058 0 0 0 0
2 0 -47.2058 0 0 0 0
3 0 0.929421 0 0 0 0
4 0 0 0 0 0 0
5 0.007 0.00524667 -0.02 0 -1.127215 0
6 -0.007 -47.211 5.93 0 0 0
7 -0.007 8.45016 2.68682 0 0 20.10623
8 0 -47.2058 0 0 0 0
9 0 -4.3996 -3.75516 0 0 0
time 383
0 -0.00652074 0 0 0 0 0
1 0.00652074 47.2058 0 0 0 0
2 0 -47.2058 0 0 0 0
3 0 0.929421 0 0 0 0
4 0 0 0 0 0 0
5 0.007 0.00524667 -0.02 0 -1.127215 0
6 -0.007 -47.211 5.93 0 0 0
7 -0.007 8.45016 2.68682 0 0 20.73456
8 0 -47.2058 0 0 0 0
9 0 -4.3996 -3.75516 0 0 0
time 384
0 -0.00652074 0 0 0 0 0
1 0.00652074 47.2058 0 0 0 0
2 0 -47.2058 0 0 0 0
3 0 0.929421 0 0 0 0
4 0 0 0 0 0 0
5 0.007 0.00524667 -0.02 0 -1.127215 0
6 -0.007 -47.211 5.93 0 0 0
7 -0.007 8.45016 2.68682 0 0 21.36288
8 0 -47.2058 0 0 0 0
9 0 -4.3996 -3.75516 0 0 0
time 385
0 -0.00652074 0 0 0 0 0
1 0.00652074 47.2058 0 0 0 0
2 0 -47.2058 0 0 0 0
3 0 0.929421 0 0 0 0
4 0 0 0 0 0 0
5 0.007 0.00524667 -0.02 0 -1.127215 0
6 -0.007 -47.211 5.93 0 0 0
7 -0.007 8.45016 2.68682 0 0 21.99119
8 0 -47.2058 0 0 0 0
9 0 -4.3996 -3.75516 0 0 0
time 386
0 -0.00652074 0 0 0 0 0
1 0.00652074 47.2058 0 0 0 0
2 0 -47.2058 0 0 0 0
3 0 0.929421 0 0 0 0
4 0 0 0 0 0 0
5 0.007 0.00524667 -0.02 0 -1.127215 0
6 -0.007 -47.211 5.93 0 0 0
7 -0.007 8.45016 2.68682 0 0 22.61949
8 0 -47.2058 0 0 0 0
9 0 -4.3996 -3.75516 0 0 0
time 387
0 -0.00652074 0 0 0 0 0
1 0.00652074 47.2058 0 0 0 0
2 0 -47.2058 0 0 0 0
3 0 0.929421 0 0 0 0
4 0 0 0 0 0 0
5 0.007 0.00524667 -0.02 0 -1.127215 0
6 -0.007 -47.211 5.93 0 0 0
7 -0.007 8.45016 2.68682 0 0 23.24777
8 0 -47.2058 0 0 0 0
9 0 -4.3996 -3.75516 0 0 0
time 388
0 -0.00652074 0 0 0 0 0
1 0.00652074 47.2058 0 0 0 0
2 0 -47.2058 0 0 0 0
3 0 0.929421 0 0 0 0
4 0 0 0 0 0 0
5 0.007 0.00524667 -0.02 0 -1.127215 0
6 -0.007 -47.211 5.93 0 0 0
7 -0.007 8.45016 2.68682 0 0 23.87605
8 0 -47.2058 0 0 0 0
9 0 -4.3996 -3.75516 0 0 0
time 389
0 -0.00652074 0 0 0 0 0
1 0.00652074 47.2058 0 0 0 0
2 0 -47.2058 0 0 0 0
3 0 0.929421 0 0 0 0
4 0 0 0 0 0 0
5 0.007 0.00524667 -0.02 0 -1.127215 0
6 -0.007 -47.211 5.93 0 0 0
7 -0.007 8.45016 2.68682 0 0 24.50435
8 0 -47.2058 0 0 0 0
9 0 -4.3996 -3.75516 0 0 0
time 390
0 -0.00652074 0 0 0 0 0
1 0.00652074 47.2058 0 0 0 0
2 0 -47.2058 0 0 0 0
3 0 0.929421 0 0 0 0
4 0 0 0 0 0 0
5 0.007 0.00524667 -0.02 0 -1.127215 0
6 -0.007 -47.211 5.93 0 0 0
7 -0.007 8.45016 2.68682 0 0 25.13266
8 0 -47.2058 0 0 0 0
9 0 -4.3996 -3.75516 0 0 0
time 391
0 -0.00652074 0 0 0 0 0
1 0.00652074 47.2058 0 0 0 0
2 0 -47.2058 0 0 0 0
3 0 0.929421 0 0 0 0
4 0 0 0 0 0 0
5 0.007 0.00524667 -0.02 0 -1.127215 0
6 -0.007 -47.211 5.93 0 0 0
7 -0.007 8.45016 2.68682 0 0 25.76097
8 0 -47.2058 0 0 0 0
9 0 -4.3996 -3.75516 0 0 0
time 392
0 -0.00652074 0 0 0 0 0
1 0.00652074 47.2058 0 0 0 0
2 0 -47.2058 0 0 0 0
3 0 0.929421 0 0 0 0
4 0 0 0 0 0 0
5 0.007 0.00524667 -0.02 0 -1.127215 0
6 -0.007 -47.211 5.93 0 0 0
7 -0.007 8.45016 2.68682 0 0 26.38929
8 0 -47.2058 0 0 0 0
9 0 -4.3996 -3.75516 0 0 0
time 393
0 -0.00652074 0 0 0 0 0
1 0.00652074 47.2058 0 0 0 0
2 0 -47.2058 0 0 0 0
3 0 0.929421 0 0 0 0
4 0 0 0 0 0 0
5 0.007 0.00524667 -0.02 0 -1.127215 0
6 -0.007 -47.211 5.93 0 0 0
7 -0.007 8.45016 2.68682 0 0 27.01761
8 0 -47.2058 0 0 0 0
9 0 -4.3996 -3.75516 0 0 0
time 394
0 -0.00652074 0 0 0 0 0
1 0.00652074 47.2058 0 0 0 0
2 0 -47.2058 0 0 0 0
3 0 0.929421 0 0 0 0
4 0 0 0 0 0 0
5 0.007 0.00524667 -0.02 0 -1.127215 0
6 -0.007 -47.211 5.93 0 0 0
7 -0.007 8.45016 2.68682 0 0 27.64594
8 0 -47.2058 0 0 0 0
9 0 -4.3996 -3.75516 0 0 0
time 395
0 -0.00652074 0 0 0 0 0
1 0.00652074 47.2058 0 0 0 0
2 0 -47.2058 0 0 0 0
3 0 0.929421 0 0 0 0
4 0 0 0 0 0 0
5 0.007 0.00524667 -0.02 0 -1.127215 0
6 -0.007 -47.211 5.93 0 0 0
7 -0.007 8.45016 2.68682 0 0 28.27428
8 0 -47.2058 0 0 0 0
9 0 -4.3996 -3.75516 0 0 0
time 396
0 -0.00652074 0 0 0 0 0
1 0.00652074 47.2058 0 0 0 0
2 0 -47.2058 0 0 0 0
3 0 0.929421 0 0 0 0
4 0 0 0 0 0 0
5 0.007 0.00524667 -0.02 0 -1.127215 0
6 -0.007 -47.211 5.93 0 0 0
7 -0.007 8.45016 2.68682 0 0 28.90261
8 0 -47.2058 0 0 0 0
9 0 -4.3996 -3.75516 0 0 0
time 397
0 -0.00652074 0 0 0 0 0
1 0.00652074 47.2058 0 0 0 0
2 0 -47.2058 0 0 0 0
3 0 0.929421 0 0 0 0
4 0 0 0 0 0 0
5 0.007 0.00524667 -0.02 0 -1.127215 0
6 -0.007 -47.211 5.93 0 0 0
7 -0.007 8.45016 2.68682 0 0 29.53094
8 0 -47.2058 0 0 0 0
9 0 -4.3996 -3.75516 0 0 0
time 398
0 -0.00652074 0 0 0 0 0
1 0.00652074 47.2058 0 0 0 0
2 0 -47.2058 0 0 0 0
3 0 0.929421 0 0 0 0
4 0 0 0 0 0 0
5 0.007 0.00524667 -0.02 0 -1.127215 0
6 -0.007 -47.211 5.93 0 0 0
7 -0.007 8.45016 2.68682 0 0 30.15928
8 0 -47.2058 0 0 0 0
9 0 -4.3996 -3.75516 0 0 0
time 399
0 -0.00652074 0 0 0 0 0
1 0.00652074 47.2058 0 0 0 0
2 0 -47.2058 0 0 0 0
3 0 0.929421 0 0 0 0
4 0 0 0 0 0 0
5 0.007 0.00524667 -0.02 0 -1.127215 0
6 -0.007 -47.211 5.93 0 0 0
7 -0.007 8.45016 2.68682 0 0 30.78761
8 0 -47.2058 0 0 0 0
9 0 -4.3996 -3.75516 0 0 0
time 400
0 -0.00652074 0 0 0 0 0
1 0.00652074 47.2058 0 0 0 0
2 0 -47.2058 0 0 0 0
3 0 0.929421 0 0 0 0
4 0 0 0 0 0 0
5 0.007 0.00524667 -0.02 0 -1.127215 0
6 -0.007 -47.211 5.93 0 0 0
7 -0.007 8.45016 2.68682 0 0 31.41594
8 0 -47.2058 0 0 0 0
9 0 -4.3996 -3.75516 0 0 0
time 401
0 -0.00652074 0 0 0 0 0
1 0.00652074 47.2058 0 0 0 0
2 0 -47.2058 0 0 0 0
3 0 0.929421 0 0 0 0
4 0 0 0 0 0 0
5 0.007 0.00524667 -0.02 0 -1.127215 0
6 -0.007 -47.211 5.93 0 0 0
7 -0.007 8.45016 2.68682 0 0 32.04427
8 0 -47.2058 0 0 0 0
9 0 -4.3996 -3.75516 0 0 0
time 402
0 -0.00652074 0 0 0 0 0
1 0.00652074 47.2058 0 0 0 0
2 0 -47.2058 0 0 0 0
3 0 0.929421 0 0 0 0
4 0 0 0 0 0 0
5 0.007 0.00524667 -0.02 0 -1.127215 0
6 -0.007 -47.211 5.93 0 0 0
7 -0.007 8.45016 2.68682 0 0 32.67259
8 0 -47.2058 0 0 0 0
9 0 -4.3996 -3.75516 0 0 0
time 403
0 -0.00652074 0 0 0 0 0
1 0.00652074 47.2058 0 0 0 0
2 0 -47.2058 0 0 0 0
3 0 0.929421 0 0 0 0
4 0 0 0 0 0 0
5 0.007 0.00524667 -0.02 0 -1.127215 0
6 -0.007 -47.211 5.93 0 0 0
7 -0.007 8.45016 2.68682 0 0 33.3009
8 0 -47.2058 0 0 0 0
9 0 -4.3996 -3.75516 0 0 0
time 404
0 -0.00652074 0 0 0 0 0
1 0.00652074 47.2058 0 0 0 0
2 0 -47.2058 0 0 0 0
3 0 0.929421 0 0 0 0
4 0 0 0 0 0 0
5 0.007 0.00524667 -0.02 0 -1.127215 0
6 -0.007 -47.211 5.93 0 0 0
7 -0.007 8.45016 2.68682 0 0 33.92921
8 0 -47.2058 0 0 0 0
9 0 -4.3996 -3.75516 0 0 0
time 405
0 -0.00652074 0 0 0 0 0
1 0.00652074 47.2058 0 0 0 0
2 0 -47.2058 0 0 0 0
3 0 0.929421 0 0 0 0
4 0 0 0 0 0 0
5 0.007 0.00524667 -0.02 0 -1.127215 0
6 -0.007 -47.211 5.93 0 0 0
7 -0.007 8.45016 2.68682 0 0 34.55751
8 0 -47.2058 0 0 0 0
9 0 -4.3996 -3.75516 0 0 0
time 406
0 -0.00652074 0 0 0 0 0
1 0.00652074 47.2058 0 0 0 0
2 0 -47.2058 0 0 0 0
3 0 0.929421 0 0 0 0
4 0 0 0 0 0 0
5 0.007 0.00524667 -0.02 0 -1.127215 0
6 -0.007 -47.211 5.93 0 0 0
7 -0.007 8.45016 2.68682 0 0 35.18581
8 0 -47.2058 0 0 0 0
9 0 -4.3996 -3.75516 0 0 0
time 407
0 -0.00652074 0 0 0 0 0
1 0.00652074 47.2058 0 0 0 0
2 0 -47.2058 0 0 0 0
3 0 0.929421 0 0 0 0
4 0 0 0 0 0 0
5 0.007 0.00524667 -0.02 0 -1.127215 0
6 -0.007 -47.211 5.93 0 0 0
7 -0.007 8.45016 2.68682 0 0 35.81411
8 0 -47.2058 0 0 0 0
9 0 -4.3996 -3.75516 0 0 0
time 408
0 -0.00652074 0 0 0 0 0
1 0.00652074 47.2058 0 0 0 0
2 0 -47.2058 0 0 0 0
3 0 0.929421 0 0 0 0
4 0 0 0 0 0 0
5 0.007 0.00524667 -0.02 0 -1.127215 0
6 -0.007 -47.211 5.93 0 0 0
7 -0.007 8.45016 2.68682 0 0 36.44241
8 0 -47.2058 0 0 0 0
9 0 -4.3996 -3.75516 0 0 0
time 409
0 -0.00652074 0 0 0 0 0
1 0.00652074 47.2058 0 0 0 0
2 0 -47.2058 0 0 0 0
3 0 0.929421 0 0 0 0
4 0 0 0 0 0 0
5 0.007 0.00524667 -0.02 0 -1.127215 0
6 -0.007 -47.211 5.93 0 0 0
7 -0.007 8.45016 2.68682 0 0 37.07072
8 0 -47.2058 0 0 0 0
9 0 -4.3996 -3.75516 0 0 0
time 410
0 -0.00652074 0 0 0 0 0
1 0.00652074 47.2058 0 0 0 0
2 0 -47.2058 0 0 0 0
3 0 0.929421 0 0 0 0
4 0 0 0 0 0 0
5 0.007 0.00524667 -0.02 0 -1.127215 0
6 -0.007 -47.211 5.93 0 0 0
7 -0.007 8.45016 2.68682 0 0 37.69902
8 0 -47.2058 0 0 0 0
9 0 -4.3996 -3.75516 0 0 0
time 411
0 -0.00652074 0 0 0 0 0
1 0.00652074 47.2058 0 0 0 0
2 0 -47.2058 0 0 0 0
3 0 0.929421 0 0 0 0
4 0 0 0 0 0 0
5 0.007 0.00524667 -0.02 0 -1.127215 0
6 -0.007 -47.211 5.93 0 0 0
7 -0.007 8.45016 2.68682 0 0 38.32734
8 0 -47.2058 0 0 0 0
9 0 -4.3996 -3.75516 0 0 0
time 412
0 -0.00652074 0 0 0 0 0
1 0.00652074 47.2058 0 0 0 0
2 0 -47.2058 0 0 0 0
3 0 0.929421 0 0 0 0
4 0 0 0 0 0 0
5 0.007 0.00524667 -0.02 0 -1.127215 0
6 -0.007 -47.211 5.93 0 0 0
7 -0.007 8.45016 2.68682 0 0 38.95565
8 0 -47.2058 0 0 0 0
9 0 -4.3996 -3.75516 0 0 0
time 413
0 -0.00652074 0 0 0 0 0
1 0.00652074 47.2058 0 0 0 0
2 0 -47.2058 0 0 0 0
3 0 0.929421 0 0 0 0
4 0 0 0 0 0 0
5 0.007 0.00524667 -0.02 0 -1.127215 0
6 -0.007 -47.211 5.93 0 0 0
7 -0.007 8.45016 2.68682 0 0 39.58397
8 0 -47.2058 0 0 0 0
9 0 -4.3996 -3.75516 0 0 0
time 414
0 -0.00652074 0 0 0 0 0
1 0.00652074 47.2058 0 0 0 0
2 0 -47.2058 0 0 0 0
3 0 0.929421 0 0 0 0
4 0 0 0 0 0 0
5 0.007 0.00524667 -0.02 0 -1.127215 0
6 -0.007 -47.211 5.93 0 0 0
7 -0.007 8.45016 2.68682 0 0 40.21229
8 0 -47.2058 0 0 0 0
9 0 -4.3996 -3.75516 0 0 0
time 415
0 -0.00652074 0 0 0 0 0
1 0.00652074 47.2058 0 0 0 0
2 0 -47.2058 0 0 0 0
3 0 0.929421 0 0 0 0
4 0 0 0 0 0 0
5 0.007 0.00524667 -0.02 0 -1.127215 0
6 -0.007 -47.211 5.93 0 0 0
7 -0.007 8.45016 2.68682 0 0 40.84061
8 0 -47.2058 0 0 0 0
9 0 -4.3996 -3.75516 0 0 0
time 416
0 -0.00652074 0 0 0 0 0
1 0.00652074 47.2058 0 0 0 0
2 0 -47.2058 0 0 0 0
3 0 0.929421 0 0 0 0
4 0 0 0 0 0 0
5 0.007 0.00524667 -0.02 0 -1.127215 0
6 -0.007 -47.211 5.93 0 0 0
7 -0.007 8.45016 2.68682 0 0 41.46894
8 0 -47.2058 0 0 0 0
9 0 -4.3996 -3.75516 0 0 0
time 417
0 -0.00652074 0 0 0 0 0
1 0.00652074 47.2058 0 0 0 0
2 0 -47.2058 0 0 0 0
3 0 0.929421 0 0 0 0
4 0 0 0 0 0 0
5 0.007 0.00524667 -0.02 0 -1.127215 0
6 -0.007 -47.211 5.93 0 0 0
7 -0.007 8.45016 2.68682 0 0 42.09727
8 0 -47.2058 0 0 0 0
9 0 -4.3996 -3.75516 0 0 0
time 418
0 -0.00652074 0 0 0 0 0
1 0.00652074 47.2058 0 0 0 0
2 0 -47.2058 0 0 0 0
3 0 0.929421 0 0 0 0
4 0 0 0 0 0 0
5 0.007 0.00524667 -0.02 0 -1.127215 0
6 -0.007 -47.211 5.93 0 0 0
7 -0.007 8.45016 2.68682 0 0 42.72562
8 0 -47.2058 0 0 0 0
9 0 -4.3996 -3.75516 0 0 0
time 419
0 -0.00652074 0 0 0 0 0
1 0.00652074 47.2058 0 0 0 0
2 0 -47.2058 0 0 0 0
3 0 0.929421 0 0 0 0
4 0 0 0 0 0 0
5 0.007 0.00524667 -0.02 0 -1.127215 0
6 -0.007 -47.211 5.93 0 0 0
7 -0.007 8.45016 2.68682 0 0 43.35396
8 0 -47.2058 0 0 0 0
9 0 -4.3996 -3.75516 0 0 0
time 420
0 -0.00652074 0 0 0 0 0
1 0.00652074 47.2058 0 0 0 0
2 0 -47.2058 0 0 0 0
3 0 0.929421 0 0 0 0
4 0 0 0 0 0 0
5 0.007 0.00524667 -0.02 0 -1.127215 0
6 -0.007 -47.211 5.93 0 0 0
7 -0.007 8.45016 2.68682 0 0 6.283185
8 0 -47.2058 0 0 0 0
9 0 -4.3996 -3.75516 0 0 0
time 421
0 -0.00652074 0 0 0 0 0
1 0.00652074 47.2058 0 0 0 0
2 0 -47.2058 0 0 0 0
3 0 0.929421 0 0 0 0
4 0 0 0 0 0 0
5 0.007 0.00524667 -0.02 0 -1.127215 0
6 -0.007 -47.211 5.93 0 0 0
7 -0.007 8.45016 2.68682 0 0 6.91147
8 0 -47.2058 0 0 0 0
9 0 -4.3996 -3.75516 0 0 0
time 422
0 -0.00652074 0 0 0 0 0
1 0.00652074 47.2058 0 0 0 0
2 0 -47.2058 0 0 0 0
3 0 0.929421 0 0 0 0
4 0 0 0 0 0 0
5 0.007 0.00524667 -0.02 0 -1.127215 0
6 -0.007 -47.211 5.93 0 0 0
7 -0.007 8.45016 2.68682 0 0 7.53977
8 0 -47.2058 0 0 0 0
9 0 -4.3996 -3.75516 0 0 0
time 423
0 -0.00652074 0 0 0 0 0
1 0.00652074 47.2058 0 0 0 0
2 0 -47.2058 0 0 0 0
3 0 0.929421 0 0 0 0
4 0 0 0 0 0 0
5 0.007 0.00524667 -0.02 0 -1.127215 0
6 -0.007 -47.211 5.93 0 0 0
7 -0.007 8.45016 2.68682 0 0 8.168083
8 0 -47.2058 0 0 0 0
9 0 -4.3996 -3.75516 0 0 0
time 424
0 -0.00652074 0 0 0 0 0
1 0.00652074 47.2058 0 0 0 0
2 0 -47.2058 0 0 0 0
3 0 0.929421 0 0 0 0
4 0 0 0 0 0 0
5 0.007 0.00524667 -0.02 0 -1.127215 0
6 -0.007 -47.211 5.93 0 0 0
7 -0.007 8.45016 2.68682 0 0 8.796408
8 0 -47.2058 0 0 0 0
9 0 -4.3996 -3.75516 0 0 0
time 425
0 -0.00652074 0 0 0 0 0
1 0.00652074 47.2058 0 0 0 0
2 0 -47.2058 0 0 0 0
3 0 0.929421 0 0 0 0
4 0 0 0 0 0 0
5 0.007 0.00524667 -0.02 0 -1.127215 0
6 -0.007 -47.211 5.93 0 0 0
7 -0.007 8.45016 2.68682 0 0 9.42474
8 0 -47.2058 0 0 0 0
9 0 -4.3996 -3.75516 0 0 0
time 426
0 -0.00652074 0 0 0 0 0
1 0.00652074 47.2058 0 0 0 0
2 0 -47.2058 0 0 0 0
3 0 0.929421 0 0 0 0
4 0 0 0 0 0 0
5 0.007 0.00524667 -0.02 0 -1.127215 0
6 -0.007 -47.211 5.93 0 0 0
7 -0.007 8.45016 2.68682 0 0 10.05308
8 0 -47.2058 0 0 0 0
9 0 -4.3996 -3.75516 0 0 0
time 427
0 -0.00652074 0 0 0 0 0
1 0.00652074 47.2058 0 0 0 0
2 0 -47.2058 0 0 0 0
3 0 0.929421 0 0 0 0
4 0 0 0 0 0 0
5 0.007 0.00524667 -0.02 0 -1.127215 0
6 -0.007 -47.211 5.93 0 0 0
7 -0.007 8.45016 2.68682 0 0 10.68142
8 0 -47.2058 0 0 0 0
9 0 -4.3996 -3.75516 0 0 0
time 428
0 -0.00652074 0 0 0 0 0
1 0.00652074 47.2058 0 0 0 0
2 0 -47.2058 0 0 0 0
3 0 0.929421 0 0 0 0
4 0 0 0 0 0 0
5 0.007 0.00524667 -0.02 0 -1.127215 0
6 -0.007 -47.211 5.93 0 0 0
7 -0.007 8.45016 2.68682 0 0 11.30976
8 0 -47.2058 0 0 0 0
9 0 -4.3996 -3.75516 0 0 0
time 429
0 -0.00652074 0 0 0 0 0
1 0.00652074 47.2058 0 0 0 0
2 0 -47.2058 0 0 0 0
3 0 0.929421 0 0 0 0
4 0 0 0 0 0 0
5 0.007 0.00524667 -0.02 0 -1.127215 0
6 -0.007 -47.211 5.93 0 0 0
7 -0.007 8.45016 2.68682 0 0 11.93809
8 0 -47.2058 0 0 0 0
9 0 -4.3996 -3.75516 0 0 0
time 430
0 -0.00652074 0 0 0 0 0
1 0.00652074 47.2058 0 0 0 0
2 0 -47.2058 0 0 0 0
3 0 0.929421 0 0 0 0
4 0 0 0 0 0 0
5 0.007 0.00524667 -0.02 0 -1.127215 0
6 -0.007 -47.211 5.93 0 0 0
7 -0.007 8.45016 2.68682 0 0 12.56642
8 0 -47.2058 0 0 0 0
9 0 -4.3996 -3.75516 0 0 0
time 431
0 -0.00652074 0 0 0 0 0
1 0.00652074 47.2058 0 0 0 0
2 0 -47.2058 0 0 0 0
3 0 0.929421 0 0 0 0
4 0 0 0 0 0 0
5 0.007 0.00524667 -0.02 0 -1.127215 0
6 -0.007 -47.211 5.93 0 0 0
7 -0.007 8.45016 2.68682 0 0 13.19474
8 0 -47.2058 0 0 0 0
9 0 -4.3996 -3.75516 0 0 0
time 432
0 -0.00652074 0 0 0 0 0
1 0.00652074 47.2058 0 0 0 0
2 0 -47.2058 0 0 0 0
3 0 0.929421 0 0 0 0
4 0 0 0 0 0 0
5 0.007 0.00524667 -0.02 0 -1.127215 0
6 -0.007 -47.211 5.93 0 0 0
7 -0.007 8.45016 2.68682 0 0 13.82305
8 0 -47.2058 0 0 0 0
9 0 -4.3996 -3.75516 0 0 0
time 433
0 -0.00652074 0 0 0 0 0
1 0.00652074 47.2058 0 0 0 0
2 0 -47.2058 0 0 0 0
3 0 0.929421 0 0 0 0
4 0 0 0 0 0 0
5 0.007 0.00524667 -0.02 0 -1.127215 0
6 -0.007 -47.211 5.93 0 0 0
7 -0.007 8.45016 2.68682 0 0 14.45135
8 0 -47.2058 0 0 0 0
9 0 -4.3996 -3.75516 0 0 0
time 434
0 -0.00652074 0 0 0 0 0
1 0.00652074 47.2058 0 0 0 0
2 0 -47.2058 0 0 0 0
3 0 0.929421 0 0 0 0
4 0 0 0 0 0 0
5 0.007 0.00524667 -0.02 0 -1.127215 0
6 -0.007 -47.211 5.93 0 0 0
7 -0.007 8.45016 2.68682 0 0 15.07963
8 0 -47.2058 0 0 0 0
9 0 -4.3996 -3.75516 0 0 0
time 435
0 -0.00652074 0 0 0 0 0
1 0.00652074 47.2058 0 0 0 0
2 0 -47.2058 0 0 0 0
3 0 0.929421 0 0 0 0
4 0 0 0 0 0 0
5 0.007 0.00524667 -0.02 0 -1.127215 0
6 -0.007 -47.211 5.93 0 0 0
7 -0.007 8.45016 2.68682 0 0 15.70792
8 0 -47.2058 0 0 0 0
9 0 -4.3996 -3.75516 0 0 0
time 436
0 -0.00652074 0 0 0 0 0
1 0.00652074 47.2058 0 0 0 0
2 0 -47.2058 0 0 0 0
3 0 0.929421 0 0 0 0
4 0 0 0 0 0 0
5 0.007 0.00524667 -0.02 0 -1.127215 0
6 -0.007 -47.211 5.93 0 0 0
7 -0.007 8.45016 2.68682 0 0 16.33623
8 0 -47.2058 0 0 0 0
9 0 -4.3996 -3.75516 0 0 0
time 437
0 -0.00652074 0 0 0 0 0
1 0.00652074 47.2058 0 0 0 0
2 0 -47.2058 0 0 0 0
3 0 0.929421 0 0 0 0
4 0 0 0 0 0 0
5 0.007 0.00524667 -0.02 0 -1.127215 0
6 -0.007 -47.211 5.93 0 0 0
7 -0.007 8.45016 2.68682 0 0 16.96455
8 0 -47.2058 0 0 0 0
9 0 -4.3996 -3.75516 0 0 0
time 438
0 -0.00652074 0 0 0 0 0
1 0.00652074 47.2058 0 0 0 0
2 0 -47.2058 0 0 0 0
3 0 0.929421 0 0 0 0
4 0 0 0 0 0 0
5 0.007 0.00524667 -0.02 0 -1.127215 0
6 -0.007 -47.211 5.93 0 0 0
7 -0.007 8.45016 2.68682 0 0 17.59288
8 0 -47.2058 0 0 0 0
9 0 -4.3996 -3.75516 0 0 0
time 439
0 -0.00652074 0 0 0 0 0
1 0.00652074 47.2058 0 0 0 0
2 0 -47.2058 0 0 0 0
3 0 0.929421 0 0 0 0
4 0 0 0 0 0 0
5 0.007 0.00524667 -0.02 0 -1.127215 0
6 -0.007 -47.211 5.93 0 0 0
7 -0.007 8.45016 2.68682 0 0 18.22121
8 0 -47.2058 0 0 0 0
9 0 -4.3996 -3.75516 0 0 0
time 440
0 -0.00652074 0 0 0 0 0
1 0.00652074 47.2058 0 0 0 0
2 0 -47.2058 0 0 0 0
3 0 0.929421 0 0 0 0
4 0 0 0 0 0 0
5 0.007 0.00524667 -0.02 0 -1.127215 0
6 -0.007 -47.211 5.93 0 0 0
7 -0.007 8.45016 2.68682 0 0 18.84955
8 0 -47.2058 0 0 0 0
9 0 -4.3996 -3.75516 0 0 0
time 441
0 -0.00652074 0 0 0 0 0
1 0.00652074 47.2058 0 0 0 0
2 0 -47.2058 0 0 0 0
3 0 0.929421 0 0 0 0
4 0 0 0 0 0 0
5 0.007 0.00524667 -0.02 0 -1.127215 0
6 -0.007 -47.211 5.93 0 0 0
7 -0.007 8.45016 2.68682 0 0 19.47789
8 0 -47.2058 0 0 0 0
9 0 -4.3996 -3.75516 0 0 0
time 442
0 -0.00652074 0 0 0 0 0
1 0.00652074 47.2058 0 0 0 0
2 0 -47.2058 0 0 0 0
3 0 0.929421 0 0 0 0
4 0 0 0 0 0 0
5 0.007 0.00524667 -0.02 0 -1.127215 0
6 -0.007 -47.211 5.93 0 0 0
7 -0.007 8.45016 2.68682 0 0 20.10623
8 0 -47.2058 0 0 0 0
9 0 -4.3996 -3.75516 0 0 0
time 443
0 -0.00652074 0 0 0 0 0
1 0.00652074 47.2058 0 0 0 0
2 0 -47.2058 0 0 0 0
3 0 0.929421 0 0 0 0
4 0 0 0 0 0 0
5 0.007 0.00524667 -0.02 0 -1.127215 0
6 -0.007 -47.211 5.93 0 0 0
7 -0.007 8.45016 2.68682 0 0 20.73456
8 0 -47.2058 0 0 0 0
9 0 -4.3996 -3.75516 0 0 0
time 444
0 -0.00652074 0 0 0 0 0
1 0.00652074 47.2058 0 0 0 0
2 0 -47.2058 0 0 0 0
3 0 0.929421 0 0 0 0
4 0 0 0 0 0 0
5 0.007 0.00524667 -0.02 0 -1.127215 0
6 -0.007 -47.211 5.93 0 0 0
7 -0.007 8.45016 2.68682 0 0 21.36288
8 0 -47.2058 0 0 0 0
9 0 -4.3996 -3.75516 0 0 0
time 445
0 -0.00652074 0 0 0 0 0
1 0.00652074 47.2058 0 0 0 0
2 0 -47.2058 0 0 0 0
3 0 0.929421 0 0 0 0
4 0 0 0 0 0 0
5 0.007 0.00524667 -0.02 0 -1.127043 0
6 -0.007 -47.211 5.93 0 0 0
7 -0.007 8.45016 2.68682 0 0 21.99119
8 0 -47.2058 0 0 0 0
9 0 -4.3996 -3.75516 0 0 0
time 446
0 -0.00652074 0 0 0 0 0
1 0.00652074 47.2058 0 0 0 0
2 0 -47.2058 0 0 0 0
3 0 0.929421 0 0 0 0
4 0 0 0 0 0 0
5 0.007 0.00524667 -0.02 0 -1.120325 0
6 -0.007 -47.211 5.93 0 0 0
7 -0.007 8.45016 2.68682 0 0 22.61949
8 0 -47.2058 0 0 0 0
9 0 -4.3996 -3.75516 0 0 0
time 447
0 -0.00652074 0 0 0 0 0
1 0.00652074 47.2058 0 0 0 0
2 0 -47.2058 0 0 0 0
3 0 0.929421 0 0 0 0
4 0 0 0 0 0 0
5 0.007 0.00524667 -0.02 0 -1.113436 0
6 -0.007 -47.211 5.93 0 0 0
7 -0.007 8.45016 2.68682 0 0 23.24777
8 0 -47.2058 0 0 0 0
9 0 -4.3996 -3.75516 0 0 0
time 448
0 -0.00652074 0 0 0 0 0
1 0.00652074 47.2058 0 0 0 0
2 0 -47.2058 0 0 0 0
3 0 0.929421 0 0 0 0
4 0 0 0 0 0 0
5 0.007 0.00524667 -0.02 0 -1.106546 0
6 -0.007 -47.211 5.93 0 0 0
7 -0.007 8.45016 2.68682 0 0 23.87605
8 0 -47.2058 0 0 0 0
9 0 -4.3996 -3.75516 0 0 0
time 449
0 -0.00652074 0 0 0 0 0
1 0.00652074 47.2058 0 0 0 0
2 0 -47.2058 0 0 0 0
3 0 0.929421 0 0 0 0
4 0 0 0 0 0 0
5 0.007 0.00524667 -0.02 0 -1.099656 0
6 -0.007 -47.211 5.93 0 0 0
7 -0.007 8.45016 2.68682 0 0 24.50435
8 0 -47.2058 0 0 0 0
9 0 -4.3996 -3.75516 0 0 0
time 450
0 -0.00652074 0 0 0 0 0
1 0.00652074 47.2058 0 0 0 0
2 0 -47.2058 0 0 0 0
3 0 0.929421 0 0 0 0
4 0 0 0 0 0 0
5 0.007 0.00524667 -0.02 0 -1.092766 0
6 -0.007 -47.211 5.93 0 0 0
7 -0.007 8.45016 2.68682 0 0 25.13266
8 0 -47.2058 0 0 0 0
9 0 -4.3996 -3.75516 0 0 0
time 451
0 -0.00652074 0 0 0 0 0
1 0.00652074 47.2058 0 0 0 0
2 0 -47.2058 0 0 0 0
3 0 0.929421 0 0 0 0
4 0 0 0 0 0 0
5 0.007 0.00524667 -0.02 0 -1.085877 0
6 -0.007 -47.211 5.93 0 0 0
7 -0.007 8.45016 2.68682 0 0 25.76097
8 0 -47.2058 0 0 0 0
9 0 -4.3996 -3.75516 0 0 0
time 452
0 -0.00652074 0 0 0 0 0
1 0.00652074 47.2058 0 0 0 0
2 0 -47.2058 0 0 0 0
3 0 0.929421 0 0 0 0
4 0 0 0 0 0 0
5 0.007 0.00524667 -0.02 0 -1.078987 0
6 -0.007 -47.211 5.93 0 0 0
7 -0.007 8.45016 2.68682 0 0 26.38929
8 0 -47.2058 0 0 0 0
9 0 -4.3996 -3.75516 0 0 0
time 453
0 -0.00652074 0 0 0 0 0
1 0.00652074 47.2058 0 0 0 0
2 0 -47.2058 0 0 0 0
3 0 0.929421 0 0 0 0
4 0 0 0 0 0 0
5 0.007 0.00524667 -0.02 0 -1.072097 0
6 -0.007 -47.211 5.93 0 0 0
7 -0.007 8.45016 2.68682 0 0 27.01761
8 0 -47.2058 0 0 0 0
9 0 -4.3996 -3.75516 0 0 0
time 454
0 -0.00652074 0 0 0 0 0
1 0.00652074 47.2058 0 0 0 0
2 0 -47.2058 0 0 0 0
3 0 0.929421 0 0 0 0
4 0 0 0 0 0 0
5 0.007 0.00524667 -0.02 0 -1.065207 0
6 -0.007 -47.211 5.93 0 0 0
7 -0.007 8.45016 2.68682 0 0 27.64594
8 0 -47.2058 0 0 0 0
9 0 -4.3996 -3.75516 0 0 0
time 455
0 -0.00652074 0 0 0 0 0
1 0.00652074 47.2058 0 0 0 0
2 0 -47.2058 0 0 0 0
3 0 0.929421 0 0 0 0
4 0 0 0 0 0 0
5 0.007 0.00524667 -0.02 0 -1.058318 0
6 -0.007 -47.211 5.93 0 0 0
7 -0.007 8.45016 2.68682 0 0 28.27428
8 0 -47.2058 0 0 0 0
9 0 -4.3996 -3.75516 0 0 0
time 456
0 -0.00652074 0 0 0 0 0
1 0.00652074 47.2058 0 0 0 0
2 0 -47.2058 0 0 0 0
3 0 0.929421 0 0 0 0
4 0 0 0 0 0 0
5 0.007 0.00524667 -0.02 0 -1.051428 0
6 -0.007 -47.211 5.93 0 0 0
7 -0.007 8.45016 2.68682 0 0 28.90261
8 0 -47.2058 0 0 0 0
9 0 -4.3996 -3.75516 0 0 0
time 457
0 -0.00652074 0 0 0 0 0
1 0.00652074 47.2058 0 0 0 0
2 0 -47.2058 0 0 0 0
3 0 0.929421 0 0 0 0
4 0 0 0 0 0 0
5 0.007 0.00524667 -0.02 0 -1.044538 0
6 -0.007 -47.211 5.93 0 0 0
7 -0.007 8.45016 2.68682 0 0 29.53094
8 0 -47.2058 0 0 0 0
9 0 -4.3996 -3.75516 0 0 0
time 458
0 -0.00652074 0 0 0 0 0
1 0.00652074 47.2058 0 0 0 0
2 0 -47.2058 0 0 0 0
3 0 0.929421 0 0 0 0
4 0 0 0 0 0 0
5 0.007 0.00524667 -0.02 0 -1.037649 0
6 -0.007 -47.211 5.93 0 0 0
7 -0.007 8.45016 2.68682 0 0 30.15928
8 0 -47.2058 0 0 0 0
9 0 -4.3996 -3.75516 0 0 0
time 459
0 -0.00652074 0 0 0 0 0
1 0.00652074 47.2058 0 0 0 0
2 0 -47.2058 0 0 0 0
3 0 0.929421 0 0 0 0
4 0 0 0 0 0 0
5 0.007 0.00524667 -0.02 0 -1.030759 0
6 -0.007 -47.211 5.93 0 0 0
7 -0.007 8.45016 2.68682 0 0 30.78761
8 0 -47.2058 0 0 0 0
9 0 -4.3996 -3.75516 0 0 0
time 460
0 -0.00652074 0 0 0 0 0
1 0.00652074 47.2058 0 0 0 0
2 0 -47.2058 0 0 0 0
3 0 0.929421 0 0 0 0
4 0 0 0 0 0 0
5 0.007 0.00524667 -0.02 0 -1.02387 0
6 -0.007 -47.211 5.93 0 0 0
7 -0.007 8.45016 2.68682 0 0 31.41594
8 0 -47.2058 0 0 0 0
9 0 -4.3996 -3.75516 0 0 0
time 461
0 -0.00652074 0 0 0 0 0
1 0.00652074 47.2058 0 0 0 0
2 0 -47.2058 0 0 0 0
3 0 0.929421 0 0 0 0
4 0 0 0 0 0 0
5 0.007 0.00524667 -0.02 0 -1.01698 0
6 -0.007 -47.211 5.93 0 0 0
7 -0.007 8.45016 2.68682 0 0 32.04427
8 0 -47.2058 0 0 0 0
9 0 -4.3996 -3.75516 0 0 0
time 462
0 -0.00652074 0 0 0 0 0
1 0.00652074 47.2058 0 0 0 0
2 0 -47.2058 0 0 0 0
3 0 0.929421 0 0 0 0
4 0 0 0 0 0 0
5 0.007 0.00524667 -0.02 0 -1.01009 0
6 -0.007 -47.211 5.93 0 0 0
7 -0.007 8.45016 2.68682 0 0 32.67259
8 0 -47.2058 0 0 0 0
9 0 -4.3996 -3.75516 0 0 0
time 463
0 -0.00652074 0 0 0 0 0
1 0.00652074 47.2058 0 0 0 0
2 0 -47.2058 0 0 0 0
3 0 0.929421 0 0 0 0
4 0 0 0 0 0 0
5 0.007 0.00524667 -0.02 0 -1.003201 0
6 -0.007 -47.211 5.93 0 0 0
7 -0.007 8.45016 2.68682 0 0 33.3009
8 0 -47.2058 0 0 0 0
9 0 -4.3996 -3.75516 0 0 0
time 464
0 -0.00652074 0 0 0 0 0
1 0.00652074 47.2058 0 0 0 0
2 0 -47.2058 0 0 0 0
3 0 0.929421 0 0 0 0
4 0 0 0 0 0 0
5 0.007 0.00524667 -0.02 0 -0.9963109 0
6 -0.007 -47.211 5.93 0 0 0
7 -0.007 8.45016 2.68682 0 0 33.92921
8 0 -47.2058 0 0 0 0
9 0 -4.3996 -3.75516 0 0 0
time 465
0 -0.00652074 0 0 0 0 0
1 0.00652074 47.2058 0 0 0 0
2 0 -47.2058 0 0 0 0
3 0 0.929421 0 0 0 0
4 0 0 0 0 0 0
5 0.007 0.00524667 -0.02 0 -0.9894214 0
6 -0.007 -47.211 5.93 0 0 0
7 -0.007 8.45016 2.68682 0 0 34.55751
8 0 -47.2058 0 0 0 0
9 0 -4.3996 -3.75516 0 0 0
time 466
0 -0.00652074 0 0 0 0 0
1 0.00652074 47.2058 0 0 0 0
2 0 -47.2058 0 0 0 0
3 0 0.929421 0 0 0 0
4 0 0 0 0 0 0
5 0.007 0.00524667 -0.02 0 -0.9825318 0
6 -0.007 -47.211 5.93 0 0 0
7 -0.007 8.45016 2.68682 0 0 35.18581
8 0 -47.2058 0 0 0 0
9 0 -4.3996 -3.75516 0 0 0
time 467
0 -0.00652074 0 0 0 0 0
1 0.00652074 47.2058 0 0 0 0
2 0 -47.2058 0 0 0 0
3 0 0.929421 0 0 0 0
4 0 0 0 0 0 0
5 0.007 0.00524667 -0.02 0 -0.9756422 0
6 -0.007 -47.211 5.93 0 0 0
7 -0.007 8.45016 2.68682 0 0 35.81413
8 0 -47.2058 0 0 0 0
9 0 -4.3996 -3.75516 0 0 0
time 468
0 -0.00652074 0 0 0 0 0
1 0.00652074 47.2058 0 0 0 0
2 0 -47.2058 0 0 0 0
3 0 0.929421 0 0 0 0
4 0 0 0 0 0 0
5 0.007 0.00524667 -0.02 0 -0.9687527 0
6 -0.007 -47.211 5.93 0 0 0
7 -0.007 8.45016 2.68682 0 0 36.44244
8 0 -47.2058 0 0 0 0
9 0 -4.3996 -3.75516 0 0 0
time 469
0 -0.00652074 0 0 0 0 0
1 0.00652074 47.2058 0 0 0 0
2 0 -47.2058 0 0 0 0
3 0 0.929421 0 0 0 0
4 0 0 0 0 0 0
5 0.007 0.00524667 -0.02 0 -0.961863 0
6 -0.007 -47.211 5.93 0 0 0
7 -0.007 8.45016 2.68682 0 0 37.07077
8 0 -47.2058 0 0 0 0
9 0 -4.3996 -3.75516 0 0 0
time 470
0 -0.00652074 0 0 0 0 0
1 0.00652074 47.2058 0 0 0 0
2 0 -47.2058 0 0 0 0
3 0 0.929421 0 0 0 0
4 0 0 0 0 0 0
5 0.007 0.00524667 -0.02 0 -0.9549735 0
6 -0.007 -47.211 5.93 0 0 0
7 -0.007 8.45016 2.68682 0 0 37.69909
8 0 -47.2058 0 0 0 0
9 0 -4.3996 -3.75516 0 0 0
time 471
0 -0.00652074 0 0 0 0 0
1 0.00652074 47.2058 0 0 0 0
2 0 -47.2058 0 0 0 0
3 0 0.929421 0 0 0 0
4 0 0 0 0 0 0
5 0.007 0.00524667 -0.02 0 -0.9480838 0
6 -0.007 -47.211 5.93 0 0 0
7 -0.007 8.45016 2.68682 0 0 38.32743
8 0 -47.2058 0 0 0 0
9 0 -4.3996 -3.75516 0 0 0
time 472
0 -0.00652074 0 0 0 0 0
1 0.00652074 47.2058 0 0 0 0
2 0 -47.2058 0 0 0 0
3 0 0.929421 0 0 0 0
4 0 0 0 0 0 0
5 0.007 0.00524667 -0.02 0 -0.9411942 0
6 -0.007 -47.211 5.93 0 0 0
7 -0.007 8.45016 2.68682 0 0 38.95575
8 0 -47.2058 0 0 0 0
9 0 -4.3996 -3.75516 0 0 0
time 473
0 -0.00652074 0 0 0 0 0
1 0.00652074 47.2058 0 0 0 0
2 0 -47.2058 0 0 0 0
3 0 0.929421 0 0 0 0
4 0 0 0 0 0 0
5 0.007 0.00524667 -0.02 0 -0.9343047 0
6 -0.007 -47.211 5.93 0 0 0
7 -0.007 8.45016 2.68682 0 0 39.58408
8 0 -47.2058 0 0 0 0
9 0 -4.3996 -3.75516 0 0 0
time 474
0 -0.00652074 0 0 0 0 0
1 0.00652074 47.2058 0 0 0 0
2 0 -47.2058 0 0 0 0
3 0 0.929421 0 0 0 0
4 0 0 0 0 0 0
5 0.007 0.00524667 -0.02 0 -0.9274151 0
6 -0.007 -47.211 5.93 0 0 0
7 -0.007 8.45016 2.68682 0 0 40.2124
8 0 -47.2058 0 0 0 0
9 0 -4.3996 -3.75516 0 0 0
time 475
0 -0.00652074 0 0 0 0 0
1 0.00652074 47.2058 0 0 0 0
2 0 -47.2058 0 0 0 0
3 0 0.929421 0 0 0 0
4 0 0 0 0 0 0
5 0.007 0.00524667 -0.02 0 -0.9205254 0
6 -0.007 -47.211 5.93 0 0 0
7 -0.007 8.45016 2.68682 0 0 40.84072
8 0 -47.2058 0 0 0 0
9 0 -4.3996 -3.75516 0 0 0
time 476
0 -0.00652074 0 0 0 0 0
1 0.00652074 47.2058 0 0 0 0
2 0 -47.2058 0 0 0 0
3 0 0.929421 0 0 0 0
4 0 0 0 0 0 0
5 0.007 0.00524667 -0.02 0 -0.9136359 0
6 -0.007 -47.211 5.93 0 0 0
7 -0.007 8.45016 2.68682 0 0 41.46904
8 0 -47.2058 0 0 0 0
9 0 -4.3996 -3.75516 0 0 0
time 477
0 -0.00652074 0 0 0 0 0
1 0.00652074 47.2058 0 0 0 0
2 0 -47.2058 0 0 0 0
3 0 0.929421 0 0 0 0
4 0 0 0 0 0 0
5 0.007 0.00524667 -0.02 0 -0.9067463 0
6 -0.007 -47.211 5.93 0 0 0
7 -0.007 8.45016 2.68682 0 0 42.09734
8 0 -47.2058 0 0 0 0
9 0 -4.3996 -3.75516 0 0 0
time 478
0 -0.00652074 0 0 0 0 0
1 0.00652074 47.2058 0 0 0 0
2 0 -47.2058 0 0 0 0
3 0 0.929421 0 0 0 0
4 0 0 0 0 0 0
5 0.007 0.00524667 -0.02 0 -0.8998566 0
6 -0.007 -47.211 5.93 0 0 0
7 -0.007 8.45016 2.68682 0 0 42.72564
8 0 -47.2058 0 0 0 0
9 0 -4.3996 -3.75516 0 0 0
time 479
0 -0.00652074 0 0 0 0 0
1 0.00652074 47.2058 0 0 0 0
2 0 -47.2058 0 0 0 0
3 0 0.929421 0 0 0 0
4 0 0 0 0 0 0
5 0.007 0.00524667 -0.02 0 -0.892967 0
6 -0.007 -47.211 5.93 0 0 0
7 -0.007 8.45016 2.68682 0 0 43.35396
8 0 -47.2058 0 0 0 0
9 0 -4.3996 -3.75516 0 0 0
time 480
0 -0.00652074 0 0 0 0 0
1 0.00652074 47.2058 0 0 0 0
2 0 -47.2058 0 0 0 0
3 0 0.929421 0 0 0 0
4 0 0 0 0 0 0
5 0.007 0.00524667 -0.02 0 -0.8860773 0
6 -0.007 -47.211 5.93 0 0 0
7 -0.007 8.45016 2.68682 0 0 6.283185
8 0 -47.2058 0 0 0 0
9 0 -4.3996 -3.75516 0 0 0
time 481
0 -0.00652074 0 0 0 0 0
1 0.00652074 47.2058 0 0 0 0
2 0 -47.2058 0 0 0 0
3 0 0.929421 0 0 0 0
4 0 0 0 0 0 0
5 0.007 0.00524667 -0.02 0 -0.8791878 0
6 -0.007 -47.211 5.93 0 0 0
7 -0.007 8.45016 2.68682 0 0 6.91147
8 0 -47.2058 0 0 0 0
9 0 -4.3996 -3.75516 0 0 0
time 482
0 -0.00652074 0 0 0 0 0
1 0.00652074 47.2058 0 0 0 0
2 0 -47.2058 0 0 0 0
3 0 0.929421 0 0 0 0
4 0 0 0 0 0 0
5 0.007 0.00524667 -0.02 0 -0.8722981 0
6 -0.007 -47.211 5.93 0 0 0
7 -0.007 8.45016 2.68682 0 0 7.53977
8 0 -47.2058 0 0 0 0
9 0 -4.3996 -3.75516 0 0 0
time 483
0 -0.00652074 0 0 0 0 0
1 0.00652074 47.2058 0 0 0 0
2 0 -47.2058 0 0 0 0
3 0 0.929421 0 0 0 0
4 0 0 0 0 0 0
5 0.007 0.00524667 -0.02 0 -0.8654084 0
6 -0.007 -47.211 5.93 0 0 0
7 -0.007 8.45016 2.68682 0 0 8.168083
8 0 -47.2058 0 0 0 0
9 0 -4.3996 -3.75516 0 0 0
time 484
0 -0.00652074 0 0 0 0 0
1 0.00652074 47.2058 0 0 0 0
2 0 -47.2058 0 0 0 0
3 0 0.929421 0 0 0 0
4 0 0 0 0 0 0
5 0.007 0.00524667 -0.02 0 -0.8585187 0
6 -0.007 -47.211 5.93 0 0 0
7 -0.007 8.45016 2.68682 0 0 8.796408
8 0 -47.2058 0 0 0 0
9 0 -4.3996 -3.75516 0 0 0
time 485
0 -0.00652074 0 0 0 0 0
1 0.00652074 47.2058 0 0 0 0
2 0 -47.2058 0 0 0 0
3 0 0.929421 0 0 0 0
4 0 0 0 0 0 0
5 0.007 0.00524667 -0.02 0 -0.8516291 0
6 -0.007 -47.211 5.93 0 0 0
7 -0.007 8.45016 2.68682 0 0 9.42474
8 0 -47.2058 0 0 0 0
9 0 -4.3996 -3.75516 0 0 0
time 486
0 -0.00652074 0 0 0 0 0
1 0.00652074 47.2058 0 0 0 0
2 0 -47.2058 0 0 0 0
3 0 0.929421 0 0 0 0
4 0 0 0 0 0 0
5 0.007 0.00524667 -0.02 0 -0.8447393 0
6 -0.007 -47.211 5.93 0 0 0
7 -0.007 8.45016 2.68682 0 0 10.05308
8 0 -47.2058 0 0 0 0
9 0 -4.3996 -3.75516 0 0 0
time 487
0 -0.00652074 0 0 0 0 0
1 0.00652074 47.2058 0 0 0 0
2 0 -47.2058 0 0 0 0
3 0 0.929421 0 0 0 0
4 0 0 0 0 0 0
5 0.007 0.00524667 -0.02 0 -0.8378496 0
6 -0.007 -47.211 5.93 0 0 0
7 -0.007 8.45016 2.68682 0 0 10.68142
8 0 -47.2058 0 0 0 0
9 0 -4.3996 -3.75516 0 0 0
time 488
0 -0.00652074 0 0 0 0 0
1 0.00652074 47.2058 0 0 0 0
2 0 -47.2058 0 0 0 0
3 0 0.929421 0 0 0 0
4 0 0 0 0 0 0
5 0.007 0.00524667 -0.02 0 -0.83096 0
6 -0.007 -47.211 5.93 0 0 0
7 -0.007 8.45016 2.68682 0 0 11.30976
8 0 -47.2058 0 0 0 0
9 0 -4.3996 -3.75516 0 0 0
time 489
0 -0.00652074 0 0 0 0 0
1 0.00652074 47.2058 0 0 0 0
2 0 -47.2058 0 0 0 0
3 0 0.929421 0 0 0 0
4 0 0 0 0 0 0
5 0.007 0.00524667 -0.02 0 -0.8240702 0
6 -0.007 -47.211 5.93 0 0 0
7 -0.007 8.45016 2.68682 0 0 11.93809
8 0 -47.2058 0 0 0 0
9 0 -4.3996 -3.75516 0 0 0
time 490
0 -0.00652074 0 0 0 0 0
1 0.00652074 47.2058 0 0 0 0
2 0 -47.2058 0 0 0 0
3 0 0.929421 0 0 0 0
4 0 0 0 0 0 0
5 0.007 0.00524667 -0.02 0 -0.8171805 0
6 -0.007 -47.211 5.93 0 0 0
7 -0.007 8.45016 2.68682 0 0 12.56642
8 0 -47.2058 0 0 0 0
9 0 -4.3996 -3.75516 0 0 0
time 491
0 -0.00652074 0 0 0 0 0
1 0.00652074 47.2058 0 0 0 0
2 0 -47.2058 0 0 0 0
3 0 0.929421 0 0 0 0
4 0 0 0 0 0 0
5 0.007 0.00524667 -0.02 0 -0.8102907 0
6 -0.007 -47.211 5.93 0 0 0
7 -0.007 8.45016 2.68682 0 0 13.19474
8 0 -47.2058 0 0 0 0
9 0 -4.3996 -3.75516 0 0 0
time 492
0 -0.00652074 0 0 0 0 0
1 0.00652074 47.2058 0 0 0 0
2 0 -47.2058 0 0 0 0
3 0 0.929421 0 0 0 0
4 0 0 0 0 0 0
5 0.007 0.00524667 -0.02 0 -0.8034009 0
6 -0.007 -47.211 5.93 0 0 0
7 -0.007 8.45016 2.68682 0 0 13.82305
8 0 -47.2058 0 0 0 0
9 0 -4.3996 -3.75516 0 0 0
time 493
0 -0.00652074 0 0 0 0 0
1 0.00652074 47.2058 0 0 0 0
2 0 -47.2058 0 0 0 0
3 0 0.929421 0 0 0 0
4 0 0 0 0 0 0
5 0.007 0.00524667 -0.02 0 -0.7965111 0
6 -0.007 -47.211 5.93 0 0 0
7 -0.007 8.45016 2.68682 0 0 14.45135
8 0 -47.2058 0 0 0 0
9 0 -4.3996 -3.75516 0 0 0
time 494
0 -0.00652074 0 0 0 0 0
1 0.00652074 47.2058 0 0 0 0
2 0 -47.2058 0 0 0 0
3 0 0.929421 0 0 0 0
4 0 0 0 0 0 0
5 0.007 0.00524667 -0.02 0 -0.7896213 0
6 -0.007 -47.211 5.93 0 0 0
7 -0.007 8.45016 2.68682 0 0 15.07963
8 0 -47.2058 0 0 0 0
9 0 -4.3996 -3.75516 0 0 0
time 495
0 -0.00652074 0 0 0 0 0
1 0.00652074 47.2058 0 0 0 0
2 0 -47.2058 0 0 0 0
3 0 0.929421 0 0 0 0
4 0 0 0 0 0 0
5 0.007 0.00524667 -0.02 0 -0.7827314 0
6 -0.007 -47.211 5.93 0 0 0
7 -0.007 8.45016 2.68682 0 0 15.70792
8 0 -47.2058 0 0 0 0
9 0 -4.3996 -3.75516 0 0 0
time 496
0 -0.00652074 0 0 0 0 0
1 0.00652074 47.2058 0 0 0 0
2 0 -47.2058 0 0 0 0
3 0 0.929421 0 0 0 0
4 0 0 0 0 0 0
5 0.007 0.00524667 -0.02 0 -0.7758415 0
6 -0.007 -47.211 5.93 0 0 0
7 -0.007 8.45016 2.68682 0 0 16.33623
8 0 -47.2058 0 0 0 0
9 0 -4.3996 -3.75516 0 0 0
time 497
0 -0.00652074 0 0 0 0 0
1 0.00652074 47.2058 0 0 0 0
2 0 -47.2058 0 0 0 0
3 0 0.929421 0 0 0 0
4 0 0 0 0 0 0
5 0.007 0.00524667 -0.02 0 -0.7689516 0
6 -0.007 -47.211 5.93 0 0 0
7 -0.007 8.45016 2.68682 0 0 16.96455
8 0 -47.2058 0 0 0 0
9 0 -4.3996 -3.75516 0 0 0
time 498
0 -0.00652074 0 0 0 0 0
1 0.00652074 47.2058 0 0 0 0
2 0 -47.2058 0 0 0 0
3 0 0.929421 0 0 0 0
4 0 0 0 0 0 0
5 0.007 0.00524667 -0.02 0 -0.7620618 0
6 -0.007 -47.211 5.93 0 0 0
7 -0.007 8.45016 2.68682 0 0 17.59288
8 0 -47.2058 0 0 0 0
9 0 -4.3996 -3.75516 0 0 0
time 499
0 -0.00652074 0 0 0 0 0
1 0.00652074 47.2058 0 0 0 0
2 0 -47.2058 0 0 0 0
3 0 0.929421 0 0 0 0
4 0 0 0 0 0 0
5 0.007 0.00524667 -0.02 0 -0.7551719 0
6 -0.007 -47.211 5.93 0 0 0
7 -0.007 8.45016 2.68682 0 0 18.22121
8 0 -47.2058 0 0 0 0
9 0 -4.3996 -3.75516 0 0 0
time 500
0 -0.00652074 0 0 0 0 0
1 0.00652074 47.2058 0 0 0 0
2 0 -47.2058 0 0 0 0
3 0 0.929421 0 0 0 0
4 0 0 0 0 0 0
5 0.007 0.00524667 -0.02 0 -0.7482819 0
6 -0.007 -47.211 5.93 0 0 0
7 -0.007 8.45016 2.68682 0 0 18.84955
8 0 -47.2058 0 0 0 0
9 0 -4.3996 -3.75516 0 0 0
time 501
0 -0.00652074 0 0 0 0 0
1 0.00652074 47.2058 0 0 0 0
2 0 -47.2058 0 0 0 0
3 0 0.929421 0 0 0 0
4 0 0 0 0 0 0
5 0.007 0.00524667 -0.02 0 -0.7413918 0
6 -0.007 -47.211 5.93 0 0 0
7 -0.007 8.45016 2.68682 0 0 19.47789
8 0 -47.2058 0 0 0 0
9 0 -4.3996 -3.75516 0 0 0
time 502
0 -0.00652074 0 0 0 0 0
1 0.00652074 47.2058 0 0 0 0
2 0 -47.2058 0 0 0 0
3 0 0.929421 0 0 0 0
4 0 0 0 0 0 0
5 0.007 0.00524667 -0.02 0 -0.7345019 0
6 -0.007 -47.211 5.93 0 0 0
7 -0.007 8.45016 2.68682 0 0 20.10623
8 0 -47.2058 0 0 0 0
9 0 -4.3996 -3.75516 0 0 0
time 503
0 -0.00652074 0 0 0 0 0
1 0.00652074 47.2058 0 0 0 0
2 0 -47.2058 0 0 0 0
3 0 0.929421 0 0 0 0
4 0 0 0 0 0 0
5 0.007 0.00524667 -0.02 0 -0.7276118 0
6 -0.007 -47.211 5.93 0 0 0
7 -0.007 8.45016 2.68682 0 0 20.73456
8 0 -47.2058 0 0 0 0
9 0 -4.3996 -3.75516 0 0 0
time 504
0 -0.00652074 0 0 0 0 0
1 0.00652074 47.2058 0 0 0 0
2 0 -47.2058 0 0 0 0
3 0 0.929421 0 0 0 0
4 0 0 0 0 0 0
5 0.007 0.00524667 -0.02 0 -0.7207218 0
6 -0.007 -47.211 5.93 0 0 0
7 -0.007 8.45016 2.68682 0 0 21.36288
8 0 -47.2058 0 0 0 0
9 0 -4.3996 -3.75516 0 0 0
time 505
0 -0.00652074 0 0 0 0 0
1 0.00652074 47.2058 0 0 0 0
2 0 -47.2058 0 0 0 0
3 0 0.929421 0 0 0 0
4 0 0 0 0 0 0
5 0.007 0.00524667 -0.02 0 -0.7138317 0
6 -0.007 -47.211 5.93 0 0 0
7 -0.007 8.45016 2.68682 0 0 21.99119
8 0 -47.2058 0 0 0 0
9 0 -4.3996 -3.75516 0 0 0
time 506
0 -0.00652074 0 0 0 0 0
1 0.00652074 47.2058 0 0 0 0
2 0 -47.2058 0 0 0 0
3 0 0.929421 0 0 0 0
4 0 0 0 0 0 0
5 0.007 0.00524667 -0.02 0 -0.7069416 0
6 -0.007 -47.211 5.93 0 0 0
7 -0.007 8.45016 2.68682 0 0 22.61949
8 0 -47.2058 0 0 0 0
9 0 -4.3996 -3.75516 0 0 0
time 507
0 -0.00652074 0 0 0 0 0
1 0.00652074 47.2058 0 0 0 0
2 0 -47.2058 0 0 0 0
3 0 0.929421 0 0 0 0
4 0 0 0 0 0 0
5 0.007 0.00524667 -0.02 0 -0.7000514 0
6 -0.007 -47.211 5.93 0 0 0
7 -0.007 8.45016 2.68682 0 0 23.24777
8 0 -47.2058 0 0 0 0
9 0 -4.3996 -3.75516 0 0 0
time 508
0 -0.00652074 0 0 0 0 0
1 0.00652074 47.2058 0 0 0 0
2 0 -47.2058 0 0 0 0
3 0 0.929421 0 0 0 0
4 0 0 0 0 0 0
5 0.007 0.00524667 -0.02 0 -0.6931612 0
6 -0.007 -47.211 5.93 0 0 0
7 -0.007 8.45016 2.68682 0 0 23.87606
8 0 -47.2058 0 0 0 0
9 0 -4.3996 -3.75516 0 0 0
time 509
0 -0.00652074 0 0 0 0 0
1 0.00652074 47.2058 0 0 0 0
2 0 -47.2058 0 0 0 0
3 0 0.929421 0 0 0 0
4 0 0 0 0 0 0
5 0.007 0.00524667 -0.02 0 -0.6862711 0
6 -0.007 -47.211 5.93 0 0 0
7 -0.007 8.45016 2.68682 0 0 24.50436
8 0 -47.2058 0 0 0 0
9 0 -4.3996 -3.75516 0 0 0
time 510
0 -0.00652074 0 0 0 0 0
1 0.00652074 47.2058 0 0 0 0
2 0 -47.2058 0 0 0 0
3 0 0.929421 0 0 0 0
4 0 0 0 0 0 0
5 0.007 0.00524667 -0.02 0 -0.6793808 0
6 -0.007 -47.211 5.93 0 0 0
7 -0.007 8.45016 2.68682 0 0 25.13267
8 0 -47.2058 0 0 0 0
9 0 -4.3996 -3.75516 0 0 0
time 511
0 -0.00652074 0 0 0 0 0
1 0.00652074 47.2058 0 0 0 0
2 0 -47.2058 0 0 0 0
3 0 0.929421 0 0 0 0
4 0 0 0 0 0 0
5 0.007 0.00524667 -0.02 0 -0.6724905 0
6 -0.007 -47.211 5.93 0 0 0
7 -0.007 8.45016 2.68682 0 0 25.76099
8 0 -47.2058 0 0 0 0
9 0 -4.3996 -3.75516 0 0 0
time 512
0 -0.00652074 0 0 0 0 0
1 0.00652074 47.2058 0 0 0 0
2 0 -47.2058 0 0 0 0
3 0 0.929421 0 0 0 0
4 0 0 0 0 0 0
5 0.007 0.00524667 -0.02 0 -0.6656002 0
6 -0.007 -47.211 5.93 0 0 0
7 -0.007 8.45016 2.68682 0 0 26.38932
8 0 -47.2058 0 0 0 0
9 0 -4.3996 -3.75516 0 0 0
time 513
0 -0.00652074 0 0 0 0 0
1 0.00652074 47.2058 0 0 0 0
2 0 -47.2058 0 0 0 0
3 0 0.929421 0 0 0 0
4 0 0 0 0 0 0
5 0.007 0.00524667 -0.02 0 -0.6587099 0
6 -0.007 -47.211 5.93 0 0 0
7 -0.007 8.45016 2.68682 0 0 27.01765
8 0 -47.2058 0 0 0 0
9 0 -4.3996 -3.75516 0 0 0
time 514
0 -0.00652074 0 0 0 0 0
1 0.00652074 47.2058 0 0 0 0
2 0 -47.2058 0 0 0 0
3 0 0.929421 0 0 0 0
4 0 0 0 0 0 0
5 0.007 0.00524667 -0.02 0 -0.6518195 0
6 -0.007 -47.211 5.93 0 0 0
7 -0.007 8.45016 2.68682 0 0 27.64598
8 0 -47.2058 0 0 0 0
9 0 -4.3996 -3.75516 0 0 0
time 515
0 -0.00652074 0 0 0 0 0
1 0.00652074 47.2058 0 0 0 0
2 0 -47.2058 0 0 0 0
3 0 0.929421 0 0 0 0
4 0 0 0 0 0 0
5 0.007 0.00524667 -0.02 0 -0.6449291 0
6 -0.007 -47.211 5.93 0 0 0
7 -0.007 8.45016 2.68682 0 0 28.27431
8 0 -47.2058 0 0 0 0
9 0 -4.3996 -3.75516 0 0 0
time 516
0 -0.00652074 0 0 0 0 0
1 0.00652074 47.2058 0 0 0 0
2 0 -47.2058 0 0 0 0
3 0 0.929421 0 0 0 0
4 0 0 0 0 0 0
5 0.007 0.00524667 -0.02 0 -0.6380386 0
6 -0.007 -47.211 5.93 0 0 0
7 -0.007 8.45016 2.68682 0 0 28.90265
8 0 -47.2058 0 0 0 0
9 0 -4.3996 -3.75516 0 0 0
time 517
0 -0.00652074 0 0 0 0 0
1 0.00652074 47.2058 0 0 0 0
2 0 -47.2058 0 0 0 0
3 0 0.929421 0 0 0 0
4 0 0 0 0 0 0
5 0.007 0.00524667 -0.02 0 -0.6311481 0
6 -0.007 -47.211 5.93 0 0 0
7 -0.007 8.45016 2.68682 0 0 29.53097
8 0 -47.2058 0 0 0 0
9 0 -4.3996 -3.75516 0 0 0
time 518
0 -0.00652074 0 0 0 0 0
1 0.00652074 47.2058 0 0 0 0
2 0 -47.2058 0 0 0 0
3 0 0.929421 0 0 0 0
4 0 0 0 0 0 0
5 0.007 0.00524667 -0.02 0 -0.6242576 0
6 -0.007 -47.211 5.93 0 0 0
7 -0.007 8.45016 2.68682 0 0 30.15929
8 0 -47.2058 0 0 0 0
9 0 -4.3996 -3.75516 0 0 0
time 519
0 -0.00652074 0 0 0 0 0
1 0.00652074 47.2058 0 0 0 0
2 0 -47.2058 0 0 0 0
3 0 0.929421 0 0 0 0
4 0 0 0 0 0 0
5 0.007 0.00524667 -0.02 0 -0.617367 0
6 -0.007 -47.211 5.93 0 0 0
7 -0.007 8.45016 2.68682 0 0 30.78761
8 0 -47.2058 0 0 0 0
9 0 -4.3996 -3.75516 0 0 0
time 520
0 -0.00652074 0 0 0 0 0
1 0.00652074 47.2058 0 0 0 0
2 0 -47.2058 0 0 0 0
3 0 0.929421 0 0 0 0
4 0 0 0 0 0 0
5 0.007 0.00524667 -0.02 0 -0.6104764 0
6 -0.007 -47.211 5.93 0 0 0
7 -0.007 8.45016 2.68682 0 0 31.41591
8 0 -47.2058 0 0 0 0
9 0 -4.3996 -3.75516 0 0 0
time 521
0 -0.00652074 0 0 0 0 0
1 0.00652074 47.2058 0 0 0 0
2 0 -47.2058 0 0 0 0
3 0 0.929421 0 0 0 0
4 0 0 0 0 0 0
5 0.007 0.00524667 -0.02 0 -0.6035858 0
6 -0.007 -47.211 5.93 0 0 0
7 -0.007 8.45016 2.68682 0 0 32.04422
8 0 -47.2058 0 0 0 0
9 0 -4.3996 -3.75516 0 0 0
time 522
0 -0.00652074 0 0 0 0 0
1 0.00652074 47.2058 0 0 0 0
2 0 -47.2058 0 0 0 0
3 0 0.929421 0 0 0 0
4 0 0 0 0 0 0
5 0.007 0.00524667 -0.02 0 -0.5966951 0
6 -0.007 -47.211 5.93 0 0 0
7 -0.007 8.45016 2.68682 0 0 32.67254
8 0 -47.2058 0 0 0 0
9 0 -4.3996 -3.75516 0 0 0
time 523
0 -0.00652074 0 0 0 0 0
1 0.00652074 47.2058 0 0 0 0
2 0 -47.2058 0 0 0 0
3 0 0.929421 0 0 0 0
4 0 0 0 0 0 0
5 0.007 0.00524667 -0.02 0 -0.5898044 0
6 -0.007 -47.211 5.93 0 0 0
7 -0.007 8.45016 2.68682 0 0 33.30087
8 0 -47.2058 0 0 0 0
9 0 -4.3996 -3.75516 0 0 0
time 524
0 -0.00652074 0 0 0 0 0
1 0.00652074 47.2058 0 0 0 0
2 0 -47.2058 0 0 0 0
3 0 0.929421 0 0 0 0
4 0 0 0 0 0 0
5 0.007 0.00524667 -0.02 0 -0.5829136 0
6 -0.007 -47.211 5.93 0 0 0
7 -0.007 8.45016 2.68682 0 0 33.9292
8 0 -47.2058 0 0 0 0
9 0 -4.3996 -3.75516 0 0 0
time 525
0 -0.00652074 0 0 0 0 0
1 0.00652074 47.2058 0 0 0 0
2 0 -47.2058 0 0 0 0
3 0 0.929421 0 0 0 0
4 0 0 0 0 0 0
5 0.007 0.00524667 -0.02 0 -0.5760228 0
6 -0.007 -47.211 5.93 0 0 0
7 -0.007 8.45016 2.68682 0 0 34.55751
8 0 -47.2058 0 0 0 0
9 0 -4.3996 -3.75516 0 0 0
time 526
0 -0.00652074 0 0 0 0 0
1 0.00652074 47.2058 0 0 0 0
2 0 -47.2058 0 0 0 0
3 0 0.929421 0 0 0 0
4 0 0 0 0 0 0
5 0.007 0.00524667 -0.02 0 -0.5691319 0
6 -0.007 -47.211 5.93 0 0 0
7 -0.007 8.45016 2.68682 0 0 35.18582
8 0 -47.2058 0 0 0 0
9 0 -4.3996 -3.75516 0 0 0
time 527
0 -0.00652074 0 0 0 0 0
1 0.00652074 47.2058 0 0 0 0
2 0 -47.2058 0 0 0 0
3 0 0.929421 0 0 0 0
4 0 0 0 0 0 0
5 0.007 0.00524667 -0.02 0 -0.562241 0
6 -0.007 -47.211 5.93 0 0 0
7 -0.007 8.45016 2.68682 0 0 35.81413
8 0 -47.2058 0 0 0 0
9 0 -4.3996 -3.75516 0 0 0
time 528
0 -0.00652074 0 0 0 0 0
1 0.00652074 47.2058 0 0 0 0
2 0 -47.2058 0 0 0 0
3 0 0.929421 0 0 0 0
4 0 0 0 0 0 0
5 0.007 0.00524667 -0.02 0 -0.5553501 0
6 -0.007 -47.211 5.93 0 0 0
7 -0.007 8.45016 2.68682 0 0 36.44245
8 0 -47.2058 0 0 0 0
9 0 -4.3996 -3.75516 0 0 0
time 529
0 -0.00652074 0 0 0 0 0
1 0.00652074 47.2058 0 0 0 0
2 0 -47.2058 0 0 0 0
3 0 0.929421 0 0 0 0
4 0 0 0 0 0 0
5 0.007 0.00524667 -0.02 0 -0.548459 0
6 -0.007 -47.211 5.93 0 0 0
7 -0.007 8.45016 2.68682 0 0 37.07078
8 0 -47.2058 0 0 0 0
9 0 -4.3996 -3.75516 0 0 0
time 530
0 -0.00652074 0 0 0 0 0
1 0.00652074 47.2058 0 0 0 0
2 0 -47.2058 0 0 0 0
3 0 0.929421 0 0 0 0
4 0 0 0 0 0 0
5 0.007 0.00524667 -0.02 0 -0.541568 0
6 -0.007 -47.211 5.93 0 0 0
7 -0.007 8.45016 2.68682 0 0 37.6991
8 0 -47.2058 0 0 0 0
9 0 -4.3996 -3.75516 0 0 0
time 531
0 -0.00652074 0 0 0 0 0
1 0.00652074 47.2058 0 0 0 0
2 0 -47.2058 0 0 0 0
3 0 0.929421 0 0 0 0
4 0 0 0 0 0 0
5 0.007 0.00524667 -0.02 0 -0.5346768 0
6 -0.007 -47.211 5.93 0 0 0
7 -0.007 8.45016 2.68682 0 0 38.32742
8 0 -47.2058 0 0 0 0
9 0 -4.3996 -3.75516 0 0 0
time 532
0 -0.00652074 0 0 0 0 0
1 0.00652074 47.2058 0 0 0 0
2 0 -47.2058 0 0 0 0
3 0 0.929421 0 0 0 0
4 0 0 0 0 0 0
5 0.007 0.00524667 -0.02 0 -0.5277857 0
6 -0.007 -47.211 5.93 0 0 0
7 -0.007 8.45016 2.68682 0 0 38.95573
8 0 -47.2058 0 0 0 0
9 0 -4.3996 -3.75516 0 0 0
time 533
0 -0.00652074 0 0 0 0 0
1 0.00652074 47.2058 0 0 0 0
2 0 -47.2058 0 0 0 0
3 0 0.929421 0 0 0 0
4 0 0 0 0 0 0
5 0.007 0.00524667 -0.02 0 -0.5208946 0
6 -0.007 -47.211 5.93 0 0 0
7 -0.007 8.45016 2.68682 0 0 39.58403
8 0 -47.2058 0 0 0 0
9 0 -4.3996 -3.75516 0 0 0
time 534
0 -0.00652074 0 0 0 0 0
1 0.00652074 47.2058 0 0 0 0
2 0 -47.2058 0 0 0 0
3 0 0.929421 0 0 0 0
4 0 0 0 0 0 0
5 0.007 0.00524667 -0.02 0 -0.5140033 0
6 -0.007 -47.211 5.93 0 0 0
7 -0.007 8.45016 2.68682 0 0 40.21235
8 0 -47.2058 0 0 0 0
9 0 -4.3996 -3.75516 0 0 0
time 535
0 -0.00652074 0 0 0 0 0
1 0.00652074 47.2058 0 0 0 0
2 0 -47.2058 0 0 0 0
3 0 0.929421 0 0 0 0
4 0 0 0 0 0 0
5 0.007 0.00524667 -0.02 0 -0.507112 0
6 -0.007 -47.211 5.93 0 0 0
7 -0.007 8.45016 2.68682 0 0 40.84068
8 0 -47.2058 0 0 0 0
9 0 -4.3996 -3.75516 0 0 0
time 536
0 -0.00652074 0 0 0 0 0
1 0.00652074 47.2058 0 0 0 0
2 0 -47.2058 0 0 0 0
3 0 0.929421 0 0 0 0
4 0 0 0 0 0 0
5 0.007 0.00524667 -0.02 0 -0.5002207 0
6 -0.007 -47.211 5.93 0 0 0
7 -0.007 8.45016 2.68682 0 0 41.46901
8 0 -47.2058 0 0 0 0
9 0 -4.3996 -3.75516 0 0 0
time 537
0 -0.00652074 0 0 0 0 0
1 0.00652074 47.2058 0 0 0 0
2 0 -47.2058 0 0 0 0
3 0 0.929421 0 0 0 0
4 0 0 0 0 0 0
5 0.007 0.00524667 -0.02 0 -0.4933291 0
6 -0.007 -47.211 5.93 0 0 0
7 -0.007 8.45016 2.68682 0 0 42.09734
8 0 -47.2058 0 0 0 0
9 0 -4.3996 -3.75516 0 0 0
time 538
0 -0.00652074 0 0 0 0 0
1 0.00652074 47.2058 0 0 0 0
2 0 -47.2058 0 0 0 0
3 0 0.929421 0 0 0 0
4 0 0 0 0 0 0
5 0.007 0.00524667 -0.02 0 -0.4864377 0
6 -0.007 -47.211 5.93 0 0 0
7 -0.007 8.45016 2.68682 0 0 42.72566
8 0 -47.2058 0 0 0 0
9 0 -4.3996 -3.75516 0 0 0
time 539
0 -0.00652074 0 0 0 0 0
1 0.00652074 47.2058 0 0 0 0
2 0 -47.2058 0 0 0 0
3 0 0.929421 0 0 0 0
4 0 0 0 0 0 0
5 0.007 0.00524667 -0.02 0 -0.4795462 0
6 -0.007 -47.211 5.93 0 0 0
7 -0.007 8.45016 2.68682 0 0 43.35397
8 0 -47.2058 0 0 0 0
9 0 -4.3996 -3.75516 0 0 0
end
