# Created by MKDS Course Modifier
mtllib thunder_jugem.mtl
g polygon0
usemtl mat_koura
v 6.09375 14.50024 -2.829102
v 7.148438 9.019775 -2.143555
v 6.003906 14.21313 -5.264648
v 6.015625 7.769775 -6.74707
v 4.001953 12.10376 -9.836914
v 3.4375 7.299072 -9.790039
v 0 8.912354 -11.65332
v 0 4.5354 -9.131836
v -3.4375 7.299072 -9.790039
v -3.380859 4.554932 -7.352539
v -6.015625 7.769775 -6.74707
v -5.369141 4.404541 -3.325195
v -7.148438 9.019775 -2.143555
vn 0.4726563 -0.8769531 -0.08789063
vn -0.02734375 -0.9882813 -0.15625
vn 0.3964844 -0.8691406 -0.296875
vn -0.2246094 -0.8808594 -0.4179688
vn 0.1777344 -0.6269531 -0.7578125
vn -0.3691406 -0.5351563 -0.7597656
vn -0.1542969 0 -0.9882813
vn -0.6972656 0 -0.7167969
vn -0.3691406 0.5351563 -0.7597656
vn -0.7011719 0.5234375 -0.484375
vn -0.2246094 0.8808594 -0.4179688
vn -0.609375 0.7441406 -0.2734375
vn -0.02734375 0.9882813 -0.15625
vt NaN 0
vt NaN 0
vt NaN 0
vt NaN 0
vt NaN 0
vt NaN 0
vt NaN 0
vt NaN 0
vt NaN 0
vt NaN 0
vt NaN 0
vt NaN 0
vt NaN 0
f 1/1/1 2/2/2 3/3/3
f 2/2/2 4/4/4 3/3/3
f 3/3/3 4/4/4 5/5/5
f 4/4/4 6/6/6 5/5/5
f 5/5/5 6/6/6 7/7/7
f 6/6/6 8/8/8 7/7/7
f 7/7/7 8/8/8 9/9/9
f 8/8/8 10/10/10 9/9/9
f 9/9/9 10/10/10 11/11/11
f 10/10/10 12/12/12 11/11/11
f 11/11/11 12/12/12 13/13/13
v 6.09375 14.50024 -2.829102
v 6.003906 14.21313 -5.264648
v 2.646484 17.55493 -4.520508
v 2.708984 16.0061 -8.204102
v -2.708984 16.0061 -8.204102
v 0 13.05103 -11.06738
v -4.001953 12.10376 -9.836914
v 0 8.912354 -11.65332
v -3.4375 7.299072 -9.790039
vn 0.4726563 -0.8769531 -0.08789063
vn 0.3964844 -0.8691406 -0.296875
vn 0.8789063 -0.3574219 -0.3144531
vn 0.7089844 -0.375 -0.5976563
vn 0.7597656 0.3144531 -0.5683594
vn 0.40625 0 -0.9140625
vn 0.1777344 0.6269531 -0.7578125
vn -0.1542969 0 -0.9882813
vn -0.3691406 0.5351563 -0.7597656
vt NaN 0
vt NaN 0
vt NaN 0
vt NaN 0
vt NaN 0
vt NaN 0
vt NaN 0
vt NaN 0
vt NaN 0
f 14/14/14 15/15/15 16/16/16
f 15/15/15 17/17/17 16/16/16
f 16/16/16 17/17/17 18/18/18
f 17/17/17 19/19/19 18/18/18
f 18/18/18 19/19/19 20/20/20
f 19/19/19 21/21/21 20/20/20
f 20/20/20 21/21/21 22/22/22
v -5.369141 4.404541 -3.325195
v -3.380859 4.554932 -7.352539
v 0 2.203369 -4.918945
v 0 4.5354 -9.131836
v 3.380859 4.554932 -7.352539
v 3.4375 7.299072 -9.790039
v 6.015625 7.769775 -6.74707
vn -0.609375 0.7441406 -0.2734375
vn -0.7011719 0.5234375 -0.484375
vn -0.9238281 0 -0.3828125
vn -0.6972656 0 -0.7167969
vn -0.7011719 -0.5234375 -0.484375
vn -0.3691406 -0.5351563 -0.7597656
vn -0.2246094 -0.8808594 -0.4179688
vt NaN 0
vt NaN 0
vt NaN 0
vt NaN 0
vt NaN 0
vt NaN 0
vt NaN 0
f 23/23/23 24/24/24 25/25/25
f 24/24/24 26/26/26 25/25/25
f 25/25/25 26/26/26 27/27/27
f 26/26/26 28/28/28 27/27/27
f 27/27/27 28/28/28 29/29/29
v 2.646484 17.55493 -4.520508
v -2.708984 16.0061 -8.204102
v -2.646484 17.55493 -4.520508
v -6.003906 14.21313 -5.264648
v -6.09375 14.50024 -2.829102
v -7.148438 9.019775 -2.143555
vn 0.8789063 -0.3574219 -0.3144531
vn 0.7597656 0.3144531 -0.5683594
vn 0.8359375 0.4746094 -0.2792969
vn 0.3964844 0.8691406 -0.296875
vn 0.4726563 0.8769531 -0.08789063
vn -0.02734375 0.9882813 -0.15625
vt NaN 0
vt NaN 0
vt NaN 0
vt NaN 0
vt NaN 0
vt NaN 0
f 30/30/30 31/31/31 32/32/32
f 31/31/31 33/33/33 32/32/32
f 32/32/32 33/33/33 34/34/34
f 33/33/33 35/35/35 34/34/34
v 0 2.203369 -4.918945
v 3.380859 4.554932 -7.352539
v 5.369141 4.404541 -3.325195
v 6.015625 7.769775 -6.74707
v 7.148438 9.019775 -2.143555
vn -0.9238281 0 -0.3828125
vn -0.7011719 -0.5234375 -0.484375
vn -0.609375 -0.7441406 -0.2734375
vn -0.2246094 -0.8808594 -0.4179688
vn -0.02734375 -0.9882813 -0.15625
vt NaN 0
vt NaN 0
vt NaN 0
vt NaN 0
vt NaN 0
f 36/36/36 37/37/37 38/38/38
f 37/37/37 39/39/39 38/38/38
f 38/38/38 39/39/39 40/40/40
v -2.708984 16.0061 -8.204102
v -4.001953 12.10376 -9.836914
v -6.003906 14.21313 -5.264648
v -6.015625 7.769775 -6.74707
v -7.148438 9.019775 -2.143555
vn 0.7597656 0.3144531 -0.5683594
vn 0.1777344 0.6269531 -0.7578125
vn 0.3964844 0.8691406 -0.296875
vn -0.2246094 0.8808594 -0.4179688
vn -0.02734375 0.9882813 -0.15625
vt NaN 0
vt NaN 0
vt NaN 0
vt NaN 0
vt NaN 0
f 41/41/41 42/42/42 43/43/43
f 42/42/42 44/44/44 43/43/43
f 43/43/43 44/44/44 45/45/45
v 6.003906 14.21313 -5.264648
v 4.001953 12.10376 -9.836914
v 2.708984 16.0061 -8.204102
v 0 13.05103 -11.06738
vn 0.3964844 -0.8691406 -0.296875
vn 0.1777344 -0.6269531 -0.7578125
vn 0.7089844 -0.375 -0.5976563
vn 0.40625 0 -0.9140625
vt NaN 0
vt NaN 0
vt NaN 0
vt NaN 0
f 46/46/46 47/47/47 48/48/48
f 47/47/47 49/49/49 48/48/48
v 0 13.05103 -11.06738
v 4.001953 12.10376 -9.836914
v 0 8.912354 -11.65332
v -6.015625 7.769775 -6.74707
v -4.001953 12.10376 -9.836914
v -3.4375 7.299072 -9.790039
vn 0.40625 0 -0.9140625
vn 0.1777344 -0.6269531 -0.7578125
vn -0.1542969 0 -0.9882813
vn -0.2246094 0.8808594 -0.4179688
vn 0.1777344 0.6269531 -0.7578125
vn -0.3691406 0.5351563 -0.7597656
vt NaN 0
vt NaN 0
vt NaN 0
vt NaN 0
vt NaN 0
vt NaN 0
f 50/50/50 51/51/51 52/52/52
f 53/53/53 54/54/54 55/55/55
g polygon1
usemtl mat_thunder_j
v 3.212891 18.1311 -1.477539
v 6.746094 14.84985 0.3017578
v 6.976563 15.08618 -2.06543
v 8.179688 8.933838 0.6748047
v 8.193359 9.033447 -1.196289
v 6.179688 4.513916 -0.3583984
v 6.115234 4.095947 -2.75293
v 0 1.383057 -2.461914
v 0 1.525635 -4.487305
v -6.115234 4.095947 -2.75293
v -5.369141 4.404541 -3.325195
vn 0.8183594 -0.2988281 0.4902344
vn 0.5 -0.5195313 0.6933594
vn 0.4277344 -0.8710938 -0.2382813
vn -0.06054688 -0.5742188 0.8164063
vn -0.1132813 -0.9042969 -0.4140625
vn -0.640625 -0.5742188 0.5097656
vn -0.5605469 -0.6953125 -0.4492188
vn -0.9726563 0 0.2304688
vn -0.7539063 0 -0.65625
vn -0.5605469 0.6953125 -0.4492188
vn -0.3691406 0.5351563 -0.7597656
vt 1.383301 -0.5026855
vt 1.383789 -0.5024414
vt 1.384277 -0.4692383
vt 1.384766 -0.5021973
vt 1.384277 -0.4692383
vt 1.385254 -0.5024414
vt 1.384277 -0.4692383
vt 1.385742 -0.5029297
vt 1.384277 -0.4692383
vt 1.384277 -0.4692383
vt 1.383789 -0.4458008
f 56/56/56 57/57/57 58/58/58
f 57/57/57 59/59/59 58/58/58
f 58/58/58 59/59/59 60/60/60
f 59/59/59 61/61/61 60/60/60
f 60/60/60 61/61/61 62/62/62
f 61/61/61 63/63/63 62/62/62
f 62/62/62 63/63/63 64/64/64
f 63/63/63 65/65/65 64/64/64
f 64/64/64 65/65/65 66/66/66
v 2.646484 17.55493 -4.520508
v -2.646484 17.55493 -4.520508
v 3.207031 18.39478 -3.993164
v -3.207031 18.39478 -3.993164
v -3.212891 18.1311 -1.477539
v -6.976563 15.08618 -2.06543
v -6.746094 14.84985 0.3017578
v -8.179688 8.933838 0.6748047
vn 0.3652344 -0.2871094 -0.8847656
vn 0.4277344 0.1914063 -0.8828125
vn 0.765625 -0.3222656 -0.5566406
vn 0.6757813 0.4472656 -0.5859375
vn 0.9101563 0.2890625 0.296875
vn 0.4277344 0.8710938 -0.2382813
vn 0.4335938 0.3339844 0.8359375
vn -0.03710938 0.8066406 0.5898438
vt 1.383789 -0.4460449
vt 1.383789 -0.4460449
vt 1.384277 -0.4692383
vt 1.384277 -0.4692383
vt 1.383301 -0.5026855
vt 1.384277 -0.4692383
vt 1.383789 -0.5024414
vt 1.384766 -0.5021973
f 67/67/67 68/68/68 69/69/69
f 68/68/68 70/70/70 69/69/69
f 69/69/69 70/70/70 71/71/71
f 70/70/70 72/72/72 71/71/71
f 71/71/71 72/72/72 73/73/73
f 72/72/72 74/74/74 73/73/73
v 6.746094 14.84985 0.3017578
v -6.746094 14.84985 0.3017578
v 8.179688 8.933838 0.6748047
v -8.179688 8.933838 0.6748047
v -6.179688 4.513916 -0.3583984
vn 0.5 -0.5195313 0.6933594
vn 0.4335938 0.3339844 0.8359375
vn -0.06054688 -0.5742188 0.8164063
vn -0.03710938 0.8066406 0.5898438
vn -0.5917969 0.4863281 0.6425781
vt 0.5908203 -0.4692383
vt 0.4091797 -0.4692383
vt 0.6098633 -0.5070801
vt 0.3901367 -0.5070801
vt 0.4199219 -0.5368652
f 75/75/75 76/76/76 77/77/77
f 76/76/76 78/78/78 77/77/77
f 77/77/77 78/78/78 79/79/79
v 0 1.383057 -2.461914
v -6.179688 4.513916 -0.3583984
v -6.115234 4.095947 -2.75293
v -8.193359 9.033447 -1.196289
v -7.148438 9.019775 -2.143555
vn -0.9726563 0 0.2304688
vn -0.5917969 0.4863281 0.6425781
vn -0.5605469 0.6953125 -0.4492188
vn -0.1132813 0.9042969 -0.4140625
vn -0.01367188 0.6484375 -0.7617188
vt 1.385742 -0.5029297
vt 1.385254 -0.5024414
vt 1.384277 -0.4692383
vt 1.384277 -0.4692383
vt 1.383789 -0.4458008
f 80/80/80 81/81/81 82/82/82
f 81/81/81 83/83/83 82/82/82
f 82/82/82 83/83/83 84/84/84
v -6.179688 4.513916 -0.3583984
v -8.179688 8.933838 0.6748047
v -8.193359 9.033447 -1.196289
v -6.976563 15.08618 -2.06543
v -6.09375 14.50024 -2.829102
vn -0.5917969 0.4863281 0.6425781
vn -0.03710938 0.8066406 0.5898438
vn -0.1132813 0.9042969 -0.4140625
vn 0.4277344 0.8710938 -0.2382813
vn 0.09960938 0.6113281 -0.7851563
vt 1.385254 -0.5024414
vt 1.384766 -0.5021973
vt 1.384277 -0.4692383
vt 1.384277 -0.4692383
vt 1.383789 -0.4458008
f 85/85/85 86/86/86 87/87/87
f 86/86/86 88/88/88 87/87/87
f 87/87/87 88/88/88 89/89/89
v -5.369141 4.404541 -3.325195
v 0 2.203369 -4.918945
v 0 1.525635 -4.487305
v 5.369141 4.404541 -3.325195
v 6.115234 4.095947 -2.75293
vn -0.3691406 0.5351563 -0.7597656
vn -0.5371094 0 -0.84375
vn -0.7539063 0 -0.65625
vn -0.3691406 -0.5351563 -0.7597656
vn -0.5605469 -0.6953125 -0.4492188
vt 1.383789 -0.4458008
vt 1.383789 -0.4460449
vt 1.384277 -0.4692383
vt 1.383789 -0.4458008
vt 1.384277 -0.4692383
f 90/90/90 91/91/91 92/92/92
f 91/91/91 93/93/93 92/92/92
f 92/92/92 93/93/93 94/94/94
v -3.212891 18.1311 -1.477539
v -6.746094 14.84985 0.3017578
v 3.212891 18.1311 -1.477539
v 6.746094 14.84985 0.3017578
vn 0.9101563 0.2890625 0.296875
vn 0.4335938 0.3339844 0.8359375
vn 0.8183594 -0.2988281 0.4902344
vn 0.5 -0.5195313 0.6933594
vt 0.4570313 -0.4504395
vt 0.4091797 -0.4692383
vt 0.5429688 -0.4504395
vt 0.5908203 -0.4692383
f 95/95/95 96/96/96 97/97/97
f 96/96/96 98/98/98 97/97/97
v 8.179688 8.933838 0.6748047
v -6.179688 4.513916 -0.3583984
v 6.179688 4.513916 -0.3583984
v 0 1.383057 -2.461914
vn -0.06054688 -0.5742188 0.8164063
vn -0.5917969 0.4863281 0.6425781
vn -0.640625 -0.5742188 0.5097656
vn -0.9726563 0 0.2304688
vt 0.6098633 -0.5070801
vt 0.4199219 -0.5368652
vt 0.5800781 -0.5368652
vt 0.5 -0.5544434
f 99/99/99 100/100/100 101/101/101
f 100/100/100 102/102/102 101/101/101
v 2.646484 17.55493 -4.520508
v 3.207031 18.39478 -3.993164
v 6.09375 14.50024 -2.829102
v 6.976563 15.08618 -2.06543
vn 0.3652344 -0.2871094 -0.8847656
vn 0.765625 -0.3222656 -0.5566406
vn 0.09960938 -0.6113281 -0.7851563
vn 0.4277344 -0.8710938 -0.2382813
vt 1.383789 -0.4458008
vt 1.384277 -0.4692383
vt 1.383789 -0.4460449
vt 1.384277 -0.4692383
f 103/103/103 104/104/104 105/105/105
f 104/104/104 106/106/106 105/105/105
v -3.212891 18.1311 -1.477539
v 3.212891 18.1311 -1.477539
v 3.207031 18.39478 -3.993164
v 6.976563 15.08618 -2.06543
vn 0.9101563 0.2890625 0.296875
vn 0.8183594 -0.2988281 0.4902344
vn 0.765625 -0.3222656 -0.5566406
vn 0.4277344 -0.8710938 -0.2382813
vt 1.383301 -0.5026855
vt 1.383301 -0.5026855
vt 1.384277 -0.4692383
vt 1.384277 -0.4692383
f 107/107/107 108/108/108 109/109/109
f 108/108/108 110/110/110 109/109/109
v 8.193359 9.033447 -1.196289
v 6.115234 4.095947 -2.75293
v 7.148438 9.019775 -2.143555
v 5.369141 4.404541 -3.325195
vn -0.1132813 -0.9042969 -0.4140625
vn -0.5605469 -0.6953125 -0.4492188
vn -0.01367188 -0.6484375 -0.7617188
vn -0.3691406 -0.5351563 -0.7597656
vt 1.384277 -0.4692383
vt 1.384277 -0.4692383
vt 1.383789 -0.4458008
vt 1.383789 -0.4460449
f 111/111/111 112/112/112 113/113/113
f 112/112/112 114/114/114 113/113/113
v -2.646484 17.55493 -4.520508
v -6.09375 14.50024 -2.829102
v -3.207031 18.39478 -3.993164
v -6.976563 15.08618 -2.06543
vn 0.4277344 0.1914063 -0.8828125
vn 0.09960938 0.6113281 -0.7851563
vn 0.6757813 0.4472656 -0.5859375
vn 0.4277344 0.8710938 -0.2382813
vt 1.383789 -0.4458008
vt 1.383789 -0.4460449
vt 1.384277 -0.4692383
vt 1.384277 -0.4692383
f 115/115/115 116/116/116 117/117/117
f 116/116/116 118/118/118 117/117/117
v 7.148438 9.019775 -2.143555
v 6.09375 14.50024 -2.829102
v 8.193359 9.033447 -1.196289
v 6.976563 15.08618 -2.06543
vn -0.01367188 -0.6484375 -0.7617188
vn 0.09960938 -0.6113281 -0.7851563
vn -0.1132813 -0.9042969 -0.4140625
vn 0.4277344 -0.8710938 -0.2382813
vt 1.383789 -0.4460449
vt 1.383789 -0.4458008
vt 1.384277 -0.4692383
vt 1.384277 -0.4692383
f 119/119/119 120/120/120 121/121/121
f 120/120/120 122/122/122 121/121/121
v -8.193359 9.033447 -1.196289
v -6.09375 14.50024 -2.829102
v -7.148438 9.019775 -2.143555
v -5.369141 4.404541 -3.325195
v -6.115234 4.095947 -2.75293
v -7.148438 9.019775 -2.143555
vn -0.1132813 0.9042969 -0.4140625
vn 0.09960938 0.6113281 -0.7851563
vn -0.01367188 0.6484375 -0.7617188
vn -0.3691406 0.5351563 -0.7597656
vn -0.5605469 0.6953125 -0.4492188
vn -0.01367188 0.6484375 -0.7617188
vt 1.384277 -0.4692383
vt 1.383789 -0.4458008
vt 1.383789 -0.4460449
vt 1.383789 -0.4460449
vt 1.384277 -0.4692383
vt 1.383789 -0.4458008
f 123/123/123 124/124/124 125/125/125
f 126/126/126 127/127/127 128/128/128
g polygon2
usemtl mat_thunder_j
v -5.615234 25.17358 -0.2524414
v -7.396484 24.99194 5.313965
v -6.136719 26.46851 5.313965
v -4.787109 26.33374 9.688965
v -4.810547 31.84741 5.374512
v -3.042969 31.9314 9.425293
v 0 33.96265 5.333496
v 3.042969 31.9314 9.425293
v 4.810547 31.84741 5.374512
v 4.787109 26.33374 9.688965
v 6.136719 26.46851 5.313965
v 7.396484 24.99194 5.313965
v 5.615234 25.17358 -0.2524414
v 8.226563 23.08569 5.313965
vn 0.3652344 0.7441406 -0.5605469
vn 0.5410156 0.8398438 0.02929688
vn 0.5195313 0.8515625 -0.05273438
vn 0.5195313 0.6640625 0.5371094
vn 0.5195313 0.8515625 -0.05273438
vn 0.6171875 0.3867188 0.6855469
vn 0.9980469 0 -0.02734375
vn 0.6171875 -0.3867188 0.6855469
vn 0.546875 -0.8359375 -0.06054688
vn 0.5195313 -0.6640625 0.5371094
vn 0.546875 -0.8359375 -0.06054688
vn 0.5410156 -0.8398438 0.02929688
vn 0.3652344 -0.7441406 -0.5605469
vn 0.1953125 -0.9785156 0.06835938
vt 0.640625 1.691895
vt 0.6391602 1.691895
vt 0.6391602 1.689941
vt 0.6381836 1.689941
vt 0.6391602 1.687988
vt 0.6381836 1.687988
vt 0.6357422 1.685791
vt 0.6381836 1.687988
vt 0.6391602 1.687988
vt 0.6381836 1.689941
vt 0.6391602 1.689941
vt 0.6391602 1.691895
vt 0.640625 1.691895
vt 0.6391602 1.692383
f 129/129/129 130/130/130 131/131/131
f 130/130/130 132/132/132 131/131/131
f 131/131/131 132/132/132 133/133/133
f 132/132/132 134/134/134 133/133/133
f 133/133/133 134/134/134 135/135/135
f 134/134/134 136/136/136 135/135/135
f 135/135/135 136/136/136 137/137/137
f 136/136/136 138/138/138 137/137/137
f 137/137/137 138/138/138 139/139/139
f 138/138/138 140/140/140 139/139/139
f 139/139/139 140/140/140 141/141/141
f 140/140/140 142/142/142 141/141/141
v 5.912109 21.84937 11.6167
v 5.347656 19.3689 10.53857
v 8.167969 20.56226 5.313965
v 6.714844 18.56616 5.312012
v 5.404297 21.60718 -0.6098633
v 3.416016 19.27319 -0.5766602
v 0 22.23022 -3.469238
v -3.416016 19.27319 -0.5766602
v -5.404297 21.60718 -0.6098633
v -6.714844 18.56616 5.312012
v -8.167969 20.56226 5.313965
v -5.347656 19.3689 10.53857
v -5.912109 21.84937 11.6167
vn -0.02148438 -0.6835938 0.7304688
vn -0.6835938 -0.5839844 0.4394531
vn -0.2832031 -0.9570313 -0.05273438
vn -0.8085938 -0.5820313 -0.09765625
vn -0.3066406 -0.6894531 -0.65625
vn -0.7578125 -0.2929688 -0.5820313
vn -0.1582031 0 -0.9882813
vn -0.7578125 0.2929688 -0.5820313
vn -0.3066406 0.6894531 -0.65625
vn -0.8085938 0.5820313 -0.09765625
vn -0.2832031 0.9570313 -0.05273438
vn -0.6835938 0.5839844 0.4394531
vn -0.02148438 0.6835938 0.7304688
vt 0.6210938 -0.2419434
vt 0.5610352 -0.2341309
vt 0.5708008 -0.234375
vt 0.5053711 -0.2382813
vt 0.5776367 -0.2336426
vt 0.5053711 -0.237793
vt 0.5751953 -0.2331543
vt 0.5053711 -0.237793
vt 0.5776367 -0.2336426
vt 0.5053711 -0.2382813
vt 0.5708008 -0.234375
vt 0.5610352 -0.2341309
vt 0.6210938 -0.2419434
f 143/143/143 144/144/144 145/145/145
f 144/144/144 146/146/146 145/145/145
f 145/145/145 146/146/146 147/147/147
f 146/146/146 148/148/148 147/147/147
f 147/147/147 148/148/148 149/149/149
f 148/148/148 150/150/150 149/149/149
f 149/149/149 150/150/150 151/151/151
f 150/150/150 152/152/152 151/151/151
f 151/151/151 152/152/152 153/153/153
f 152/152/152 154/154/154 153/153/153
f 153/153/153 154/154/154 155/155/155
v 0 2.516113 -2.046143
v -2 2.842285 5.05542
v -5.175781 4.990723 -2.026611
v -3.878906 5.594238 6.49292
v -6.689453 6.736816 4.465576
v -4.982422 8.852051 8.031982
v -7.542969 9.074707 3.733154
v -4.820313 12.85205 8.104248
v -6.976563 12.81494 3.463623
v -4.257813 15.98096 7.030029
v -4.876953 16.85596 1.973389
vn -1 0 -0.04101563
vn -0.8789063 0.3457031 0.3300781
vn -0.6347656 0.7714844 -0.03710938
vn -0.6621094 0.5429688 0.5175781
vn -0.5273438 0.7910156 0.3085938
vn -0.2734375 0.5820313 0.765625
vn -0.08398438 0.9824219 0.1679688
vn 0.1835938 0.5761719 0.796875
vn 0.3066406 0.9453125 0.109375
vn 0.4902344 0.6035156 0.6289063
vn 0.4609375 0.8496094 -0.2578125
vt 1.17334 -0.5087891
vt 1.084961 -0.4863281
vt 1.188965 -0.4689941
vt 1.074219 -0.4592285
vt 1.089844 -0.4460449
vt 1.012207 -0.4165039
vt 1.104492 -0.4174805
vt 1.004883 -0.3781738
vt 1.11084 -0.380127
vt 1.003906 -0.3425293
vt 1.146973 -0.3256836
f 156/156/156 157/157/157 158/158/158
f 157/157/157 159/159/159 158/158/158
f 158/158/158 159/159/159 160/160/160
f 159/159/159 161/161/161 160/160/160
f 160/160/160 161/161/161 162/162/162
f 161/161/161 163/163/163 162/162/162
f 162/162/162 163/163/163 164/164/164
f 163/163/163 165/165/165 164/164/164
f 164/164/164 165/165/165 166/166/166
v 0 17.48486 -2.868408
v 4.876953 16.85596 1.973389
v 6.482422 9.480957 -1.686768
v 6.976563 12.81494 3.463623
v 7.542969 9.074707 3.733154
v 4.820313 12.85205 8.104248
v 4.982422 8.852051 8.031982
v 0 8.852051 9.520264
v 0 4.990723 7.780029
v -4.982422 8.852051 8.031982
vn 0.4453125 -0.6601563 -0.6054688
vn 0.4609375 -0.8496094 -0.2578125
vn 0.1777344 -0.921875 -0.3457031
vn 0.3066406 -0.9453125 0.109375
vn -0.08398438 -0.9824219 0.1679688
vn 0.1835938 -0.5761719 0.796875
vn -0.2734375 -0.5820313 0.765625
vn -0.1308594 0 0.9921875
vn -0.5488281 0 0.8359375
vn -0.2734375 0.5820313 0.765625
vt 1.235352 -0.3327637
vt 1.146973 -0.3256836
vt 1.194824 -0.4177246
vt 1.11084 -0.380127
vt 1.104492 -0.4174805
vt 1.004883 -0.3781738
vt 1.012207 -0.4165039
vt 0.9956055 -0.4162598
vt 0.9956055 -0.4650879
vt 1.012207 -0.4165039
f 167/167/167 168/168/168 169/169/169
f 168/168/168 170/170/170 169/169/169
f 169/169/169 170/170/170 171/171/171
f 170/170/170 172/172/172 171/171/171
f 171/171/171 172/172/172 173/173/173
f 172/172/172 174/174/174 173/173/173
f 173/173/173 174/174/174 175/175/175
f 174/174/174 176/176/176 175/175/175
v -6.008057 -1.326904 1.247559
v -5.748291 7.878174 1.597168
v -1.951416 -1.326904 1.247559
v -2.398682 7.860596 1.597168
v -1.951416 -1.326904 5.413574
v -2.420166 7.860596 4.95459
v -6.008057 -1.326904 5.413574
v -5.715088 7.878174 4.962402
v -6.008057 -1.326904 1.247559
v -5.748291 7.878174 1.597168
vn 0.2773438 -0.75 0.5996094
vn 0.046875 -0.4492188 0.8925781
vn 0.21875 0.5507813 0.8046875
vn 0.02539063 0.9160156 0.3984375
vn 0.4335938 0.8261719 -0.3613281
vn 0.06640625 0.4453125 -0.8925781
vn 0.546875 -0.6191406 -0.5644531
vn 0.04882813 -0.890625 -0.4511719
vn 0.2773438 -0.75 0.5996094
vn 0.046875 -0.4492188 0.8925781
vt 0.2524414 -0.7766113
vt 0.640625 -0.776123
vt 0.2524414 -0.7734375
vt 0.640625 -0.7736816
vt 0.2524414 -0.7734375
vt 0.640625 -0.7741699
vt 0.2524414 -0.7766113
vt 0.640625 -0.776123
vt 0.2524414 -0.7766113
vt 0.640625 -0.776123
f 177/177/177 178/178/178 179/179/179
f 178/178/178 180/180/180 179/179/179
f 179/179/179 180/180/180 181/181/181
f 180/180/180 182/182/182 181/181/181
f 181/181/181 182/182/182 183/183/183
f 182/182/182 184/184/184 183/183/183
f 183/183/183 184/184/184 185/185/185
f 184/184/184 186/186/186 185/185/185
v 5.748291 7.878174 1.597168
v 1.951416 -1.326904 1.247559
v 2.398682 7.860596 1.597168
v 1.951416 -1.326904 5.413574
v 2.420166 7.860596 4.95459
v 6.008057 -1.326904 5.413574
v 5.715088 7.878174 4.962402
v 6.008057 -1.326904 1.247559
v 5.748291 7.878174 1.597168
v 1.951416 -1.326904 1.247559
vn -0.046875 0.4492188 -0.8925781
vn -0.21875 -0.5507813 -0.8046875
vn -0.02539063 -0.9160156 -0.3984375
vn -0.4335938 -0.8261719 0.3613281
vn -0.06640625 -0.4453125 0.8925781
vn -0.546875 0.6191406 0.5644531
vn -0.04882813 0.890625 0.4511719
vn -0.2773438 0.75 -0.5996094
vn -0.046875 0.4492188 -0.8925781
vn -0.21875 -0.5507813 -0.8046875
vt 0.640625 -0.776123
vt 0.2524414 -0.7734375
vt 0.640625 -0.7736816
vt 0.2524414 -0.7734375
vt 0.640625 -0.7741699
vt 0.2524414 -0.7766113
vt 0.640625 -0.776123
vt 0.2524414 -0.7766113
vt 0.640625 -0.776123
vt 0.2524414 -0.7734375
f 187/187/187 188/188/188 189/189/189
f 188/188/188 190/190/190 189/189/189
f 189/189/189 190/190/190 191/191/191
f 190/190/190 192/192/192 191/191/191
f 191/191/191 192/192/192 193/193/193
f 192/192/192 194/194/194 193/193/193
f 193/193/193 194/194/194 195/195/195
f 194/194/194 196/196/196 195/195/195
v 0 26.99194 13.19092
v 0 24.69702 6.790527
v -1.380859 26.16772 13.31982
v -1.058594 25.04663 13.53857
v 0 26.22827 14.17139
v 1.058594 25.04663 13.53857
v 1.380859 26.16772 13.31982
v 0 24.69702 6.790527
v 0 26.99194 13.19092
vn 0.9785156 0 0.2109375
vn 0.03320313 0 -1
vn 0.4394531 0.828125 0.3476563
vn -0.6210938 0.5214844 0.5839844
vn 0.2695313 0 0.9628906
vn -0.6210938 -0.5214844 0.5839844
vn 0.4394531 -0.828125 0.3476563
vn 0.03320313 0 -1
vn 0.9785156 0 0.2109375
vt 0.6328125 1.689941
vt 0.6357422 1.697998
vt 0.6342773 1.689941
vt 0.6357422 1.689941
vt 0.6357422 1.685791
vt 0.637207 1.689941
vt 0.6391602 1.689941
vt 0.6357422 1.697998
vt 0.640625 1.689941
f 197/197/197 198/198/198 199/199/199
f 198/198/198 200/200/200 199/199/199
f 199/199/199 200/200/200 201/201/201
f 200/200/200 202/202/202 201/201/201
f 201/201/201 202/202/202 203/203/203
f 202/202/202 204/204/204 203/203/203
f 203/203/203 204/204/204 205/205/205
v 3.654297 17.94116 8.741699
v 1.927734 19.98608 12.94482
v 1.847656 18.54468 9.376465
v 1.011719 18.00952 10.31787
v -1.011719 18.00952 10.31787
v -1.927734 19.98608 12.94482
v -1.847656 18.54468 9.376465
v -3.654297 17.94116 8.741699
v 0 16.63257 5.312012
vn -0.9296875 -0.1308594 0.3457031
vn -0.6601563 -0.2480469 0.7089844
vn -0.9921875 -0.08007813 0.1035156
vn -0.9335938 -0.2109375 0.2871094
vn -0.9746094 0.2148438 -0.04296875
vn -0.6835938 0.2148438 0.6972656
vn -0.9667969 0.09375 0.234375
vn -0.9296875 0.1308594 0.3457031
vn -0.9960938 0 0.078125
vt 0.5048828 -0.2385254
vt 0.5610352 -0.2348633
vt 0.4941406 -0.2387695
vt 0.5341797 -0.2387695
vt 0.5341797 -0.2387695
vt 0.5610352 -0.2348633
vt 0.4941406 -0.2387695
vt 0.5048828 -0.2385254
vt 0.5048828 -0.2375488
f 206/206/206 207/207/207 208/208/208
f 207/207/207 209/209/209 208/208/208
f 208/208/208 209/209/209 210/210/210
f 209/209/209 211/211/211 210/210/210
f 210/210/210 211/211/211 212/212/212
f 211/211/211 213/213/213 212/212/212
f 212/212/212 213/213/213 214/214/214
v -2 2.842285 5.05542
v 2 2.842285 5.05542
v 0 4.990723 7.780029
v 3.878906 5.594238 6.49292
v 4.982422 8.852051 8.031982
v 6.689453 6.736816 4.465576
v 7.542969 9.074707 3.733154
v 5.175781 4.990723 -2.026611
v 6.482422 9.480957 -1.686768
vn -0.8789063 0.3457031 0.3300781
vn -0.8789063 -0.3457031 0.3300781
vn -0.5488281 0 0.8359375
vn -0.6621094 -0.5429688 0.5175781
vn -0.2734375 -0.5820313 0.765625
vn -0.5273438 -0.7910156 0.3085938
vn -0.08398438 -0.9824219 0.1679688
vn -0.6347656 -0.7714844 -0.03710938
vn 0.1777344 -0.921875 -0.3457031
vt 0.9199219 -0.4863281
vt 1.084961 -0.4863281
vt 0.9956055 -0.4650879
vt 1.074219 -0.4592285
vt 1.012207 -0.4165039
vt 1.089844 -0.4460449
vt 1.104492 -0.4174805
vt 1.188965 -0.4689941
vt 1.194824 -0.4177246
f 215/215/215 216/216/216 217/217/217
f 216/216/216 218/218/218 217/217/217
f 217/217/217 218/218/218 219/219/219
f 218/218/218 220/220/220 219/219/219
f 219/219/219 220/220/220 221/221/221
f 220/220/220 222/222/222 221/221/221
f 221/221/221 222/222/222 223/223/223
v 6.921875 12.9187 1.662598
v 6.927734 12.91479 5.027832
v 4.232422 12.77026 3.312988
v 4.224609 15.89136 4.82666
v 3.376953 14.11987 3.348145
v 4.224609 15.89136 1.887207
v 4.232422 12.77026 3.312988
v 6.921875 12.9187 1.662598
vn 0.5585938 -0.3769531 -0.7382813
vn 0.171875 -0.5546875 0.8144531
vn -0.6347656 -0.7734375 -0.001953125
vn -0.6035156 0.4257813 0.6738281
vn -0.9902344 -0.1347656 0.001953125
vn -0.6425781 0.1894531 -0.7421875
vn -0.6347656 -0.7734375 -0.001953125
vn 0.5585938 -0.3769531 -0.7382813
vt 0.2768555 -0.4936523
vt 0.2783203 -0.4912109
vt 0.3359375 -0.4873047
vt 0.3237305 -0.4680176
vt 0.3652344 -0.4748535
vt 0.3237305 -0.4680176
vt 0.3359375 -0.4863281
vt 0.2768555 -0.4936523
f 224/224/224 225/225/225 226/226/226
f 225/225/225 227/227/227 226/226/226
f 226/226/226 227/227/227 228/228/228
f 227/227/227 229/229/229 228/228/228
f 228/228/228 229/229/229 230/230/230
f 229/229/229 231/231/231 230/230/230
v 9.128662 13.03394 1.64502
v 8.861084 16.07886 1.734863
v 12.79272 16.10425 1.760254
v 10.1814 16.08081 5.02002
v 12.79272 16.10425 5.023926
v 10.2146 13.03394 4.82666
v 12.79272 13.25854 4.758301
v 12.79272 13.30542 1.768066
vn 0.03125 -0.5390625 -0.8417969
vn -0.03515625 0.5761719 -0.8164063
vn -0.08203125 0.7578125 -0.6464844
vn -0.0625 0.84375 0.5332031
vn -0.07226563 0.6367188 0.7675781
vn 0.0234375 -0.8164063 0.5761719
vn -0.1855469 -0.8789063 0.4414063
vn 0.04882813 -0.8164063 -0.5761719
vt 0.4458008 -0.229248
vt 0.4492188 -0.2231445
vt 0.2504883 -0.2231445
vt 0.3828125 -0.2216797
vt 0.2504883 -0.2231445
vt 0.3818359 -0.2277832
vt 0.2504883 -0.2287598
vt 0.2504883 -0.2285156
f 232/232/232 233/233/233 234/234/234
f 233/233/233 235/235/235 234/234/234
f 234/234/234 235/235/235 236/236/236
f 235/235/235 237/237/237 236/236/236
f 236/236/236 237/237/237 238/238/238
f 237/237/237 239/239/239 238/238/238
v -3.416016 19.27319 -0.5766602
v 3.416016 19.27319 -0.5766602
v 0 16.63257 5.312012
v 6.714844 18.56616 5.312012
v 3.654297 17.94116 8.741699
v 5.347656 19.3689 10.53857
v 1.927734 19.98608 12.94482
vn -0.7578125 0.2929688 -0.5820313
vn -0.7578125 -0.2929688 -0.5820313
vn -0.9960938 0 0.078125
vn -0.8085938 -0.5820313 -0.09765625
vn -0.9296875 -0.1308594 0.3457031
vn -0.6835938 -0.5839844 0.4394531
vn -0.6601563 -0.2480469 0.7089844
vt 0.5053711 -0.237793
vt 0.5053711 -0.237793
vt 0.5048828 -0.2375488
vt 0.5053711 -0.2382813
vt 0.5048828 -0.2385254
vt 0.5610352 -0.2341309
vt 0.5610352 -0.2348633
f 240/240/240 241/241/241 242/242/242
f 241/241/241 243/243/243 242/242/242
f 242/242/242 243/243/243 244/244/244
f 243/243/243 245/245/245 244/244/244
f 244/244/244 245/245/245 246/246/246
v -12.7937 16.10376 1.760254
v -16.20386 15.61353 0.7856445
v -16.37183 16.81274 3.621582
v -20.77808 15.12524 1.479004
v -20.77808 15.12524 5.29541
v -15.69019 13.44165 3.752441
v -16.05347 14.5979 5.73877
vn 0.1210938 -0.7011719 0.703125
vn 0.005859375 -0.4550781 0.890625
vn -0.09375 -0.9863281 -0.1289063
vn -0.5722656 0.2792969 0.7695313
vn -0.5507813 0.1308594 -0.8242188
vn -0.3339844 0.9394531 0.0859375
vn -0.5722656 -0.5605469 -0.5976563
vt 0.434082 -0.3061523
vt 0.3457031 -0.3186035
vt 0.3823242 -0.2746582
vt 0.2568359 -0.3100586
vt 0.2563477 -0.2407227
vt 0.4003906 -0.2722168
vt 0.3662109 -0.2331543
f 247/247/247 248/248/248 249/249/249
f 248/248/248 250/250/250 249/249/249
f 249/249/249 250/250/250 251/251/251
f 250/250/250 252/252/252 251/251/251
f 251/251/251 252/252/252 253/253/253
v -6.543213 -5.862061 2.050293
v -7.427979 -3.594482 1.876465
v -4.01001 -5.862061 -0.1508789
v -4.037354 -3.594482 -0.1762695
v -1.093994 -3.594482 1.876465
v -1.951416 -1.326904 1.247559
v -1.951416 -1.326904 5.413574
vn -0.7636719 -0.6171875 0.1933594
vn 0.1015625 -0.8574219 0.5039063
vn -0.4433594 0.02734375 0.8964844
vn 0.1386719 0.02539063 0.9902344
vn 0.02539063 0.9160156 0.3984375
vn 0.21875 0.5507813 0.8046875
vn 0.4335938 0.8261719 -0.3613281
vt 0.6313477 1.697998
vt 0.6323242 1.695068
vt 0.6318359 1.697998
vt 0.6328125 1.695068
vt 0.6337891 1.695068
vt 0.6342773 1.691895
vt 0.6357422 1.691895
f 254/254/254 255/255/255 256/256/256
f 255/255/255 257/257/257 256/256/256
f 256/256/256 257/257/257 258/258/258
f 257/257/257 259/259/259 258/258/258
f 258/258/258 259/259/259 260/260/260
v 5.912109 21.84937 11.6167
v 5.751953 24.4314 10.75732
v 0 25.20093 13.04443
v 4.787109 26.33374 9.688965
v 0 26.22046 11.41553
v 3.042969 31.9314 9.425293
v -3.042969 31.9314 9.425293
vn -0.02148438 -0.6835938 0.7304688
vn 0.4023438 -0.7382813 0.5429688
vn 0.5175781 0 0.8554688
vn 0.5195313 -0.6640625 0.5371094
vn 0.5175781 0 0.8554688
vn 0.6171875 -0.3867188 0.6855469
vn 0.6171875 0.3867188 0.6855469
vt 0.5649414 1.717285
vt 0.5283203 1.73999
vt 0.5151367 1.760498
vt 0.5244141 1.743164
vt 0.5126953 1.76001
vt 0.5107422 1.741699
vt 0.5107422 1.741699
f 261/261/261 262/262/262 263/263/263
f 262/262/262 264/264/264 263/263/263
f 263/263/263 264/264/264 265/265/265
f 264/264/264 266/266/266 265/265/265
f 265/265/265 266/266/266 267/267/267
v -5.404297 21.60718 -0.6098633
v -8.167969 20.56226 5.313965
v -5.615234 25.17358 -0.2524414
v -8.226563 23.08569 5.313965
v -7.396484 24.99194 5.313965
v -5.751953 24.4314 10.75732
v -4.787109 26.33374 9.688965
vn -0.3066406 0.6894531 -0.65625
vn -0.2832031 0.9570313 -0.05273438
vn 0.3652344 0.7441406 -0.5605469
vn 0.1953125 0.9785156 0.06835938
vn 0.5410156 0.8398438 0.02929688
vn 0.4023438 0.7382813 0.5429688
vn 0.5195313 0.6640625 0.5371094
vt 0.640625 1.692871
vt 0.6391602 1.692871
vt 0.640625 1.691895
vt 0.6391602 1.692383
vt 0.6391602 1.691895
vt 0.6381836 1.691895
vt 0.6381836 1.689941
f 268/268/268 269/269/269 270/270/270
f 269/269/269 271/271/271 270/270/270
f 270/270/270 271/271/271 272/272/272
f 271/271/271 273/273/273 272/272/272
f 272/272/272 273/273/273 274/274/274
v -4.845703 15.81494 7.281982
v 0 14.979 10.0144
v 0 17.14502 9.100342
v 4.845703 15.81494 7.281982
v 0 22.88721 4.36792
v 5.552734 16.67041 1.780029
v 0 17.49268 -3.167236
vn 0.546875 0.5683594 0.6152344
vn 0.3574219 0 0.9335938
vn 0.5175781 0 0.8554688
vn 0.546875 -0.5683594 0.6152344
vn 0.9785156 0 0.2109375
vn 0.6933594 -0.703125 -0.1601563
vn 0.8125 0 -0.5820313
vt 0.03271484 -0.3188477
vt 0.01269531 -0.3190918
vt 0.02148438 -0.293457
vt 0.03271484 -0.3188477
vt 0.04833984 -0.2229004
vt 0.1899414 -0.3188477
vt 0.2182617 -0.3161621
f 275/275/275 276/276/276 277/277/277
f 276/276/276 278/278/278 277/277/277
f 277/277/277 278/278/278 279/279/279
f 278/278/278 280/280/280 279/279/279
f 279/279/279 280/280/280 281/281/281
v -4.982422 8.852051 8.031982
v 0 8.852051 9.520264
v -4.820313 12.85205 8.104248
v 0 12.69971 9.39917
v 0 15.48291 8.496826
v 4.820313 12.85205 8.104248
v 4.257813 15.98096 7.030029
vn -0.2734375 0.5820313 0.765625
vn -0.1308594 0 0.9921875
vn 0.1835938 0.5761719 0.796875
vn 0.171875 0 0.984375
vn 0.4375 0 0.9003906
vn 0.1835938 -0.5761719 0.796875
vn 0.4902344 -0.6035156 0.6289063
vt 1.012207 -0.4165039
vt 0.9956055 -0.4162598
vt 1.004883 -0.3781738
vt 0.9956055 -0.3791504
vt 0.9956055 -0.3469238
vt 1.004883 -0.3781738
vt 1.003906 -0.3425293
f 282/282/282 283/283/283 284/284/284
f 283/283/283 285/285/285 284/284/284
f 284/284/284 285/285/285 286/286/286
f 285/285/285 287/287/287 286/286/286
f 286/286/286 287/287/287 288/288/288
v 5.404297 21.60718 -0.6098633
v 5.615234 25.17358 -0.2524414
v 8.167969 20.56226 5.313965
v 8.226563 23.08569 5.313965
v 5.912109 21.84937 11.6167
v 5.751953 24.4314 10.75732
vn -0.3066406 -0.6894531 -0.65625
vn 0.3652344 -0.7441406 -0.5605469
vn -0.2832031 -0.9570313 -0.05273438
vn 0.1953125 -0.9785156 0.06835938
vn -0.02148438 -0.6835938 0.7304688
vn 0.4023438 -0.7382813 0.5429688
vt 0.640625 1.692871
vt 0.640625 1.691895
vt 0.6391602 1.692871
vt 0.6391602 1.692383
vt 0.6381836 1.692871
vt 0.6381836 1.691895
f 289/289/289 290/290/290 291/291/291
f 290/290/290 292/292/292 291/291/291
f 291/291/291 292/292/292 293/293/293
f 292/292/292 294/294/294 293/293/293
v -5.615234 25.17358 -0.2524414
v -4.324219 26.65015 0.628418
v 0 25.27124 -2.891113
v 0 26.64429 -1.277832
v 4.324219 26.65015 0.628418
v 2.121094 31.78101 0.690918
vn 0.3652344 0.7441406 -0.5605469
vn 0.5253906 0.6152344 -0.5878906
vn 0.5878906 0 -0.8085938
vn 0.4804688 0 -0.8769531
vn 0.5253906 -0.6152344 -0.5878906
vn 0.6230469 -0.3710938 -0.6875
vt 0.6313477 1.691895
vt 0.6313477 1.689941
vt 0.6323242 1.691895
vt 0.6323242 1.689941
vt 0.6313477 1.689941
vt 0.6313477 1.687988
f 295/295/295 296/296/296 297/297/297
f 296/296/296 298/298/298 297/297/297
f 297/297/297 298/298/298 299/299/299
f 298/298/298 300/300/300 299/299/299
v -5.404297 21.60718 -0.6098633
v -5.615234 25.17358 -0.2524414
v 0 22.23022 -3.469238
v 0 25.27124 -2.891113
v 5.615234 25.17358 -0.2524414
v 4.324219 26.65015 0.628418
vn -0.3066406 0.6894531 -0.65625
vn 0.3652344 0.7441406 -0.5605469
vn -0.1582031 0 -0.9882813
vn 0.5878906 0 -0.8085938
vn 0.3652344 -0.7441406 -0.5605469
vn 0.5253906 -0.6152344 -0.5878906
vt 0.6313477 1.692871
vt 0.6313477 1.691895
vt 0.6323242 1.692871
vt 0.6323242 1.691895
vt 0.6313477 1.691895
vt 0.6313477 1.689941
f 301/301/301 302/302/302 303/303/303
f 302/302/302 304/304/304 303/303/303
f 303/303/303 304/304/304 305/305/305
f 304/304/304 306/306/306 305/305/305
v -3.416016 19.27319 -0.5766602
v 0 16.63257 5.312012
v -6.714844 18.56616 5.312012
v -3.654297 17.94116 8.741699
v -5.347656 19.3689 10.53857
v -1.927734 19.98608 12.94482
vn -0.7578125 0.2929688 -0.5820313
vn -0.9960938 0 0.078125
vn -0.8085938 0.5820313 -0.09765625
vn -0.9296875 0.1308594 0.3457031
vn -0.6835938 0.5839844 0.4394531
vn -0.6835938 0.2148438 0.6972656
vt 0.5053711 -0.237793
vt 0.5048828 -0.2375488
vt 0.5053711 -0.2382813
vt 0.5048828 -0.2385254
vt 0.5610352 -0.2341309
vt 0.5610352 -0.2348633
f 307/307/307 308/308/308 309/309/309
f 308/308/308 310/310/310 309/309/309
f 309/309/309 310/310/310 311/311/311
f 310/310/310 312/312/312 311/311/311
v -5.615234 25.17358 -0.2524414
v -6.136719 26.46851 5.313965
v -4.324219 26.65015 0.628418
v -4.810547 31.84741 5.374512
v -2.121094 31.78101 0.690918
v 0 33.96265 5.333496
vn 0.3652344 0.7441406 -0.5605469
vn 0.5195313 0.8515625 -0.05273438
vn 0.5253906 0.6152344 -0.5878906
vn 0.5195313 0.8515625 -0.05273438
vn 0.6230469 0.3710938 -0.6875
vn 0.9980469 0 -0.02734375
vt 0.640625 1.691895
vt 0.6391602 1.689941
vt 0.640625 1.689941
vt 0.6391602 1.687988
vt 0.640625 1.687988
vt 0.6357422 1.685791
f 313/313/313 314/314/314 315/315/315
f 314/314/314 316/316/316 315/315/315
f 315/315/315 316/316/316 317/317/317
f 316/316/316 318/318/318 317/317/317
v 12.79272 16.10425 5.023926
v 12.79272 13.25854 4.758301
v 15.9939 13.67651 7.471191
v 17.09937 12.60229 6.512207
v 16.05249 14.59839 5.73877
v 15.69116 13.44214 3.752441
vn -0.07226563 0.6367188 0.7675781
vn -0.1855469 -0.8789063 0.4414063
vn 0.05078125 0.2421875 0.96875
vn 0.8183594 -0.5625 0.1230469
vn 0.5722656 0.5605469 0.5976563
vn 0.3339844 -0.9394531 -0.0859375
vt 0.6630859 1.744141
vt 0.6445313 1.744141
vt 0.6445313 1.744141
vt 0.6469727 1.744141
vt 0.6679688 1.743408
vt 0.6591797 1.743896
f 319/319/319 320/320/320 321/321/321
f 320/320/320 322/322/322 321/321/321
f 321/321/321 322/322/322 323/323/323
f 322/322/322 324/324/324 323/323/323
v 12.79272 13.30542 1.768066
v 20.77905 15.12378 1.479004
v 15.69116 13.44214 3.752441
v 20.77905 15.12378 5.29541
v 16.05249 14.59839 5.73877
v 16.37085 16.81128 3.621582
vn 0.04882813 -0.8164063 -0.5761719
vn 0.5722656 -0.2792969 -0.7695313
vn 0.3339844 -0.9394531 -0.0859375
vn 0.5507813 -0.1308594 0.8242188
vn 0.5722656 0.5605469 0.5976563
vn 0.09375 0.9882813 0.1289063
vt 0.434082 -0.3061523
vt 0.2568359 -0.3100586
vt 0.4003906 -0.2722168
vt 0.2563477 -0.2407227
vt 0.3662109 -0.2331543
vt 0.3823242 -0.2746582
f 325/325/325 326/326/326 327/327/327
f 326/326/326 328/328/328 327/327/327
f 327/327/327 328/328/328 329/329/329
f 328/328/328 330/330/330 329/329/329
v -1.0354 -3.594482 6.520996
v -4.01001 -2.582764 8.640137
v -1.211182 -5.862061 7.880371
v -4.01001 -5.256592 9.774902
v -6.672119 -5.862061 7.880371
v -7.615479 -3.594482 6.520996
vn 0.3300781 0.8769531 -0.3515625
vn 0.6328125 0.1503906 -0.7597656
vn -0.4082031 0.8085938 -0.4257813
vn -0.03515625 -0.2128906 -0.9765625
vn -0.8613281 -0.4160156 -0.2910156
vn 0.203125 -0.8867188 -0.4140625
vt 0.3310547 -0.7619629
vt 0.3417969 -0.7250977
vt 0.3198242 -0.7597656
vt 0.3295898 -0.7250977
vt 0.3198242 -0.6918945
vt 0.3305664 -0.6799316
f 331/331/331 332/332/332 333/333/333
f 332/332/332 334/334/334 333/333/333
f 333/333/333 334/334/334 335/335/335
f 334/334/334 336/336/336 335/335/335
v -6.921387 12.91821 1.660645
v -4.233887 12.76978 3.312988
v -6.927246 12.91431 5.027832
v -4.226074 15.89087 4.82666
v -6.081543 16.04712 5.150879
v -6.081543 16.04712 1.57666
vn -0.5585938 0.3769531 0.7382813
vn 0.6347656 0.7734375 0.001953125
vn -0.171875 0.5546875 -0.8144531
vn 0.6035156 -0.4257813 -0.6738281
vn -0.6953125 -0.59375 -0.40625
vn -0.2578125 -0.8808594 0.3964844
vt 0.2768555 -0.4936523
vt 0.3359375 -0.4873047
vt 0.2783203 -0.4912109
vt 0.3237305 -0.4680176
vt 0.2773438 -0.4663086
vt 0.2773438 -0.4663086
f 337/337/337 338/338/338 339/339/339
f 338/338/338 340/340/340 339/339/339
f 339/339/339 340/340/340 341/341/341
f 340/340/340 342/342/342 341/341/341
v 6.008057 -1.326904 1.247559
v 6.008057 -1.326904 5.413574
v 7.427979 -3.594482 1.876465
v 7.615479 -3.594482 6.520996
v 6.543213 -5.862061 2.050293
v 6.672119 -5.862061 7.880371
vn -0.2773438 0.75 -0.5996094
vn -0.546875 0.6191406 0.5644531
vn -0.1015625 0.8574219 -0.5039063
vn -0.203125 0.8867188 0.4140625
vn 0.7636719 0.6171875 -0.1933594
vn 0.8613281 0.4160156 0.2910156
vt 0.6381836 1.691895
vt 0.6367188 1.691895
vt 0.6391602 1.695068
vt 0.637207 1.695068
vt 0.640625 1.697998
vt 0.637207 1.697998
f 343/343/343 344/344/344 345/345/345
f 344/344/344 346/346/346 345/345/345
f 345/345/345 346/346/346 347/347/347
f 346/346/346 348/348/348 347/347/347
v -4.233887 12.76978 3.312988
v -3.378418 14.12134 3.346191
v -4.226074 15.89087 4.82666
v -4.226074 15.89087 1.887207
v -6.081543 16.04712 1.57666
v -6.921387 12.91821 1.660645
vn 0.6347656 0.7734375 0.001953125
vn 0.9902344 0.1347656 -0.001953125
vn 0.6035156 -0.4257813 -0.6738281
vn 0.6425781 -0.1894531 0.7421875
vn -0.2578125 -0.8808594 0.3964844
vn -0.5585938 0.3769531 0.7382813
vt 0.3359375 -0.4873047
vt 0.3652344 -0.4748535
vt 0.3237305 -0.4680176
vt 0.3237305 -0.4680176
vt 0.2773438 -0.4663086
vt 0.2768555 -0.4936523
f 349/349/349 350/350/350 351/351/351
f 350/350/350 352/352/352 351/351/351
f 351/351/351 352/352/352 353/353/353
f 352/352/352 354/354/354 353/353/353
v -12.7937 13.30493 1.768066
v -12.7937 13.26001 4.758301
v -15.69019 13.44165 3.752441
v -17.09839 12.60181 6.512207
v -16.05347 14.5979 5.73877
v -15.99487 13.67798 7.471191
vn -0.04882813 0.8164063 0.5761719
vn 0.1855469 0.8789063 -0.4414063
vn -0.3339844 0.9394531 0.0859375
vn -0.8183594 0.5625 -0.1230469
vn -0.5722656 -0.5605469 -0.5976563
vn -0.05078125 -0.2421875 -0.96875
vt 0.6499023 1.744141
vt 0.6445313 1.744141
vt 0.6591797 1.743896
vt 0.6469727 1.744141
vt 0.6679688 1.743408
vt 0.6445313 1.744141
f 355/355/355 356/356/356 357/357/357
f 356/356/356 358/358/358 357/357/357
f 357/357/357 358/358/358 359/359/359
f 358/358/358 360/360/360 359/359/359
v 6.921875 12.9187 1.662598
v 4.224609 15.89136 1.887207
v 6.082031 16.04761 1.57666
v 4.224609 15.89136 4.82666
v 6.082031 16.04761 5.150879
v 6.927734 12.91479 5.027832
vn 0.5585938 -0.3769531 -0.7382813
vn -0.6425781 0.1894531 -0.7421875
vn 0.2578125 0.8808594 -0.3964844
vn -0.6035156 0.4257813 0.6738281
vn 0.6953125 0.59375 0.40625
vn 0.171875 -0.5546875 0.8144531
vt 0.2768555 -0.4936523
vt 0.3237305 -0.4680176
vt 0.2773438 -0.4663086
vt 0.3237305 -0.4680176
vt 0.2773438 -0.4663086
vt 0.2783203 -0.4912109
f 361/361/361 362/362/362 363/363/363
f 362/362/362 364/364/364 363/363/363
f 363/363/363 364/364/364 365/365/365
f 364/364/364 366/366/366 365/365/365
v 6.543213 -5.862061 2.050293
v 4.01001 -5.862061 -0.1508789
v 7.427979 -3.594482 1.876465
v 4.037354 -3.594482 -0.1762695
v 6.008057 -1.326904 1.247559
v 1.951416 -1.326904 1.247559
vn 0.7636719 0.6171875 -0.1933594
vn 0.4433594 -0.02734375 -0.8964844
vn -0.1015625 0.8574219 -0.5039063
vn -0.1386719 -0.02539063 -0.9902344
vn -0.2773438 0.75 -0.5996094
vn -0.21875 -0.5507813 -0.8046875
vt 0.6313477 1.697998
vt 0.6318359 1.697998
vt 0.6323242 1.695068
vt 0.6328125 1.695068
vt 0.6337891 1.691895
vt 0.6342773 1.691895
f 367/367/367 368/368/368 369/369/369
f 368/368/368 370/370/370 369/369/369
f 369/369/369 370/370/370 371/371/371
f 370/370/370 372/372/372 371/371/371
v 1.0354 -3.594482 6.520996
v 1.211182 -5.862061 7.880371
v 4.01001 -2.582764 8.640137
v 4.01001 -5.256592 9.774902
v 7.615479 -3.594482 6.520996
v 6.672119 -5.862061 7.880371
vn -0.3300781 -0.8769531 0.3515625
vn 0.4082031 -0.8085938 0.4257813
vn -0.6328125 -0.1503906 0.7597656
vn 0.03515625 0.2128906 0.9765625
vn -0.203125 0.8867188 0.4140625
vn 0.8613281 0.4160156 0.2910156
vt 0.3310547 -0.7619629
vt 0.3198242 -0.7597656
vt 0.3417969 -0.7250977
vt 0.3295898 -0.7250977
vt 0.3305664 -0.6799316
vt 0.3198242 -0.6918945
f 373/373/373 374/374/374 375/375/375
f 374/374/374 376/376/376 375/375/375
f 375/375/375 376/376/376 377/377/377
f 376/376/376 378/378/378 377/377/377
v 8.453125 16.04565 1.750488
v 5.953125 15.83276 1.854004
v 10.1814 16.08081 5.02002
v 5.953125 15.83276 4.713379
v 6.349609 13.16675 4.680176
vn -0.1210938 0.7011719 -0.703125
vn -0.1210938 0.7011719 -0.703125
vn -0.0625 0.84375 0.5332031
vn -0.09179688 0.6953125 0.7109375
vn -0.0703125 -0.71875 0.6933594
vt 0.5615234 0.229248
vt 0.5112305 0.2275391
vt 0.6040039 0.2294922
vt 0.5112305 0.2275391
vt 0.5112305 0.2226563
f 379/379/379 380/380/380 381/381/381
f 380/380/380 382/382/382 381/381/381
f 381/381/381 382/382/382 383/383/383
v 0 25.20093 13.04443
v -5.912109 21.84937 11.6167
v 0 22.51929 13.84521
v -1.927734 19.98608 12.94482
v 1.927734 19.98608 12.94482
vn 0.5175781 0 0.8554688
vn -0.02148438 0.6835938 0.7304688
vn 0.01171875 0 0.9980469
vn -0.6835938 0.2148438 0.6972656
vn -0.6601563 -0.2480469 0.7089844
vt 0.5 1.755859
vt 0.3823242 1.7229
vt 0.5 1.719482
vt 0.4594727 1.693115
vt 0.5405273 1.693115
f 384/384/384 385/385/385 386/386/386
f 385/385/385 387/387/387 386/386/386
f 386/386/386 387/387/387 388/388/388
v -1.011719 18.00952 10.31787
v -1.847656 18.54468 9.376465
v 1.847656 18.54468 9.376465
v 0 16.63257 5.312012
v 3.654297 17.94116 8.741699
vn -0.9746094 0.2148438 -0.04296875
vn -0.9667969 0.09375 0.234375
vn -0.9921875 -0.08007813 0.1035156
vn -0.9960938 0 0.078125
vn -0.9296875 -0.1308594 0.3457031
vt 0.5341797 -0.2387695
vt 0.4941406 -0.2387695
vt 0.4941406 -0.2387695
vt 0.5048828 -0.2375488
vt 0.5048828 -0.2385254
f 389/389/389 390/390/390 391/391/391
f 390/390/390 392/392/392 391/391/391
f 391/391/391 392/392/392 393/393/393
v -10.18237 16.08032 5.02002
v -8.45459 16.04517 1.750488
v -8.860107 16.08032 1.734863
v -8.722168 13.0354 1.64502
v -9.127686 13.0354 1.64502
vn 0.0703125 -0.7792969 -0.6210938
vn 0.1210938 -0.7011719 0.703125
vn 0.03125 -0.7207031 0.6914063
vn 0.06640625 0.5996094 0.796875
vn -0.03125 0.5390625 0.8417969
vt 0.6113281 1.746094
vt 0.6547852 1.745605
vt 0.6538086 1.745361
vt 0.6445313 1.745361
vt 0.6445313 1.744629
f 394/394/394 395/395/395 396/396/396
f 395/395/395 397/397/397 396/396/396
f 396/396/396 397/397/397 398/398/398
v -2.457031 19.14673 -7.513916
v 2.457031 19.14673 -7.513916
v -0.65625 17.71899 -4.131104
v 0 19.33813 2.978271
v -2.457031 19.14673 -7.513916
vn 0.1933594 -0.2695313 -0.9433594
vn 0.2382813 -0.2207031 0.9453125
vn 0.02148438 -0.9921875 -0.1191406
vn -0.9550781 0.1152344 -0.2734375
vn 0.1933594 -0.2695313 -0.9433594
vt 0.2368164 0.2504883
vt 0.1645508 0.2541504
vt 0.06738281 0.2692871
vt 0.2368164 0.246582
vt 0.2368164 0.2504883
f 399/399/399 400/400/400 401/401/401
f 400/400/400 402/402/402 401/401/401
f 401/401/401 402/402/402 403/403/403
v 2.457031 19.14673 -7.513916
v 0.3613281 19.54712 -9.57251
v 0.3378906 21.38501 -7.590088
v -2.457031 19.14673 -7.513916
v 0 19.33813 2.978271
vn 0.2382813 -0.2207031 0.9453125
vn 0.4570313 0.8867188 0.07421875
vn 0.2949219 0.953125 0.07421875
vn 0.1933594 -0.2695313 -0.9433594
vn -0.9550781 0.1152344 -0.2734375
vt -0.2241211 -0.2924805
vt -0.2158203 -0.2617188
vt -0.03369141 -0.2758789
vt -0.2241211 -0.2924805
vt -0.2226563 -0.3178711
f 404/404/404 405/405/405 406/406/406
f 405/405/405 407/407/407 406/406/406
f 406/406/406 407/407/407 408/408/408
v -2.457031 19.14673 -7.513916
v 0 18.82056 -12.66431
v 0.765625 17.62134 -10.29126
v 2.457031 19.14673 -7.513916
v -2.457031 19.14673 -7.513916
vn 0.1933594 -0.2695313 -0.9433594
vn 0.7636719 0.5566406 0.328125
vn 0.07421875 -0.984375 0.1621094
vn 0.2382813 -0.2207031 0.9453125
vn 0.1933594 -0.2695313 -0.9433594
vt 0.7919922 -0.2370605
vt 0.7915039 -0.2277832
vt 0.8886719 -0.2434082
vt 0.7929688 -0.2436523
vt 0.7919922 -0.2370605
f 409/409/409 410/410/410 411/411/411
f 410/410/410 412/412/412 411/411/411
f 411/411/411 412/412/412 413/413/413
v -0.8632813 28.22827 11.47803
v -0.359375 32.44116 10.50342
v -0.09765625 31.89038 9.411621
v -1.835938 33.89429 9.310059
v 1.378906 35.31616 6.782715
vn -0.5273438 0.7910156 0.3085938
vn 0.08789063 0.7285156 0.6796875
vn -0.6699219 0.00390625 -0.7421875
vn 0.546875 0.5683594 0.6152344
vn 0.546875 -0.8359375 -0.06054688
vt 0.5009766 -0.369873
vt 0.5 -0.3681641
vt 0.5 -0.3674316
vt 0.4985352 -0.3664551
vt 0.5009766 -0.3652344
f 414/414/414 415/415/415 416/416/416
f 415/415/415 417/417/417 416/416/416
f 416/416/416 417/417/417 418/418/418
v 15.9939 13.67651 7.471191
v 16.05249 14.59839 5.73877
v 12.79272 16.10425 5.023926
v 16.37085 16.81128 3.621582
v 12.79272 16.10425 1.760254
vn 0.05078125 0.2421875 0.96875
vn 0.5722656 0.5605469 0.5976563
vn -0.07226563 0.6367188 0.7675781
vn 0.09375 0.9882813 0.1289063
vn -0.08203125 0.7578125 -0.6464844
vt 0.6679688 1.743408
vt 0.6679688 1.743408
vt 0.6630859 1.744141
vt 0.6513672 1.743652
vt 0.6538086 1.744141
f 419/419/419 420/420/420 421/421/421
f 420/420/420 422/422/422 421/421/421
f 421/421/421 422/422/422 423/423/423
v 0 33.96265 5.333496
v 2.121094 31.78101 0.690918
v -2.121094 31.78101 0.690918
v 0 26.64429 -1.277832
v -4.324219 26.65015 0.628418
vn 0.9980469 0 -0.02734375
vn 0.6230469 -0.3710938 -0.6875
vn 0.6230469 0.3710938 -0.6875
vn 0.4804688 0 -0.8769531
vn 0.5253906 0.6152344 -0.5878906
vt 0.6357422 1.685791
vt 0.6313477 1.687988
vt 0.6313477 1.687988
vt 0.6323242 1.689941
vt 0.6313477 1.689941
f 424/424/424 425/425/425 426/426/426
f 425/425/425 427/427/427 426/426/426
f 426/426/426 427/427/427 428/428/428
v 6.351563 13.16675 2.000488
v 8.722656 13.03394 1.64502
v 6.349609 13.16675 4.680176
v 10.2146 13.03394 4.82666
v 10.1814 16.08081 5.02002
vn -0.140625 -0.7304688 -0.6699219
vn -0.06640625 -0.5996094 -0.796875
vn -0.0703125 -0.71875 0.6933594
vn 0.0234375 -0.8164063 0.5761719
vn -0.0625 0.84375 0.5332031
vt 0.5112305 0.2226563
vt 0.5683594 0.2216797
vt 0.5112305 0.2226563
vt 0.6044922 0.2216797
vt 0.6040039 0.2294922
f 429/429/429 430/430/430 431/431/431
f 430/430/430 432/432/432 431/431/431
f 431/431/431 432/432/432 433/433/433
v 1.951416 -1.326904 1.247559
v 4.037354 -3.594482 -0.1762695
v 1.093994 -3.594482 1.876465
v 4.01001 -5.862061 -0.1508789
v 1.662354 -5.862061 2.050293
vn -0.21875 -0.5507813 -0.8046875
vn -0.1386719 -0.02539063 -0.9902344
vn -0.02539063 -0.9160156 -0.3984375
vn 0.4433594 -0.02734375 -0.8964844
vn 0.8867188 -0.4179688 -0.2011719
vt 0.6342773 1.691895
vt 0.6328125 1.695068
vt 0.6337891 1.695068
vt 0.6318359 1.697998
vt 0.6328125 1.697998
f 434/434/434 435/435/435 436/436/436
f 435/435/435 437/437/437 436/436/436
f 436/436/436 437/437/437 438/438/438
v 0 2.992676 2.203857
v -2.628906 3.67627 -2.059814
v 0 -0.03662109 -2.827393
v 2.628906 3.67627 -2.059814
v 0 2.992676 2.203857
vn -0.8320313 0 0.5546875
vn -0.3730469 0.703125 -0.6054688
vn -0.9628906 0 -0.2675781
vn -0.3730469 -0.703125 -0.6054688
vn -0.8320313 0 0.5546875
vt 0.6328125 1.710205
vt 0.6357422 1.710205
vt 0.6391602 1.757568
vt 0.6420898 1.710205
vt 0.6450195 1.710205
f 439/439/439 440/440/440 441/441/441
f 440/440/440 442/442/442 441/441/441
f 441/441/441 442/442/442 443/443/443
v -7.542969 9.074707 3.733154
v -6.976563 12.81494 3.463623
v -6.482422 9.480957 -1.686768
v -4.876953 16.85596 1.973389
v 0 17.48486 -2.868408
vn -0.08398438 0.9824219 0.1679688
vn 0.3066406 0.9453125 0.109375
vn 0.1777344 0.921875 -0.3457031
vn 0.4609375 0.8496094 -0.2578125
vn 0.4453125 0.6601563 -0.6054688
vt 1.104492 -0.4174805
vt 1.11084 -0.380127
vt 1.194824 -0.4177246
vt 1.146973 -0.3256836
vt 1.235352 -0.3327637
f 444/444/444 445/445/445 446/446/446
f 445/445/445 447/447/447 446/446/446
f 446/446/446 447/447/447 448/448/448
v 4.257813 15.98096 7.030029
v 0 19.42822 5.420654
v 0 15.48291 8.496826
v -4.257813 15.98096 7.030029
v -4.820313 12.85205 8.104248
vn 0.4902344 -0.6035156 0.6289063
vn 0.6152344 0 0.7890625
vn 0.4375 0 0.9003906
vn 0.4902344 0.6035156 0.6289063
vn 0.1835938 0.5761719 0.796875
vt 1.003906 -0.3425293
vt 1 -0.2463379
vt 0.9956055 -0.3469238
vt 1.003906 -0.3425293
vt 1.004883 -0.3781738
f 449/449/449 450/450/450 451/451/451
f 450/450/450 452/452/452 451/451/451
f 451/451/451 452/452/452 453/453/453
v 6.689453 6.736816 4.465576
v 3.878906 5.594238 6.49292
v 5.175781 4.990723 -2.026611
v 2 2.842285 5.05542
v 0 2.516113 -2.046143
vn -0.5273438 -0.7910156 0.3085938
vn -0.6621094 -0.5429688 0.5175781
vn -0.6347656 -0.7714844 -0.03710938
vn -0.8789063 -0.3457031 0.3300781
vn -1 0 -0.04101563
vt 1.089844 -0.4460449
vt 1.074219 -0.4592285
vt 1.188965 -0.4689941
vt 1.084961 -0.4863281
vt 1.17334 -0.5087891
f 454/454/454 455/455/455 456/456/456
f 455/455/455 457/457/457 456/456/456
f 456/456/456 457/457/457 458/458/458
v -6.351074 13.16821 2.000488
v -8.722168 13.0354 1.64502
v -5.952637 15.83228 1.854004
v -8.45459 16.04517 1.750488
v -10.18237 16.08032 5.02002
vn 0.140625 0.7304688 0.6699219
vn 0.06640625 0.5996094 0.796875
vn 0.1210938 -0.7011719 0.703125
vn 0.1210938 -0.7011719 0.703125
vn 0.0703125 -0.7792969 -0.6210938
vt 0.5112305 0.2226563
vt 0.5678711 0.2216797
vt 0.5112305 0.2275391
vt 0.5615234 0.229248
vt 0.6040039 0.2294922
f 459/459/459 460/460/460 461/461/461
f 460/460/460 462/462/462 461/461/461
f 461/461/461 462/462/462 463/463/463
v -10.21558 13.0354 4.82666
v -6.349121 13.16626 4.680176
v -10.18237 16.08032 5.02002
v -5.952637 15.83228 4.713379
v -5.952637 15.83228 1.854004
vn -0.0234375 0.8183594 -0.5761719
vn 0.0703125 0.71875 -0.6933594
vn 0.0703125 -0.7792969 -0.6210938
vn 0.06445313 -0.7324219 -0.6777344
vn 0.1210938 -0.7011719 0.703125
vt 0.6044922 0.2216797
vt 0.5112305 0.2226563
vt 0.6040039 0.2294922
vt 0.5112305 0.2275391
vt 0.5112305 0.2275391
f 464/464/464 465/465/465 466/466/466
f 465/465/465 467/467/467 466/466/466
f 466/466/466 467/467/467 468/468/468
v -12.7937 13.26001 4.758301
v -10.21558 13.0354 4.82666
v -12.7937 16.10376 5.023926
v -10.18237 16.08032 5.02002
v -8.860107 16.08032 1.734863
vn 0.1855469 0.8789063 -0.4414063
vn -0.0234375 0.8183594 -0.5761719
vn 0.06445313 -0.7324219 -0.6777344
vn 0.0703125 -0.7792969 -0.6210938
vn 0.03125 -0.7207031 0.6914063
vt 0.2504883 -0.2287598
vt 0.3818359 -0.2277832
vt 0.2504883 -0.2231445
vt 0.3828125 -0.2216797
vt 0.4492188 -0.2231445
f 469/469/469 470/470/470 471/471/471
f 470/470/470 472/472/472 471/471/471
f 471/471/471 472/472/472 473/473/473
v -12.7937 16.10376 5.023926
v -8.860107 16.08032 1.734863
v -12.7937 16.10376 1.760254
v -9.127686 13.0354 1.64502
v -12.7937 13.30493 1.768066
vn 0.06445313 -0.7324219 -0.6777344
vn 0.03125 -0.7207031 0.6914063
vn 0.1210938 -0.7011719 0.703125
vn -0.03125 0.5390625 0.8417969
vn -0.04882813 0.8164063 0.5761719
vt 0.2504883 -0.2231445
vt 0.4492188 -0.2231445
vt 0.2504883 -0.2231445
vt 0.4458008 -0.229248
vt 0.2504883 -0.2285156
f 474/474/474 475/475/475 476/476/476
f 475/475/475 477/477/477 476/476/476
f 476/476/476 477/477/477 478/478/478
v -6.927246 12.91431 5.027832
v -6.081543 16.04712 5.150879
v -6.921387 12.91821 1.660645
v -6.081543 16.04712 1.57666
vn -0.171875 0.5546875 -0.8144531
vn -0.6953125 -0.59375 -0.40625
vn -0.5585938 0.3769531 0.7382813
vn -0.2578125 -0.8808594 0.3964844
vt 0.7280273 -0.4489746
vt 0.699707 -0.4489746
vt 0.7114258 -0.4504395
vt 0.6948242 -0.4519043
f 479/479/479 480/480/480 481/481/481
f 480/480/480 482/482/482 481/481/481
v -6.689453 6.736816 4.465576
v -7.542969 9.074707 3.733154
v -5.175781 4.990723 -2.026611
v -6.482422 9.480957 -1.686768
vn -0.5273438 0.7910156 0.3085938
vn -0.08398438 0.9824219 0.1679688
vn -0.6347656 0.7714844 -0.03710938
vn 0.1777344 0.921875 -0.3457031
vt 1.089844 -0.4460449
vt 1.104492 -0.4174805
vt 1.188965 -0.4689941
vt 1.194824 -0.4177246
f 483/483/483 484/484/484 485/485/485
f 484/484/484 486/486/486 485/485/485
v -1.211182 -5.862061 7.880371
v -1.093994 -3.594482 1.876465
v -1.0354 -3.594482 6.520996
v -1.951416 -1.326904 5.413574
vn -0.4082031 0.8085938 -0.4257813
vn 0.02539063 0.9160156 0.3984375
vn 0.3300781 0.8769531 -0.3515625
vn 0.4335938 0.8261719 -0.3613281
vt 0.6357422 1.697998
vt 0.6337891 1.695068
vt 0.6357422 1.695068
vt 0.6357422 1.691895
f 487/487/487 488/488/488 489/489/489
f 488/488/488 490/490/490 489/489/489
v -3.378418 14.12134 3.346191
v -4.233887 12.76978 3.312988
v -4.226074 15.89087 1.887207
v -6.921387 12.91821 1.660645
vn 0.9902344 0.1347656 -0.001953125
vn 0.6347656 0.7734375 0.001953125
vn 0.6425781 -0.1894531 0.7421875
vn -0.5585938 0.3769531 0.7382813
vt 0.3652344 -0.4748535
vt 0.3359375 -0.4863281
vt 0.3237305 -0.4680176
vt 0.2768555 -0.4936523
f 491/491/491 492/492/492 493/493/493
f 492/492/492 494/494/494 493/493/493
v -1.951416 -1.326904 1.247559
v -4.037354 -3.594482 -0.1762695
v -6.008057 -1.326904 1.247559
v -7.427979 -3.594482 1.876465
vn 0.21875 0.5507813 0.8046875
vn 0.1386719 0.02539063 0.9902344
vn 0.2773438 -0.75 0.5996094
vn 0.1015625 -0.8574219 0.5039063
vt 0.6342773 1.691895
vt 0.6328125 1.695068
vt 0.6337891 1.691895
vt 0.6323242 1.695068
f 495/495/495 496/496/496 497/497/497
f 496/496/496 498/498/498 497/497/497
v -4.01001 -5.862061 -0.1508789
v -1.093994 -3.594482 1.876465
v -1.662354 -5.862061 2.050293
v -1.211182 -5.862061 7.880371
vn -0.4433594 0.02734375 0.8964844
vn 0.02539063 0.9160156 0.3984375
vn -0.8867188 0.4179688 0.2011719
vn -0.4082031 0.8085938 -0.4257813
vt 0.6318359 1.697998
vt 0.6337891 1.695068
vt 0.6328125 1.697998
vt 0.6357422 1.697998
f 499/499/499 500/500/500 501/501/501
f 500/500/500 502/502/502 501/501/501
v -2.457031 19.14673 -7.513916
v 0.3613281 19.54712 -9.57251
v 0 18.82056 -12.66431
v 2.457031 19.14673 -7.513916
vn 0.1933594 -0.2695313 -0.9433594
vn 0.4570313 0.8867188 0.07421875
vn 0.7636719 0.5566406 0.328125
vn 0.2382813 -0.2207031 0.9453125
vt 0.2358398 -0.2993164
vt -0.01171875 -0.2749023
vt -0.01269531 -0.3171387
vt -0.2285156 -0.3015137
f 503/503/503 504/504/504 505/505/505
f 504/504/504 506/506/506 505/505/505
v -0.8632813 28.22827 11.47803
v 1.566406 32.89233 10.38037
v -0.359375 32.44116 10.50342
v -1.835938 33.89429 9.310059
vn -0.5273438 0.7910156 0.3085938
vn 0.4902344 -0.6035156 0.6289063
vn 0.08789063 0.7285156 0.6796875
vn 0.546875 0.5683594 0.6152344
vt 0.503418 -0.3564453
vt 0.503418 -0.3540039
vt 0.5 -0.3547363
vt 0.4970703 -0.3530273
f 507/507/507 508/508/508 509/509/509
f 508/508/508 510/510/510 509/509/509
v -12.7937 13.26001 4.758301
v -12.7937 13.30493 1.768066
v -10.21558 13.0354 4.82666
v -9.127686 13.0354 1.64502
vn 0.1855469 0.8789063 -0.4414063
vn -0.04882813 0.8164063 0.5761719
vn -0.0234375 0.8183594 -0.5761719
vn -0.03125 0.5390625 0.8417969
vt 0.2504883 -0.2287598
vt 0.2504883 -0.2285156
vt 0.3818359 -0.2277832
vt 0.4458008 -0.229248
f 511/511/511 512/512/512 513/513/513
f 512/512/512 514/514/514 513/513/513
v 1.566406 32.89233 10.38037
v 0.3222656 33.9978 9.282715
v -1.835938 33.89429 9.310059
v 1.378906 35.31616 6.782715
vn 0.4902344 -0.6035156 0.6289063
vn 0.6171875 -0.7128906 0.3339844
vn 0.546875 0.5683594 0.6152344
vn 0.546875 -0.8359375 -0.06054688
vt 0.503418 -0.3540039
vt 0.5019531 -0.3532715
vt 0.4970703 -0.3530273
vt 0.503418 -0.3515625
f 515/515/515 516/516/516 517/517/517
f 516/516/516 518/518/518 517/517/517
v -6.008057 -1.326904 1.247559
v -7.427979 -3.594482 1.876465
v -6.008057 -1.326904 5.413574
v -7.615479 -3.594482 6.520996
vn 0.2773438 -0.75 0.5996094
vn 0.1015625 -0.8574219 0.5039063
vn 0.546875 -0.6191406 -0.5644531
vn 0.203125 -0.8867188 -0.4140625
vt 0.6381836 1.691895
vt 0.6391602 1.695068
vt 0.6367188 1.691895
vt 0.637207 1.695068
f 519/519/519 520/520/520 521/521/521
f 520/520/520 522/522/522 521/521/521
v -12.7937 16.10376 1.760254
v -12.7937 13.30493 1.768066
v -16.20386 15.61353 0.7856445
v -20.77808 15.12524 1.479004
vn 0.1210938 -0.7011719 0.703125
vn -0.04882813 0.8164063 0.5761719
vn 0.005859375 -0.4550781 0.890625
vn -0.5722656 0.2792969 0.7695313
vt 0.6538086 1.744141
vt 0.6499023 1.744141
vt 0.6513672 1.743652
vt 0.6489258 1.743164
f 523/523/523 524/524/524 525/525/525
f 524/524/524 526/526/526 525/525/525
v -7.615479 -3.594482 6.520996
v -4.01001 -2.582764 8.640137
v -6.008057 -1.326904 5.413574
v -1.951416 -1.326904 5.413574
vn 0.203125 -0.8867188 -0.4140625
vn 0.6328125 0.1503906 -0.7597656
vn 0.546875 -0.6191406 -0.5644531
vn 0.4335938 0.8261719 -0.3613281
vt 0.4208984 -0.7475586
vt 0.4199219 -0.7419434
vt 0.4208984 -0.7446289
vt 0.4208984 -0.7387695
f 527/527/527 528/528/528 529/529/529
f 528/528/528 530/530/530 529/529/529
v 4.876953 16.85596 1.973389
v 4.257813 15.98096 7.030029
v 6.976563 12.81494 3.463623
v 4.820313 12.85205 8.104248
vn 0.4609375 -0.8496094 -0.2578125
vn 0.4902344 -0.6035156 0.6289063
vn 0.3066406 -0.9453125 0.109375
vn 0.1835938 -0.5761719 0.796875
vt 1.146973 -0.3256836
vt 1.003906 -0.3425293
vt 1.11084 -0.380127
vt 1.004883 -0.3781738
f 531/531/531 532/532/532 533/533/533
f 532/532/532 534/534/534 533/533/533
v -6.672119 -5.862061 7.880371
v -6.543213 -5.862061 2.050293
v -1.662354 -5.862061 2.050293
v -4.01001 -5.862061 -0.1508789
vn -0.8613281 -0.4160156 -0.2910156
vn -0.7636719 -0.6171875 0.1933594
vn -0.8867188 0.4179688 0.2011719
vn -0.4433594 0.02734375 0.8964844
vt 0.6381836 1.69873
vt 0.6381836 1.709473
vt 0.6337891 1.709473
vt 0.6357422 1.709473
f 535/535/535 536/536/536 537/537/537
f 536/536/536 538/538/538 537/537/537
v -6.672119 -5.862061 7.880371
v -7.615479 -3.594482 6.520996
v -6.543213 -5.862061 2.050293
v -7.427979 -3.594482 1.876465
vn -0.8613281 -0.4160156 -0.2910156
vn 0.203125 -0.8867188 -0.4140625
vn -0.7636719 -0.6171875 0.1933594
vn 0.1015625 -0.8574219 0.5039063
vt 0.637207 1.697998
vt 0.637207 1.695068
vt 0.640625 1.697998
vt 0.6391602 1.695068
f 539/539/539 540/540/540 541/541/541
f 540/540/540 542/542/542 541/541/541
v 6.672119 -5.862061 7.880371
v 1.662354 -5.862061 2.050293
v 6.543213 -5.862061 2.050293
v 4.01001 -5.862061 -0.1508789
vn 0.8613281 0.4160156 0.2910156
vn 0.8867188 -0.4179688 -0.2011719
vn 0.7636719 0.6171875 -0.1933594
vn 0.4433594 -0.02734375 -0.8964844
vt 0.6381836 1.69873
vt 0.6337891 1.709473
vt 0.6381836 1.709473
vt 0.6357422 1.709473
f 543/543/543 544/544/544 545/545/545
f 544/544/544 546/546/546 545/545/545
v -15.99487 13.67798 7.471191
v -12.7937 16.10376 5.023926
v -16.05347 14.5979 5.73877
v -16.37183 16.81274 3.621582
vn -0.05078125 -0.2421875 -0.96875
vn 0.06445313 -0.7324219 -0.6777344
vn -0.5722656 -0.5605469 -0.5976563
vn -0.09375 -0.9863281 -0.1289063
vt 0.6679688 1.743408
vt 0.6630859 1.744141
vt 0.6679688 1.743408
vt 0.6513672 1.743652
f 547/547/547 548/548/548 549/549/549
f 548/548/548 550/550/550 549/549/549
v -2 2.842285 5.05542
v 0 4.990723 7.780029
v -3.878906 5.594238 6.49292
v -4.982422 8.852051 8.031982
vn -0.8789063 0.3457031 0.3300781
vn -0.5488281 0 0.8359375
vn -0.6621094 0.5429688 0.5175781
vn -0.2734375 0.5820313 0.765625
vt 1.084961 -0.4863281
vt 0.9956055 -0.4650879
vt 1.074219 -0.4592285
vt 1.012207 -0.4165039
f 551/551/551 552/552/552 553/553/553
f 552/552/552 554/554/554 553/553/553
v -12.7937 16.10376 5.023926
v -15.99487 13.67798 7.471191
v -12.7937 13.26001 4.758301
v -17.09839 12.60181 6.512207
vn 0.06445313 -0.7324219 -0.6777344
vn -0.05078125 -0.2421875 -0.96875
vn 0.1855469 0.8789063 -0.4414063
vn -0.8183594 0.5625 -0.1230469
vt 0.6630859 1.744141
vt 0.6445313 1.744141
vt 0.6445313 1.744141
vt 0.6469727 1.744141
f 555/555/555 556/556/556 557/557/557
f 556/556/556 558/558/558 557/557/557
v 1.0354 -3.594482 6.520996
v 4.01001 -2.582764 8.640137
v 1.951416 -1.326904 5.413574
v 6.008057 -1.326904 5.413574
vn -0.3300781 -0.8769531 0.3515625
vn -0.6328125 -0.1503906 0.7597656
vn -0.4335938 -0.8261719 0.3613281
vn -0.546875 0.6191406 0.5644531
vt 0.4204102 -0.7365723
vt 0.4199219 -0.7419434
vt 0.4208984 -0.7387695
vt 0.4208984 -0.7446289
f 559/559/559 560/560/560 561/561/561
f 560/560/560 562/562/562 561/561/561
v 10.1814 16.08081 5.02002
v 8.861084 16.07886 1.734863
v 8.453125 16.04565 1.750488
v 8.722656 13.03394 1.64502
vn -0.0625 0.84375 0.5332031
vn -0.03515625 0.5761719 -0.8164063
vn -0.1210938 0.7011719 -0.703125
vn -0.06640625 -0.5996094 -0.796875
vt 0.6113281 1.746094
vt 0.6538086 1.745361
vt 0.6547852 1.745605
vt 0.6445313 1.745361
f 563/563/563 564/564/564 565/565/565
f 564/564/564 566/566/566 565/565/565
v 6.082031 16.04761 1.57666
v 6.082031 16.04761 5.150879
v 6.921875 12.9187 1.662598
v 6.927734 12.91479 5.027832
vn 0.2578125 0.8808594 -0.3964844
vn 0.6953125 0.59375 0.40625
vn 0.5585938 -0.3769531 -0.7382813
vn 0.171875 -0.5546875 0.8144531
vt 0.6948242 -0.4519043
vt 0.699707 -0.4489746
vt 0.7114258 -0.4504395
vt 0.7280273 -0.4489746
f 567/567/567 568/568/568 569/569/569
f 568/568/568 570/570/570 569/569/569
v -0.8632813 28.22827 11.47803
v -0.09765625 31.89038 9.411621
v 1.566406 32.89233 10.38037
v 0.3222656 33.9978 9.282715
vn -0.5273438 0.7910156 0.3085938
vn -0.6699219 0.00390625 -0.7421875
vn 0.4902344 -0.6035156 0.6289063
vn 0.6171875 -0.7128906 0.3339844
vt 0.5009766 -0.369873
vt 0.5 -0.3674316
vt 0.5009766 -0.3674316
vt 0.5004883 -0.3666992
f 571/571/571 572/572/572 573/573/573
f 572/572/572 574/574/574 573/573/573
v 17.09937 12.60229 6.512207
v 12.79272 13.25854 4.758301
v 15.69116 13.44214 3.752441
v 12.79272 13.30542 1.768066
vn 0.8183594 -0.5625 0.1230469
vn -0.1855469 -0.8789063 0.4414063
vn 0.3339844 -0.9394531 -0.0859375
vn 0.04882813 -0.8164063 -0.5761719
vt 0.6469727 1.744141
vt 0.6445313 1.744141
vt 0.6591797 1.743896
vt 0.6499023 1.744141
f 575/575/575 576/576/576 577/577/577
f 576/576/576 578/578/578 577/577/577
v 0 33.96265 5.333496
v 4.810547 31.84741 5.374512
v 2.121094 31.78101 0.690918
v 4.324219 26.65015 0.628418
vn 0.9980469 0 -0.02734375
vn 0.546875 -0.8359375 -0.06054688
vn 0.6230469 -0.3710938 -0.6875
vn 0.5253906 -0.6152344 -0.5878906
vt 0.6357422 1.685791
vt 0.6391602 1.687988
vt 0.640625 1.687988
vt 0.640625 1.689941
f 579/579/579 580/580/580 581/581/581
f 580/580/580 582/582/582 581/581/581
v 4.810547 31.84741 5.374512
v 6.136719 26.46851 5.313965
v 4.324219 26.65015 0.628418
v 5.615234 25.17358 -0.2524414
vn 0.546875 -0.8359375 -0.06054688
vn 0.546875 -0.8359375 -0.06054688
vn 0.5253906 -0.6152344 -0.5878906
vn 0.3652344 -0.7441406 -0.5605469
vt 0.6391602 1.687988
vt 0.6391602 1.689941
vt 0.640625 1.689941
vt 0.640625 1.691895
f 583/583/583 584/584/584 585/585/585
f 584/584/584 586/586/586 585/585/585
v 4.787109 26.33374 9.688965
v 5.751953 24.4314 10.75732
v 7.396484 24.99194 5.313965
v 8.226563 23.08569 5.313965
vn 0.5195313 -0.6640625 0.5371094
vn 0.4023438 -0.7382813 0.5429688
vn 0.5410156 -0.8398438 0.02929688
vn 0.1953125 -0.9785156 0.06835938
vt 0.6381836 1.689941
vt 0.6381836 1.691895
vt 0.6391602 1.691895
vt 0.6391602 1.692383
f 587/587/587 588/588/588 589/589/589
f 588/588/588 590/590/590 589/589/589
v 12.79272 16.10425 1.760254
v 16.37085 16.81128 3.621582
v 16.20483 15.61401 0.7856445
v 20.77905 15.12378 1.479004
vn -0.08203125 0.7578125 -0.6464844
vn 0.09375 0.9882813 0.1289063
vn -0.005859375 0.4550781 -0.890625
vn 0.5722656 -0.2792969 -0.7695313
vt 0.434082 -0.3061523
vt 0.3823242 -0.2746582
vt 0.3457031 -0.3186035
vt 0.2568359 -0.3100586
f 591/591/591 592/592/592 593/593/593
f 592/592/592 594/594/594 593/593/593
v 20.77905 15.12378 1.479004
v 12.79272 13.30542 1.768066
v 16.20483 15.61401 0.7856445
v 12.79272 16.10425 1.760254
vn 0.5722656 -0.2792969 -0.7695313
vn 0.04882813 -0.8164063 -0.5761719
vn -0.005859375 0.4550781 -0.890625
vn -0.08203125 0.7578125 -0.6464844
vt 0.6489258 1.743164
vt 0.6499023 1.744141
vt 0.6513672 1.743652
vt 0.6538086 1.744141
f 595/595/595 596/596/596 597/597/597
f 596/596/596 598/598/598 597/597/597
v 0 25.20093 13.04443
v 0 26.22046 11.41553
v -4.787109 26.33374 9.688965
v -3.042969 31.9314 9.425293
vn 0.5175781 0 0.8554688
vn 0.5175781 0 0.8554688
vn 0.5195313 0.6640625 0.5371094
vn 0.6171875 0.3867188 0.6855469
vt 0.5151367 1.760498
vt 0.5126953 1.76001
vt 0.5244141 1.743164
vt 0.5107422 1.741699
f 599/599/599 600/600/600 601/601/601
f 600/600/600 602/602/602 601/601/601
v 0 25.20093 13.04443
v 0 22.51929 13.84521
v 5.912109 21.84937 11.6167
v 1.927734 19.98608 12.94482
vn 0.5175781 0 0.8554688
vn 0.01171875 0 0.9980469
vn -0.02148438 -0.6835938 0.7304688
vn -0.6601563 -0.2480469 0.7089844
vt 0.5 1.755859
vt 0.5 1.719482
vt 0.6176758 1.7229
vt 0.5405273 1.693115
f 603/603/603 604/604/604 605/605/605
f 604/604/604 606/606/606 605/605/605
v 12.79272 16.10425 1.760254
v 12.79272 13.30542 1.768066
v 9.128662 13.03394 1.64502
v 10.2146 13.03394 4.82666
vn -0.08203125 0.7578125 -0.6464844
vn 0.04882813 -0.8164063 -0.5761719
vn 0.03125 -0.5390625 -0.8417969
vn 0.0234375 -0.8164063 0.5761719
vt 0.2504883 -0.2231445
vt 0.2504883 -0.2285156
vt 0.4458008 -0.229248
vt 0.3818359 -0.2277832
f 607/607/607 608/608/608 609/609/609
f 608/608/608 610/610/610 609/609/609
v 8.453125 16.04565 1.750488
v 8.722656 13.03394 1.64502
v 5.953125 15.83276 1.854004
v 6.351563 13.16675 2.000488
vn -0.1210938 0.7011719 -0.703125
vn -0.06640625 -0.5996094 -0.796875
vn -0.1210938 0.7011719 -0.703125
vn -0.140625 -0.7304688 -0.6699219
vt 0.5615234 0.229248
vt 0.5683594 0.2216797
vt 0.5112305 0.2275391
vt 0.5112305 0.2226563
f 611/611/611 612/612/612 613/613/613
f 612/612/612 614/614/614 613/613/613
v -5.751953 24.4314 10.75732
v -8.226563 23.08569 5.313965
v -5.912109 21.84937 11.6167
v -8.167969 20.56226 5.313965
vn 0.4023438 0.7382813 0.5429688
vn 0.1953125 0.9785156 0.06835938
vn -0.02148438 0.6835938 0.7304688
vn -0.2832031 0.9570313 -0.05273438
vt 0.6381836 1.691895
vt 0.6391602 1.692383
vt 0.6381836 1.692871
vt 0.6391602 1.692871
f 615/615/615 616/616/616 617/617/617
f 616/616/616 618/618/618 617/617/617
v -5.912109 21.84937 11.6167
v 0 25.20093 13.04443
v -5.751953 24.4314 10.75732
v -4.787109 26.33374 9.688965
vn -0.02148438 0.6835938 0.7304688
vn 0.5175781 0 0.8554688
vn 0.4023438 0.7382813 0.5429688
vn 0.5195313 0.6640625 0.5371094
vt 0.5649414 1.717285
vt 0.5151367 1.760498
vt 0.5283203 1.73999
vt 0.5244141 1.743164
f 619/619/619 620/620/620 621/621/621
f 620/620/620 622/622/622 621/621/621
v 1.951416 -1.326904 1.247559
v 1.093994 -3.594482 1.876465
v 1.951416 -1.326904 5.413574
v 1.0354 -3.594482 6.520996
vn -0.21875 -0.5507813 -0.8046875
vn -0.02539063 -0.9160156 -0.3984375
vn -0.4335938 -0.8261719 0.3613281
vn -0.3300781 -0.8769531 0.3515625
vt 0.6342773 1.691895
vt 0.6337891 1.695068
vt 0.6357422 1.691895
vt 0.6357422 1.695068
f 623/623/623 624/624/624 625/625/625
f 624/624/624 626/626/626 625/625/625
v 1.662354 -5.862061 2.050293
v 1.211182 -5.862061 7.880371
v 1.093994 -3.594482 1.876465
v 1.0354 -3.594482 6.520996
vn 0.8867188 -0.4179688 -0.2011719
vn 0.4082031 -0.8085938 0.4257813
vn -0.02539063 -0.9160156 -0.3984375
vn -0.3300781 -0.8769531 0.3515625
vt 0.6328125 1.697998
vt 0.6357422 1.697998
vt 0.6337891 1.695068
vt 0.6357422 1.695068
f 627/627/627 628/628/628 629/629/629
f 628/628/628 630/630/630 629/629/629
v 0 25.39429 12.97217
v 0 32.17163 11.271
v -7.324219 24.52905 9.944824
v -7.119141 31.29663 7.964355
vn 0.2695313 0 0.9628906
vn 0.2695313 0 0.9628906
vn 0.2207031 0.3652344 0.9042969
vn 0.265625 0.4335938 0.8613281
vt 0.5 0.5568848
vt 0.5 0.6777344
vt 0.2514648 0.5561523
vt 0.2514648 0.6789551
f 631/631/631 632/632/632 633/633/633
f 632/632/632 634/634/634 633/633/633
v 0 17.14502 9.100342
v 0 22.88721 4.36792
v -4.845703 15.81494 7.281982
v -5.552734 16.67041 1.780029
vn 0.5175781 0 0.8554688
vn 0.9785156 0 0.2109375
vn 0.546875 0.5683594 0.6152344
vn 0.6933594 0.703125 -0.1601563
vt 0.02148438 -0.293457
vt 0.04833984 -0.2229004
vt 0.03271484 -0.3188477
vt 0.1899414 -0.3188477
f 635/635/635 636/636/636 637/637/637
f 636/636/636 638/638/638 637/637/637
v -10.21558 13.0354 4.82666
v -8.722168 13.0354 1.64502
v -6.349121 13.16626 4.680176
v -6.351074 13.16821 2.000488
vn -0.0234375 0.8183594 -0.5761719
vn 0.06640625 0.5996094 0.796875
vn 0.0703125 0.71875 -0.6933594
vn 0.140625 0.7304688 0.6699219
vt 0.6044922 0.2216797
vt 0.5678711 0.2216797
vt 0.5112305 0.2226563
vt 0.5112305 0.2226563
f 639/639/639 640/640/640 641/641/641
f 640/640/640 642/642/642 641/641/641
v 7.119141 31.29663 7.964355
v 0 32.17163 11.271
v 7.324219 24.52905 9.944824
v 0 25.39429 12.97217
vn 0.265625 -0.4335938 0.8613281
vn 0.2695313 0 0.9628906
vn 0.2207031 -0.3652344 0.9042969
vn 0.2695313 0 0.9628906
vt 0.7485352 0.6789551
vt 0.5 0.6777344
vt 0.7485352 0.5561523
vt 0.5 0.5568848
f 643/643/643 644/644/644 645/645/645
f 644/644/644 646/646/646 645/645/645
v 6.601563 28.93726 8.82373
v 6.601563 27.71655 9.190918
v 5.853516 27.13843 1.286621
v -4.01001 -2.582764 8.640137
v -1.0354 -3.594482 6.520996
v -1.951416 -1.326904 5.413574
v -5.552734 16.67041 1.780029
v 0 22.88721 4.36792
v 0 17.49268 -3.167236
v 2 2.842285 5.05542
v -2 2.842285 5.05542
v 0 2.516113 -2.046143
v 1.662354 -5.862061 2.050293
v 6.672119 -5.862061 7.880371
v 1.211182 -5.862061 7.880371
v 5.404297 21.60718 -0.6098633
v 0 22.23022 -3.469238
v 5.615234 25.17358 -0.2524414
v -4.01001 -2.582764 8.640137
v -7.615479 -3.594482 6.520996
v -4.01001 -5.256592 9.774902
v 1.211182 -5.862061 7.880371
v 6.672119 -5.862061 7.880371
v 4.01001 -5.256592 9.774902
v 4.01001 -2.582764 8.640137
v 7.615479 -3.594482 6.520996
v 6.008057 -1.326904 5.413574
v -16.37183 16.81274 3.621582
v -12.7937 16.10376 5.023926
v -12.7937 16.10376 1.760254
v -20.77808 15.12524 5.29541
v -16.05347 14.5979 5.73877
v -16.37183 16.81274 3.621582
v 8.722656 13.03394 1.64502
v 8.861084 16.07886 1.734863
v 9.128662 13.03394 1.64502
v 0.3378906 21.38501 -7.590088
v 0 19.33813 2.978271
v 2.457031 19.14673 -7.513916
v 9.128662 13.03394 1.64502
v 10.2146 13.03394 4.82666
v 8.722656 13.03394 1.64502
v 1.058594 25.04663 13.53857
v -1.058594 25.04663 13.53857
v 0 24.69702 6.790527
v 0 26.99194 13.19092
v -1.380859 26.16772 13.31982
v 0 26.22827 14.17139
v 1.380859 26.16772 13.31982
v 0 26.99194 13.19092
v 0 26.22827 14.17139
v 20.77905 15.12378 1.479004
v 16.37085 16.81128 3.621582
v 20.77905 15.12378 5.29541
v -0.09765625 31.89038 9.411621
v 1.378906 35.31616 6.782715
v 0.3222656 33.9978 9.282715
v -1.662354 -5.862061 2.050293
v -1.211182 -5.862061 7.880371
v -6.672119 -5.862061 7.880371
v -20.77808 15.12524 1.479004
v -12.7937 13.30493 1.768066
v -15.69019 13.44165 3.752441
v -9.127686 13.0354 1.64502
v -8.722168 13.0354 1.64502
v -10.21558 13.0354 4.82666
v 0 8.852051 9.520264
v 4.820313 12.85205 8.104248
v 0 12.69971 9.39917
v -6.601563 28.93726 8.82373
v -5.853516 27.13843 1.286621
v -6.601563 27.71655 9.190918
v 1.927734 19.98608 12.94482
v -1.927734 19.98608 12.94482
v 1.011719 18.00952 10.31787
v 5.347656 19.3689 10.53857
v 5.912109 21.84937 11.6167
v 1.927734 19.98608 12.94482
v -5.347656 19.3689 10.53857
v -1.927734 19.98608 12.94482
v -5.912109 21.84937 11.6167
vn -0.02734375 -0.9960938 -0.09179688
vn -0.02734375 -0.9960938 -0.09179688
vn -0.02734375 -0.9960938 -0.09179688
vn 0.6328125 0.1503906 -0.7597656
vn 0.3300781 0.8769531 -0.3515625
vn 0.4335938 0.8261719 -0.3613281
vn 0.6933594 0.703125 -0.1601563
vn 0.9785156 0 0.2109375
vn 0.8125 0 -0.5820313
vn -0.8789063 -0.3457031 0.3300781
vn -0.8789063 0.3457031 0.3300781
vn -1 0 -0.04101563
vn 0.8867188 -0.4179688 -0.2011719
vn 0.8613281 0.4160156 0.2910156
vn 0.4082031 -0.8085938 0.4257813
vn -0.3066406 -0.6894531 -0.65625
vn -0.1582031 0 -0.9882813
vn 0.3652344 -0.7441406 -0.5605469
vn 0.6328125 0.1503906 -0.7597656
vn 0.203125 -0.8867188 -0.4140625
vn -0.03515625 -0.2128906 -0.9765625
vn 0.4082031 -0.8085938 0.4257813
vn 0.8613281 0.4160156 0.2910156
vn 0.03515625 0.2128906 0.9765625
vn -0.6328125 -0.1503906 0.7597656
vn -0.203125 0.8867188 0.4140625
vn -0.546875 0.6191406 0.5644531
vn -0.09375 -0.9863281 -0.1289063
vn 0.06445313 -0.7324219 -0.6777344
vn 0.1210938 -0.7011719 0.703125
vn -0.5507813 0.1308594 -0.8242188
vn -0.5722656 -0.5605469 -0.5976563
vn -0.09375 -0.9863281 -0.1289063
vn -0.06640625 -0.5996094 -0.796875
vn -0.03515625 0.5761719 -0.8164063
vn 0.03125 -0.5390625 -0.8417969
vn 0.2949219 0.953125 0.07421875
vn -0.9550781 0.1152344 -0.2734375
vn 0.2382813 -0.2207031 0.9453125
vn 0.03125 -0.5390625 -0.8417969
vn 0.0234375 -0.8164063 0.5761719
vn -0.06640625 -0.5996094 -0.796875
vn -0.6210938 -0.5214844 0.5839844
vn -0.6210938 0.5214844 0.5839844
vn 0.03320313 0 -1
vn 0.9785156 0 0.2109375
vn 0.4394531 0.828125 0.3476563
vn 0.2695313 0 0.9628906
vn 0.4394531 -0.828125 0.3476563
vn 0.9785156 0 0.2109375
vn 0.2695313 0 0.9628906
vn 0.5722656 -0.2792969 -0.7695313
vn 0.09375 0.9882813 0.1289063
vn 0.5507813 -0.1308594 0.8242188
vn -0.6699219 0.00390625 -0.7421875
vn 0.546875 -0.8359375 -0.06054688
vn 0.6171875 -0.7128906 0.3339844
vn -0.8867188 0.4179688 0.2011719
vn -0.4082031 0.8085938 -0.4257813
vn -0.8613281 -0.4160156 -0.2910156
vn -0.5722656 0.2792969 0.7695313
vn -0.04882813 0.8164063 0.5761719
vn -0.3339844 0.9394531 0.0859375
vn -0.03125 0.5390625 0.8417969
vn 0.06640625 0.5996094 0.796875
vn -0.0234375 0.8183594 -0.5761719
vn -0.1308594 0 0.9921875
vn 0.1835938 -0.5761719 0.796875
vn 0.171875 0 0.984375
vn -0.02734375 0.9960938 -0.09179688
vn -0.02734375 0.9960938 -0.09179688
vn -0.02734375 0.9960938 -0.09179688
vn -0.6601563 -0.2480469 0.7089844
vn -0.6835938 0.2148438 0.6972656
vn -0.9335938 -0.2109375 0.2871094
vn -0.6835938 -0.5839844 0.4394531
vn -0.02148438 -0.6835938 0.7304688
vn -0.6601563 -0.2480469 0.7089844
vn -0.6835938 0.5839844 0.4394531
vn -0.6835938 0.2148438 0.6972656
vn -0.02148438 0.6835938 0.7304688
vt 0.7036133 0.5759277
vt 0.7036133 0.572998
vt 0.7172852 0.5742188
vt 0.4199219 -0.7419434
vt 0.4204102 -0.7365723
vt 0.4208984 -0.7387695
vt 0.1899414 -0.3188477
vt 0.04833984 -0.2229004
vt 0.2182617 -0.3161621
vt 1.079102 -0.4899902
vt 1.078613 -0.4902344
vt 1.182617 -0.5078125
vt 0.4213867 -0.7387695
vt 0.4204102 -0.746582
vt 0.4204102 -0.7368164
vt 0.6313477 1.692871
vt 0.6323242 1.692871
vt 0.6313477 1.691895
vt 0.3417969 -0.7250977
vt 0.3305664 -0.6799316
vt 0.3295898 -0.7250977
vt 0.3198242 -0.7597656
vt 0.3198242 -0.6918945
vt 0.3295898 -0.7250977
vt 0.4199219 -0.7419434
vt 0.4208984 -0.7475586
vt 0.4208984 -0.7446289
vt 0.6513672 1.743652
vt 0.6630859 1.744141
vt 0.6538086 1.744141
vt 0.2563477 -0.2407227
vt 0.3662109 -0.2331543
vt 0.3823242 -0.2746582
vt 0.6445313 1.745361
vt 0.6538086 1.745361
vt 0.6445313 1.744629
vt -0.03369141 -0.2758789
vt -0.2226563 -0.3178711
vt -0.2241211 -0.2924805
vt 0.6904297 1.744629
vt 0.6206055 1.746826
vt 0.6904297 1.745361
vt 0.637207 1.689941
vt 0.6357422 1.689941
vt 0.6357422 1.697998
vt 0.6328125 1.689941
vt 0.6342773 1.689941
vt 0.6357422 1.685791
vt 0.6391602 1.689941
vt 0.640625 1.689941
vt 0.6357422 1.685791
vt 0.2568359 -0.3100586
vt 0.3823242 -0.2746582
vt 0.2563477 -0.2407227
vt 0.5 -0.3674316
vt 0.5009766 -0.3652344
vt 0.5004883 -0.3666992
vt 0.4213867 -0.7387695
vt 0.4204102 -0.7368164
vt 0.4204102 -0.746582
vt 0.2568359 -0.3100586
vt 0.434082 -0.3061523
vt 0.4003906 -0.2722168
vt 0.6904297 1.744629
vt 0.6904297 1.745361
vt 0.6206055 1.746826
vt 0.9956055 -0.4162598
vt 1.004883 -0.3781738
vt 0.9956055 -0.3791504
vt 0.7036133 0.5759277
vt 0.7172852 0.5742188
vt 0.7036133 0.572998
vt 0.5610352 -0.2348633
vt 0.5610352 -0.2348633
vt 0.5341797 -0.2387695
vt 0.6381836 1.693848
vt 0.6381836 1.692871
vt 0.6376953 1.693848
vt 0.6381836 1.693848
vt 0.6376953 1.693848
vt 0.6381836 1.692871
f 647/647/647 648/648/648 649/649/649
f 650/650/650 651/651/651 652/652/652
f 653/653/653 654/654/654 655/655/655
f 656/656/656 657/657/657 658/658/658
f 659/659/659 660/660/660 661/661/661
f 662/662/662 663/663/663 664/664/664
f 665/665/665 666/666/666 667/667/667
f 668/668/668 669/669/669 670/670/670
f 671/671/671 672/672/672 673/673/673
f 674/674/674 675/675/675 676/676/676
f 677/677/677 678/678/678 679/679/679
f 680/680/680 681/681/681 682/682/682
f 683/683/683 684/684/684 685/685/685
f 686/686/686 687/687/687 688/688/688
f 689/689/689 690/690/690 691/691/691
f 692/692/692 693/693/693 694/694/694
f 695/695/695 696/696/696 697/697/697
f 698/698/698 699/699/699 700/700/700
f 701/701/701 702/702/702 703/703/703
f 704/704/704 705/705/705 706/706/706
f 707/707/707 708/708/708 709/709/709
f 710/710/710 711/711/711 712/712/712
f 713/713/713 714/714/714 715/715/715
f 716/716/716 717/717/717 718/718/718
f 719/719/719 720/720/720 721/721/721
f 722/722/722 723/723/723 724/724/724
f 725/725/725 726/726/726 727/727/727
g polygon3
usemtl mat_c_eye
v -1.253906 -3.621582 18.32495
v -1.585938 0.3608398 17.52808
v -6.251953 -3.059082 16.76831
v 1.253906 -3.621582 18.32495
v 6.251953 -3.059082 16.76831
v 1.585938 0.3608398 17.52808
vn NaN 0 0
vn NaN 0 0
vn NaN 0 0
vn NaN 0 0
vn NaN 0 0
vn NaN 0 0
vt 2.230469 -0.7480469
vt 2.289063 -0.02148438
vt 3.142578 -0.5878906
vt 2.230469 -0.7480469
vt 3.142578 -0.5878906
vt 2.289063 -0.02148438
f 728/728/728 729/729/729 730/730/730
f 731/731/731 732/732/732 733/733/733
g polygon4
usemtl mat_thunder_j
v 12.93164 -0.4438477 6.633545
v 13.09961 1.72998 -0.7609863
v 13.01367 4.263184 7.018311
v 12.10938 5.153809 -0.5715332
v 10.84961 6.962402 7.309326
v 7.582031 8.452637 0.0222168
v 7.523438 7.89209 7.504639
v 2.644531 7.224121 6.578857
v 5.605469 4.491699 11.71948
v 0 5.353027 6.188232
vn 0.3691406 -0.9199219 0.140625
vn 0.4082031 -0.9101563 0.06835938
vn 0.2890625 -0.9257813 0.2460938
vn 0.5878906 -0.7890625 -0.1757813
vn 0.8027344 -0.5585938 0.2109375
vn 0.9765625 -0.1191406 -0.1757813
vn 0.921875 -0.03320313 0.3867188
vn 0.8925781 0.3632813 0.265625
vn 0.7871094 -0.1113281 0.6054688
vn 0.9941406 0 0.1074219
vt 0.2587891 -0.2045898
vt 0.4091797 -0.1831055
vt 0.269043 -0.1608887
vt 0.4174805 -0.1428223
vt 0.2705078 -0.1113281
vt 0.4106445 -0.05834961
vt 0.2646484 -0.06591797
vt 0.2719727 -0.01782227
vt 0.1679688 -0.07836914
vt 0.2685547 -0.006103516
f 734/734/734 735/735/735 736/736/736
f 735/735/735 737/737/737 736/736/736
f 736/736/736 737/737/737 738/738/738
f 737/737/737 739/739/739 738/738/738
f 738/738/738 739/739/739 740/740/740
f 739/739/739 741/741/741 740/740/740
f 740/740/740 741/741/741 742/742/742
f 741/741/741 743/743/743 742/742/742
v 4.611328 -13.81689 -7.813721
v 9.980469 -13.42432 -5.618408
v 5.095703 -17.52197 -4.893799
v 10.24805 -17.13525 -2.089111
v 5.177734 -19.52197 -0.4465332
v 10.33203 -18.05908 4.174561
v 5.257813 -19.6665 5.135498
v 6.001953 -17.65088 9.733154
v 0 -15.86377 12.62769
v 6.919922 -12.15869 13.9519
vn -0.6972656 -0.1464844 -0.7011719
vn -0.6953125 -0.5351563 -0.4804688
vn -0.7675781 -0.07421875 -0.6367188
vn -0.6660156 -0.6660156 -0.3359375
vn -0.9785156 0.00390625 -0.203125
vn -0.78125 -0.6035156 0.1640625
vn -0.9804688 0.009765625 0.1972656
vn -0.765625 -0.3222656 0.5566406
vn -0.8320313 0 0.5546875
vn -0.5898438 -0.2890625 0.7539063
vt 0.4956055 -0.1025391
vt 0.4628906 -0.05859375
vt 0.4272461 -0.1342773
vt 0.4033203 -0.06689453
vt 0.3803711 -0.1362305
vt 0.2949219 -0.05786133
vt 0.3105469 -0.1342773
vt 0.2431641 -0.1252441
vt 0.1914063 -0.1799316
vt 0.1650391 -0.1105957
f 744/744/744 745/745/745 746/746/746
f 745/745/745 747/747/747 746/746/746
f 746/746/746 747/747/747 748/748/748
f 747/747/747 749/749/749 748/748/748
f 748/748/748 749/749/749 750/750/750
f 749/749/749 751/751/751 750/750/750
f 750/750/750 751/751/751 752/752/752
f 751/751/751 753/753/753 752/752/752
v -4.935547 -7.646973 16.97925
v 0 -5.371582 18.61206
v -5.755859 -3.570801 16.72339
v 0 -0.03564453 17.58667
v -4.537109 0.1811523 16.05347
v 0 5.054199 13.90503
v -5.605469 4.491699 11.71948
v 0 6.085449 10.04565
v 0 5.353027 6.188232
v 5.605469 4.491699 11.71948
vn -0.2832031 0.2539063 0.9257813
vn -0.04296875 0 0.9980469
vn 0.2207031 0.3652344 0.9042969
vn 0.3574219 0 0.9335938
vn 0.4335938 0.4414063 0.7851563
vn 0.7753906 0 0.6308594
vn 0.7871094 0.1113281 0.6054688
vn 0.9980469 0 0.04101563
vn 0.9941406 0 0.1074219
vn 0.7871094 -0.1113281 0.6054688
vt 1.102051 -0.1445313
vt 1 -0.1169434
vt 1.145508 -0.1015625
vt 1 -0.05566406
vt 1.089844 -0.05371094
vt 1 -0.01269531
vt 1.09668 -0.002929688
vt 1 0.002441406
vt 1 0.0004882813
vt 1.09668 -0.002929688
f 754/754/754 755/755/755 756/756/756
f 755/755/755 757/757/757 756/756/756
f 756/756/756 757/757/757 758/758/758
f 757/757/757 759/759/759 758/758/758
f 758/758/758 759/759/759 760/760/760
f 759/759/759 761/761/761 760/760/760
f 760/760/760 761/761/761 762/762/762
f 761/761/761 763/763/763 762/762/762
v -11.38672 -0.3227539 10.93823
v -8.484375 0.7006836 12.33081
v -9.474609 5.030762 11.13159
v -5.605469 4.491699 11.71948
v -7.523438 7.89209 7.504639
v -2.644531 7.224121 6.578857
v -7.582031 8.452637 0.0222168
v -2.666016 7.245605 0.6999512
v -4.544922 6.231934 -3.282471
v 0 3.929199 -2.911377
vn 0.4023438 0.7382813 0.5429688
vn 0.4335938 0.4414063 0.7851563
vn 0.5039063 0.421875 0.7539063
vn 0.7871094 0.1113281 0.6054688
vn 0.921875 0.03320313 0.3867188
vn 0.8925781 -0.3632813 0.265625
vn 0.9765625 0.1191406 -0.1757813
vn 0.8671875 -0.4648438 -0.1816406
vn 0.890625 -0.2128906 -0.4003906
vn 0.9609375 0 -0.2773438
vt 0.1743164 -0.1879883
vt 0.1464844 -0.1467285
vt 0.1875 -0.1159668
vt 0.1679688 -0.07836914
vt 0.2646484 -0.06591797
vt 0.2719727 -0.01782227
vt 0.4106445 -0.05834961
vt 0.3852539 -0.015625
vt 0.4609375 -0.04467773
vt 0.4375 -0.01635742
f 764/764/764 765/765/765 766/766/766
f 765/765/765 767/767/767 766/766/766
f 766/766/766 767/767/767 768/768/768
f 767/767/767 769/769/769 768/768/768
f 768/768/768 769/769/769 770/770/770
f 769/769/769 771/771/771 770/770/770
f 770/770/770 771/771/771 772/772/772
f 771/771/771 773/773/773 772/772/772
v -4.611328 -13.81689 -7.813721
v -12.51953 -11.18604 -7.751221
v -8.017578 -8.227051 -10.92896
v -13.87695 -6.818848 -9.596924
v -10.44141 -1.955566 -11.96411
v -14.1875 -0.3969727 -10.03052
v -11.35938 2.851074 -9.958252
v -15.49609 0.9545898 -3.798096
v -10.25977 5.040527 -4.889893
v -13.09961 1.72998 -0.7609863
vn -0.6972656 0.1464844 -0.7011719
vn -0.6328125 0.5527344 -0.5429688
vn -0.3378906 0.2851563 -0.8964844
vn -0.2773438 0.609375 -0.7441406
vn 0.06054688 0.1894531 -0.9804688
vn 0.2089844 0.765625 -0.609375
vn 0.6816406 0.3339844 -0.6503906
vn 0.5410156 0.8398438 0.02929688
vn 0.8398438 0.4589844 -0.2851563
vn 0.4082031 0.9101563 0.06835938
vt 0.5009766 -0.2050781
vt 0.4091797 -0.1933594
vt 0.4975586 -0.1508789
vt 0.418457 -0.1384277
vt 0.4755859 -0.08691406
vt 0.4194336 -0.07177734
vt 0.4174805 -0.0234375
vt 0.2744141 -0.05664063
vt 0.3295898 -0.007324219
vt 0.1782227 -0.03515625
f 774/774/774 775/775/775 776/776/776
f 775/775/775 777/777/777 776/776/776
f 776/776/776 777/777/777 778/778/778
f 777/777/777 779/779/779 778/778/778
f 778/778/778 779/779/779 780/780/780
f 779/779/779 781/781/781 780/780/780
f 780/780/780 781/781/781 782/782/782
f 781/781/781 783/783/783 782/782/782
v 13.09961 1.72998 -0.7609863
v 14.86133 -3.13916 2.074951
v 15.49609 0.9545898 -3.798096
v 16.43945 -6.27002 -4.204346
v 14.1875 -0.3969727 -10.03052
v 13.87695 -6.818848 -9.596924
v 10.44141 -1.955566 -11.96411
v 8.017578 -8.227051 -10.92896
v 6.535156 0.4995117 -11.13208
vn 0.4082031 -0.9101563 0.06835938
vn 0.3691406 -0.9199219 0.140625
vn 0.5410156 -0.8398438 0.02929688
vn -0.1582031 -0.9804688 -0.1132813
vn 0.2089844 -0.765625 -0.609375
vn -0.2773438 -0.609375 -0.7441406
vn 0.06054688 -0.1894531 -0.9804688
vn -0.3378906 -0.2851563 -0.8964844
vn 0.34375 -0.1875 -0.9199219
vt 0.1782227 -0.03515625
vt 0.1616211 -0.09912109
vt 0.2744141 -0.05664063
vt 0.3232422 -0.1330566
vt 0.4194336 -0.07177734
vt 0.418457 -0.1384277
vt 0.4755859 -0.08691406
vt 0.4975586 -0.1508789
vt 0.496582 -0.02148438
f 784/784/784 785/785/785 786/786/786
f 785/785/785 787/787/787 786/786/786
f 786/786/786 787/787/787 788/788/788
f 787/787/787 789/789/789 788/788/788
f 788/788/788 789/789/789 790/790/790
f 789/789/789 791/791/791 790/790/790
f 790/790/790 791/791/791 792/792/792
v 5.755859 -3.570801 16.72339
v 4.935547 -7.646973 16.97925
v 10.37305 -7.715332 15.30737
v 6.919922 -12.15869 13.9519
v 11.51367 -11.18994 12.96167
v 10.25 -13.91064 9.778076
v 14.59375 -11.46338 7.006592
v 12.80469 -13.32666 4.049561
v 14.91406 -8.20752 1.258545
vn 0.2207031 -0.3652344 0.9042969
vn -0.2832031 -0.2539063 0.9257813
vn -0.1757813 -0.4453125 0.8789063
vn -0.5898438 -0.2890625 0.7539063
vn -0.5644531 -0.5566406 0.609375
vn -0.6835938 -0.5839844 0.4394531
vn -0.5332031 -0.8320313 0.1523438
vn -0.5234375 -0.8515625 -0.001953125
vn -0.3242188 -0.9453125 0.001953125
vt 0.1616211 -0.07373047
vt 0.1665039 -0.1291504
vt 0.2294922 -0.1208496
vt 0.2226563 -0.1821289
vt 0.284668 -0.1523438
vt 0.3134766 -0.2058105
vt 0.4101563 -0.15625
vt 0.4277344 -0.2072754
vt 0.4941406 -0.128418
f 793/793/793 794/794/794 795/795/795
f 794/794/794 796/796/796 795/795/795
f 795/795/795 796/796/796 797/797/797
f 796/796/796 798/798/798 797/797/797
f 797/797/797 798/798/798 799/799/799
f 798/798/798 800/800/800 799/799/799
f 799/799/799 800/800/800 801/801/801
v -4.935547 -7.646973 16.97925
v -5.755859 -3.570801 16.72339
v -10.37305 -7.715332 15.30737
v -11.44531 -2.984863 14.10229
v -14.83789 -6.850098 11.46167
v -14.53125 -2.213379 7.539795
v -16.33789 -5.799316 7.098389
v -14.86133 -3.13916 2.074951
v -14.91406 -8.20752 1.258545
vn -0.2832031 0.2539063 0.9257813
vn 0.2207031 0.3652344 0.9042969
vn -0.1757813 0.4453125 0.8789063
vn 0.421875 0.6035156 0.6777344
vn -0.02929688 0.84375 0.5351563
vn 0.5371094 0.8105469 0.2324219
vn 0.06640625 0.9960938 0.05273438
vn 0.3691406 0.9199219 0.140625
vn -0.3242188 0.9453125 0.001953125
vt 0.1665039 -0.1291504
vt 0.1616211 -0.07373047
vt 0.2294922 -0.1208496
vt 0.2597656 -0.05664063
vt 0.3369141 -0.1003418
vt 0.4091797 -0.04638672
vt 0.4150391 -0.09472656
vt 0.480957 -0.05957031
vt 0.4941406 -0.128418
f 802/802/802 803/803/803 804/804/804
f 803/803/803 805/805/805 804/804/804
f 804/804/804 805/805/805 806/806/806
f 805/805/805 807/807/807 806/806/806
f 806/806/806 807/807/807 808/808/808
f 807/807/807 809/809/809 808/808/808
f 808/808/808 809/809/809 810/810/810
v 4.966797 4.901855 -7.469971
v 6.535156 0.4995117 -11.13208
v 0 1.415527 -12.64771
v 0 -2.836426 -14.30396
v -6.535156 0.4995117 -11.13208
v -5.378906 -7.602051 -13.12036
v -8.017578 -8.227051 -10.92896
v -4.611328 -13.81689 -7.813721
vn 0.8886719 0.06835938 -0.453125
vn 0.34375 -0.1875 -0.9199219
vn 0.6796875 0 -0.7324219
vn 0.1953125 0 -0.9804688
vn 0.34375 0.1875 -0.9199219
vn -0.2929688 0.3652344 -0.8828125
vn -0.3378906 0.2851563 -0.8964844
vn -0.6972656 0.1464844 -0.7011719
vt 0.1787109 -0.009521484
vt 0.1772461 -0.04711914
vt 0.328125 -0.04736328
vt 0.328125 -0.08813477
vt 0.1772461 -0.04711914
vt 0.2177734 -0.1396484
vt 0.1621094 -0.1201172
vt 0.2016602 -0.2041016
f 811/811/811 812/812/812 813/813/813
f 812/812/812 814/814/814 813/813/813
f 813/813/813 814/814/814 815/815/815
f 814/814/814 816/816/816 815/815/815
f 815/815/815 816/816/816 817/817/817
f 816/816/816 818/818/818 817/817/817
v 5.755859 -3.570801 16.72339
v 10.37305 -7.715332 15.30737
v 11.44531 -2.984863 14.10229
v 14.83789 -6.850098 11.46167
v 14.53125 -2.213379 7.539795
v 16.33789 -5.799316 7.098389
v 14.86133 -3.13916 2.074951
v 14.91406 -8.20752 1.258545
vn 0.2207031 -0.3652344 0.9042969
vn -0.1757813 -0.4453125 0.8789063
vn 0.421875 -0.6035156 0.6777344
vn -0.02929688 -0.84375 0.5351563
vn 0.5371094 -0.8105469 0.2324219
vn 0.06640625 -0.9960938 0.05273438
vn 0.3691406 -0.9199219 0.140625
vn -0.3242188 -0.9453125 0.001953125
vt 0.1616211 -0.07373047
vt 0.2294922 -0.1208496
vt 0.2597656 -0.05664063
vt 0.3369141 -0.1003418
vt 0.4091797 -0.04638672
vt 0.4150391 -0.09472656
vt 0.480957 -0.05957031
vt 0.4941406 -0.128418
f 819/819/819 820/820/820 821/821/821
f 820/820/820 822/822/822 821/821/821
f 821/821/821 822/822/822 823/823/823
f 822/822/822 824/824/824 823/823/823
f 823/823/823 824/824/824 825/825/825
f 824/824/824 826/826/826 825/825/825
v -4.544922 6.231934 -3.282471
v -10.25977 5.040527 -4.889893
v -7.582031 8.452637 0.0222168
v -12.10938 5.153809 -0.5715332
v -10.84961 6.962402 7.309326
v -13.01367 4.263184 7.018311
v -9.474609 5.030762 11.13159
v -11.38672 -0.3227539 10.93823
vn 0.890625 -0.2128906 -0.4003906
vn 0.8398438 0.4589844 -0.2851563
vn 0.9765625 0.1191406 -0.1757813
vn 0.5878906 0.7890625 -0.1757813
vn 0.8027344 0.5585938 0.2109375
vn 0.2890625 0.9257813 0.2460938
vn 0.5039063 0.421875 0.7539063
vn 0.4023438 0.7382813 0.5429688
vt 0.4609375 -0.04467773
vt 0.4970703 -0.112793
vt 0.4106445 -0.05834961
vt 0.4174805 -0.1428223
vt 0.2705078 -0.1113281
vt 0.269043 -0.1608887
vt 0.1875 -0.1159668
vt 0.1743164 -0.1879883
f 827/827/827 828/828/828 829/829/829
f 828/828/828 830/830/830 829/829/829
f 829/829/829 830/830/830 831/831/831
f 830/830/830 832/832/832 831/831/831
f 831/831/831 832/832/832 833/833/833
f 832/832/832 834/834/834 833/833/833
v 6.535156 0.4995117 -11.13208
v 5.378906 -7.602051 -13.12036
v 0 -2.836426 -14.30396
v 0 -7.275879 -14.45044
v -5.378906 -7.602051 -13.12036
v 0 -12.05322 -10.55786
v -4.611328 -13.81689 -7.813721
v 0 -16.88721 -2.436768
vn 0.34375 -0.1875 -0.9199219
vn -0.2929688 -0.3652344 -0.8828125
vn 0.1953125 0 -0.9804688
vn -0.3222656 0 -0.9472656
vn -0.2929688 0.3652344 -0.8828125
vn -0.7285156 0 -0.6855469
vn -0.6972656 0.1464844 -0.7011719
vn -0.8789063 0 -0.4765625
vt 0.1772461 -0.04711914
vt 0.2177734 -0.1396484
vt 0.328125 -0.08813477
vt 0.328125 -0.1408691
vt 0.2177734 -0.1396484
vt 0.328125 -0.1948242
vt 0.2016602 -0.2041016
vt 0.328125 -0.2109375
f 835/835/835 836/836/836 837/837/837
f 836/836/836 838/838/838 837/837/837
f 837/837/837 838/838/838 839/839/839
f 838/838/838 840/840/840 839/839/839
f 839/839/839 840/840/840 841/841/841
f 840/840/840 842/842/842 841/841/841
v -4.935547 -7.646973 16.97925
v -10.37305 -7.715332 15.30737
v -6.919922 -12.15869 13.9519
v -11.51367 -11.18994 12.96167
v -10.25 -13.91064 9.778076
v -14.59375 -11.46338 7.006592
v -12.80469 -13.32666 4.049561
v -14.91406 -8.20752 1.258545
vn -0.2832031 0.2539063 0.9257813
vn -0.1757813 0.4453125 0.8789063
vn -0.5898438 0.2890625 0.7539063
vn -0.5644531 0.5566406 0.609375
vn -0.6835938 0.5839844 0.4394531
vn -0.5332031 0.8320313 0.1523438
vn -0.5234375 0.8515625 -0.001953125
vn -0.3242188 0.9453125 0.001953125
vt 0.1665039 -0.1291504
vt 0.2294922 -0.1208496
vt 0.2226563 -0.1821289
vt 0.284668 -0.1523438
vt 0.3134766 -0.2058105
vt 0.4101563 -0.15625
vt 0.4277344 -0.2072754
vt 0.4941406 -0.128418
f 843/843/843 844/844/844 845/845/845
f 844/844/844 846/846/846 845/845/845
f 845/845/845 846/846/846 847/847/847
f 846/846/846 848/848/848 847/847/847
f 847/847/847 848/848/848 849/849/849
f 848/848/848 850/850/850 849/849/849
v -12.63672 -12.21924 -1.911377
v -10.24805 -17.13525 -2.089111
v -12.80469 -13.32666 4.049561
v -10.33203 -18.05908 4.174561
v -10.25 -13.91064 9.778076
v -6.001953 -17.65088 9.733154
v -6.919922 -12.15869 13.9519
v 0 -15.86377 12.62769
vn -0.5605469 0.8203125 -0.1113281
vn -0.6660156 0.6660156 -0.3359375
vn -0.5234375 0.8515625 -0.001953125
vn -0.78125 0.6035156 0.1640625
vn -0.6835938 0.5839844 0.4394531
vn -0.765625 0.3222656 0.5566406
vn -0.5898438 0.2890625 0.7539063
vn -0.8320313 0 0.5546875
vt 0.4301758 -0.01464844
vt 0.4033203 -0.06689453
vt 0.2827148 -0.007324219
vt 0.2949219 -0.05786133
vt 0.2158203 -0.03833008
vt 0.2431641 -0.1252441
vt 0.1650391 -0.1105957
vt 0.1914063 -0.1799316
f 851/851/851 852/852/852 853/853/853
f 852/852/852 854/854/854 853/853/853
f 853/853/853 854/854/854 855/855/855
f 854/854/854 856/856/856 855/855/855
f 855/855/855 856/856/856 857/857/857
f 856/856/856 858/858/858 857/857/857
v 6.919922 -12.15869 13.9519
v 6.001953 -17.65088 9.733154
v 10.25 -13.91064 9.778076
v 10.33203 -18.05908 4.174561
v 12.80469 -13.32666 4.049561
v 10.24805 -17.13525 -2.089111
v 12.63672 -12.21924 -1.911377
v 9.980469 -13.42432 -5.618408
vn -0.5898438 -0.2890625 0.7539063
vn -0.765625 -0.3222656 0.5566406
vn -0.6835938 -0.5839844 0.4394531
vn -0.78125 -0.6035156 0.1640625
vn -0.5234375 -0.8515625 -0.001953125
vn -0.6660156 -0.6660156 -0.3359375
vn -0.5605469 -0.8203125 -0.1113281
vn -0.6953125 -0.5351563 -0.4804688
vt 0.1650391 -0.1105957
vt 0.2431641 -0.1252441
vt 0.2158203 -0.03833008
vt 0.2949219 -0.05786133
vt 0.2827148 -0.007324219
vt 0.4033203 -0.06689453
vt 0.4301758 -0.01464844
vt 0.4628906 -0.05859375
f 859/859/859 860/860/860 861/861/861
f 860/860/860 862/862/862 861/861/861
f 861/861/861 862/862/862 863/863/863
f 862/862/862 864/864/864 863/863/863
f 863/863/863 864/864/864 865/865/865
f 864/864/864 866/866/866 865/865/865
v 4.611328 -13.81689 -7.813721
v 5.095703 -17.52197 -4.893799
v 0 -16.88721 -2.436768
v 5.177734 -19.52197 -0.4465332
v 0 -18.06299 4.112061
v 5.257813 -19.6665 5.135498
v 0 -15.86377 12.62769
vn -0.6972656 -0.1464844 -0.7011719
vn -0.7675781 -0.07421875 -0.6367188
vn -0.8789063 0 -0.4765625
vn -0.9785156 0.00390625 -0.203125
vn -1 0 0.01953125
vn -0.9804688 0.009765625 0.1972656
vn -0.8320313 0 0.5546875
vt 0.4956055 -0.1025391
vt 0.4272461 -0.1342773
vt 0.4223633 -0.1970215
vt 0.3803711 -0.1362305
vt 0.3447266 -0.2041016
vt 0.3105469 -0.1342773
vt 0.1914063 -0.1799316
f 867/867/867 868/868/868 869/869/869
f 868/868/868 870/870/870 869/869/869
f 869/869/869 870/870/870 871/871/871
f 870/870/870 872/872/872 871/871/871
f 871/871/871 872/872/872 873/873/873
v -12.63672 -12.21924 -1.911377
v -9.980469 -13.42432 -5.618408
v -10.24805 -17.13525 -2.089111
v -5.095703 -17.52197 -4.893799
v -5.177734 -19.52197 -0.4465332
v 0 -16.88721 -2.436768
v 0 -18.06299 4.112061
vn -0.5605469 0.8203125 -0.1113281
vn -0.6953125 0.5351563 -0.4804688
vn -0.6660156 0.6660156 -0.3359375
vn -0.7675781 0.07421875 -0.6367188
vn -0.9785156 0.00390625 -0.203125
vn -0.8789063 0 -0.4765625
vn -1 0 0.01953125
vt 0.4301758 -0.01464844
vt 0.4628906 -0.05859375
vt 0.4033203 -0.06689453
vt 0.4272461 -0.1342773
vt 0.3803711 -0.1362305
vt 0.4223633 -0.1970215
vt 0.3447266 -0.2041016
f 874/874/874 875/875/875 876/876/876
f 875/875/875 877/877/877 876/876/876
f 876/876/876 877/877/877 878/878/878
f 877/877/877 879/879/879 878/878/878
f 878/878/878 879/879/879 880/880/880
v -5.755859 -3.570801 16.72339
v -8.484375 0.7006836 12.33081
v -11.44531 -2.984863 14.10229
v -11.38672 -0.3227539 10.93823
v -14.53125 -2.213379 7.539795
v -12.93164 -0.4438477 6.633545
v -14.86133 -3.13916 2.074951
vn 0.2207031 0.3652344 0.9042969
vn 0.4335938 0.4414063 0.7851563
vn 0.421875 0.6035156 0.6777344
vn 0.4023438 0.7382813 0.5429688
vn 0.5371094 0.8105469 0.2324219
vn 0.3691406 0.9199219 0.140625
vn 0.3691406 0.9199219 0.140625
vt 0.1616211 -0.07373047
vt 0.2548828 -0.007080078
vt 0.2597656 -0.05664063
vt 0.3076172 -0.02075195
vt 0.4091797 -0.04638672
vt 0.3901367 -0.02270508
vt 0.480957 -0.05957031
f 881/881/881 882/882/882 883/883/883
f 882/882/882 884/884/884 883/883/883
f 883/883/883 884/884/884 885/885/885
f 884/884/884 886/886/886 885/885/885
f 885/885/885 886/886/886 887/887/887
v -6.919922 -12.15869 13.9519
v 0 -13.07861 15.46167
v -4.935547 -7.646973 16.97925
v 0 -9.115723 17.40503
v 0 -5.371582 18.61206
v 4.935547 -7.646973 16.97925
v 5.755859 -3.570801 16.72339
vn -0.5898438 0.2890625 0.7539063
vn -0.5488281 0 0.8359375
vn -0.2832031 0.2539063 0.9257813
vn -0.375 0 0.9277344
vn -0.04296875 0 0.9980469
vn -0.2832031 -0.2539063 0.9257813
vn 0.2207031 -0.3652344 0.9042969
vt 1.176758 -0.1940918
vt 1 -0.2180176
vt 1.102051 -0.1445313
vt 1 -0.1606445
vt 1 -0.1169434
vt 1.102051 -0.1445313
vt 1.145508 -0.1015625
f 888/888/888 889/889/889 890/890/890
f 889/889/889 891/891/891 890/890/890
f 890/890/890 891/891/891 892/892/892
f 891/891/891 893/893/893 892/892/892
f 892/892/892 893/893/893 894/894/894
v 14.86133 -3.13916 2.074951
v 14.91406 -8.20752 1.258545
v 16.43945 -6.27002 -4.204346
v 14.76172 -10.39502 -2.930908
v 12.51953 -11.18604 -7.751221
v 9.980469 -13.42432 -5.618408
v 4.611328 -13.81689 -7.813721
vn 0.3691406 -0.9199219 0.140625
vn -0.3242188 -0.9453125 0.001953125
vn -0.1582031 -0.9804688 -0.1132813
vn -0.6347656 -0.7714844 -0.03710938
vn -0.6328125 -0.5527344 -0.5429688
vn -0.6953125 -0.5351563 -0.4804688
vn -0.6972656 -0.1464844 -0.7011719
vt 0.1616211 -0.09912109
vt 0.1601563 -0.1633301
vt 0.3232422 -0.1330566
vt 0.2333984 -0.1821289
vt 0.4091797 -0.1933594
vt 0.3754883 -0.2099609
vt 0.5009766 -0.2050781
f 895/895/895 896/896/896 897/897/897
f 896/896/896 898/898/898 897/897/897
f 897/897/897 898/898/898 899/899/899
f 898/898/898 900/900/900 899/899/899
f 899/899/899 900/900/900 901/901/901
v -4.611328 -13.81689 -7.813721
v -9.980469 -13.42432 -5.618408
v -12.51953 -11.18604 -7.751221
v -14.76172 -10.39502 -2.930908
v -16.43945 -6.27002 -4.204346
v -14.91406 -8.20752 1.258545
v -14.86133 -3.13916 2.074951
vn -0.6972656 0.1464844 -0.7011719
vn -0.6953125 0.5351563 -0.4804688
vn -0.6328125 0.5527344 -0.5429688
vn -0.6347656 0.7714844 -0.03710938
vn -0.1582031 0.9804688 -0.1132813
vn -0.3242188 0.9453125 0.001953125
vn 0.3691406 0.9199219 0.140625
vt 0.5009766 -0.2050781
vt 0.3754883 -0.2099609
vt 0.4091797 -0.1933594
vt 0.2333984 -0.1821289
vt 0.3232422 -0.1330566
vt 0.1601563 -0.1633301
vt 0.1616211 -0.09912109
f 902/902/902 903/903/903 904/904/904
f 903/903/903 905/905/905 904/904/904
f 904/904/904 905/905/905 906/906/906
f 905/905/905 907/907/907 906/906/906
f 906/906/906 907/907/907 908/908/908
v 4.966797 4.901855 -7.469971
v 0 3.446777 -8.684814
v 0 3.929199 -2.911377
v -4.966797 4.901855 -7.469971
v -4.544922 6.231934 -3.282471
v -10.25977 5.040527 -4.889893
vn 0.8886719 0.06835938 -0.453125
vn 0.9609375 0 -0.2773438
vn 0.9609375 0 -0.2773438
vn 0.8886719 -0.06835938 -0.453125
vn 0.890625 -0.2128906 -0.4003906
vn 0.8398438 0.4589844 -0.2851563
vt 0.4624023 -0.007568359
vt 0.4663086 -0.007080078
vt 0.4643555 -0.006103516
vt 0.4624023 -0.007568359
vt 0.4580078 -0.006103516
vt 0.4521484 -0.006103516
f 909/909/909 910/910/910 911/911/911
f 910/910/910 912/912/912 911/911/911
f 911/911/911 912/912/912 913/913/913
f 912/912/912 914/914/914 913/913/913
v -10.24805 -17.13525 -2.089111
v -5.177734 -19.52197 -0.4465332
v -10.33203 -18.05908 4.174561
v -5.257813 -19.6665 5.135498
v -6.001953 -17.65088 9.733154
v 0 -15.86377 12.62769
vn -0.6660156 0.6660156 -0.3359375
vn -0.9785156 0.00390625 -0.203125
vn -0.78125 0.6035156 0.1640625
vn -0.9804688 0.009765625 0.1972656
vn -0.765625 0.3222656 0.5566406
vn -0.8320313 0 0.5546875
vt 0.4033203 -0.06689453
vt 0.3803711 -0.1362305
vt 0.2949219 -0.05786133
vt 0.3105469 -0.1342773
vt 0.2431641 -0.1252441
vt 0.1914063 -0.1799316
f 915/915/915 916/916/916 917/917/917
f 916/916/916 918/918/918 917/917/917
f 917/917/917 918/918/918 919/919/919
f 918/918/918 920/920/920 919/919/919
v 0 6.085449 10.04565
v 0 5.054199 13.90503
v 5.605469 4.491699 11.71948
v 4.537109 0.1811523 16.05347
v 8.484375 0.7006836 12.33081
v 5.755859 -3.570801 16.72339
vn 0.9980469 0 0.04101563
vn 0.7753906 0 0.6308594
vn 0.7871094 -0.1113281 0.6054688
vn 0.4335938 -0.4414063 0.7851563
vn 0.4335938 -0.4414063 0.7851563
vn 0.2207031 -0.3652344 0.9042969
vt 1 0.002441406
vt 1 -0.01269531
vt 1.09668 -0.002929688
vt 1.089844 -0.05371094
vt 1.14502 -0.03149414
vt 1.145508 -0.1015625
f 921/921/921 922/922/922 923/923/923
f 922/922/922 924/924/924 923/923/923
f 923/923/923 924/924/924 925/925/925
f 924/924/924 926/926/926 925/925/925
v 6.535156 0.4995117 -11.13208
v 8.017578 -8.227051 -10.92896
v 5.378906 -7.602051 -13.12036
v 4.611328 -13.81689 -7.813721
v 0 -12.05322 -10.55786
v 0 -16.88721 -2.436768
vn 0.34375 -0.1875 -0.9199219
vn -0.3378906 -0.2851563 -0.8964844
vn -0.2929688 -0.3652344 -0.8828125
vn -0.6972656 -0.1464844 -0.7011719
vn -0.7285156 0 -0.6855469
vn -0.8789063 0 -0.4765625
vt 0.1772461 -0.04711914
vt 0.1621094 -0.1201172
vt 0.2177734 -0.1396484
vt 0.2016602 -0.2041016
vt 0.328125 -0.1948242
vt 0.328125 -0.2109375
f 927/927/927 928/928/928 929/929/929
f 928/928/928 930/930/930 929/929/929
f 929/929/929 930/930/930 931/931/931
f 930/930/930 932/932/932 931/931/931
v -8.017578 -8.227051 -10.92896
v -10.44141 -1.955566 -11.96411
v -6.535156 0.4995117 -11.13208
v -11.35938 2.851074 -9.958252
v -4.966797 4.901855 -7.469971
v -10.25977 5.040527 -4.889893
vn -0.3378906 0.2851563 -0.8964844
vn 0.06054688 0.1894531 -0.9804688
vn 0.34375 0.1875 -0.9199219
vn 0.6816406 0.3339844 -0.6503906
vn 0.8886719 -0.06835938 -0.453125
vn 0.8398438 0.4589844 -0.2851563
vt 0.4975586 -0.1508789
vt 0.4755859 -0.08691406
vt 0.496582 -0.02148438
vt 0.4174805 -0.0234375
vt 0.4282227 -0.007080078
vt 0.3295898 -0.007324219
f 933/933/933 934/934/934 935/935/935
f 934/934/934 936/936/936 935/935/935
f 935/935/935 936/936/936 937/937/937
f 936/936/936 938/938/938 937/937/937
v 12.93164 -0.4438477 6.633545
v 13.01367 4.263184 7.018311
v 11.38672 -0.3227539 10.93823
v 9.474609 5.030762 11.13159
v 8.484375 0.7006836 12.33081
v 5.605469 4.491699 11.71948
vn 0.3691406 -0.9199219 0.140625
vn 0.2890625 -0.9257813 0.2460938
vn 0.4023438 -0.7382813 0.5429688
vn 0.5039063 -0.421875 0.7539063
vn 0.4335938 -0.4414063 0.7851563
vn 0.7871094 -0.1113281 0.6054688
vt 0.2587891 -0.2045898
vt 0.269043 -0.1608887
vt 0.1743164 -0.1879883
vt 0.1875 -0.1159668
vt 0.1464844 -0.1467285
vt 0.1679688 -0.07836914
f 939/939/939 940/940/940 941/941/941
f 940/940/940 942/942/942 941/941/941
f 941/941/941 942/942/942 943/943/943
f 942/942/942 944/944/944 943/943/943
v 13.09961 1.72998 -0.7609863
v 15.49609 0.9545898 -3.798096
v 10.25977 5.040527 -4.889893
v 11.35938 2.851074 -9.958252
v 4.966797 4.901855 -7.469971
v 6.535156 0.4995117 -11.13208
vn 0.4082031 -0.9101563 0.06835938
vn 0.5410156 -0.8398438 0.02929688
vn 0.8398438 -0.4589844 -0.2851563
vn 0.6816406 -0.3339844 -0.6503906
vn 0.8886719 0.06835938 -0.453125
vn 0.34375 -0.1875 -0.9199219
vt 0.1782227 -0.03515625
vt 0.2744141 -0.05664063
vt 0.3295898 -0.007324219
vt 0.4174805 -0.0234375
vt 0.4282227 -0.007080078
vt 0.496582 -0.02148438
f 945/945/945 946/946/946 947/947/947
f 946/946/946 948/948/948 947/947/947
f 947/947/947 948/948/948 949/949/949
f 948/948/948 950/950/950 949/949/949
v 10.25977 5.040527 -4.889893
v 4.544922 6.231934 -3.282471
v 7.582031 8.452637 0.0222168
v 2.666016 7.245605 0.6999512
v 2.644531 7.224121 6.578857
v 0 5.353027 6.188232
vn 0.8398438 -0.4589844 -0.2851563
vn 0.890625 0.2128906 -0.4003906
vn 0.9765625 -0.1191406 -0.1757813
vn 0.8671875 0.4648438 -0.1816406
vn 0.8925781 0.3632813 0.265625
vn 0.9941406 0 0.1074219
vt 0.4970703 -0.112793
vt 0.4609375 -0.04467773
vt 0.4106445 -0.05834961
vt 0.3852539 -0.015625
vt 0.2719727 -0.01782227
vt 0.2685547 -0.006103516
f 951/951/951 952/952/952 953/953/953
f 952/952/952 954/954/954 953/953/953
f 953/953/953 954/954/954 955/955/955
f 954/954/954 956/956/956 955/955/955
v 14.91406 -8.20752 1.258545
v 16.33789 -5.799316 7.098389
v 14.59375 -11.46338 7.006592
v 14.83789 -6.850098 11.46167
v 11.51367 -11.18994 12.96167
v 10.37305 -7.715332 15.30737
vn -0.3242188 -0.9453125 0.001953125
vn 0.06640625 -0.9960938 0.05273438
vn -0.5332031 -0.8320313 0.1523438
vn -0.02929688 -0.84375 0.5351563
vn -0.5644531 -0.5566406 0.609375
vn -0.1757813 -0.4453125 0.8789063
vt 0.4941406 -0.128418
vt 0.4150391 -0.09472656
vt 0.4101563 -0.15625
vt 0.3369141 -0.1003418
vt 0.284668 -0.1523438
vt 0.2294922 -0.1208496
f 957/957/957 958/958/958 959/959/959
f 958/958/958 960/960/960 959/959/959
f 959/959/959 960/960/960 961/961/961
f 960/960/960 962/962/962 961/961/961
v 13.01367 4.263184 7.018311
v 10.84961 6.962402 7.309326
v 9.474609 5.030762 11.13159
v 7.523438 7.89209 7.504639
v 5.605469 4.491699 11.71948
vn 0.2890625 -0.9257813 0.2460938
vn 0.8027344 -0.5585938 0.2109375
vn 0.5039063 -0.421875 0.7539063
vn 0.921875 -0.03320313 0.3867188
vn 0.7871094 -0.1113281 0.6054688
vt 0.269043 -0.1608887
vt 0.2705078 -0.1113281
vt 0.1875 -0.1159668
vt 0.2646484 -0.06591797
vt 0.1679688 -0.07836914
f 963/963/963 964/964/964 965/965/965
f 964/964/964 966/966/966 965/965/965
f 965/965/965 966/966/966 967/967/967
v 15.49609 0.9545898 -3.798096
v 14.1875 -0.3969727 -10.03052
v 11.35938 2.851074 -9.958252
v 10.44141 -1.955566 -11.96411
v 6.535156 0.4995117 -11.13208
vn 0.5410156 -0.8398438 0.02929688
vn 0.2089844 -0.765625 -0.609375
vn 0.6816406 -0.3339844 -0.6503906
vn 0.06054688 -0.1894531 -0.9804688
vn 0.34375 -0.1875 -0.9199219
vt 0.2744141 -0.05664063
vt 0.4194336 -0.07177734
vt 0.4174805 -0.0234375
vt 0.4755859 -0.08691406
vt 0.496582 -0.02148438
f 968/968/968 969/969/969 970/970/970
f 969/969/969 971/971/971 970/970/970
f 970/970/970 971/971/971 972/972/972
v 5.755859 -3.570801 16.72339
v 11.44531 -2.984863 14.10229
v 8.484375 0.7006836 12.33081
v 11.38672 -0.3227539 10.93823
vn 0.2207031 -0.3652344 0.9042969
vn 0.421875 -0.6035156 0.6777344
vn 0.4335938 -0.4414063 0.7851563
vn 0.4023438 -0.7382813 0.5429688
vt 0.1616211 -0.07373047
vt 0.2597656 -0.05664063
vt 0.2548828 -0.007080078
vt 0.3076172 -0.02075195
f 973/973/973 974/974/974 975/975/975
f 974/974/974 976/976/976 975/975/975
v 4.544922 6.231934 -3.282471
v 0 3.929199 -2.911377
v 2.666016 7.245605 0.6999512
v 0 5.353027 6.188232
vn 0.890625 0.2128906 -0.4003906
vn 0.9609375 0 -0.2773438
vn 0.8671875 0.4648438 -0.1816406
vn 0.9941406 0 0.1074219
vt 0.4609375 -0.04467773
vt 0.4375 -0.01635742
vt 0.3852539 -0.015625
vt 0.2685547 -0.006103516
f 977/977/977 978/978/978 979/979/979
f 978/978/978 980/980/980 979/979/979
v 13.09961 1.72998 -0.7609863
v 10.25977 5.040527 -4.889893
v 12.10938 5.153809 -0.5715332
v 7.582031 8.452637 0.0222168
vn 0.4082031 -0.9101563 0.06835938
vn 0.8398438 -0.4589844 -0.2851563
vn 0.5878906 -0.7890625 -0.1757813
vn 0.9765625 -0.1191406 -0.1757813
vt 0.4091797 -0.1831055
vt 0.4970703 -0.112793
vt 0.4174805 -0.1428223
vt 0.4106445 -0.05834961
f 981/981/981 982/982/982 983/983/983
f 982/982/982 984/984/984 983/983/983
v 4.966797 4.901855 -7.469971
v 0 1.415527 -12.64771
v 0 3.446777 -8.684814
v -4.966797 4.901855 -7.469971
vn 0.8886719 0.06835938 -0.453125
vn 0.6796875 0 -0.7324219
vn 0.9609375 0 -0.2773438
vn 0.8886719 -0.06835938 -0.453125
vt 0.1787109 -0.009521484
vt 0.328125 -0.04736328
vt 0.328125 -0.009765625
vt 0.1787109 -0.009521484
f 985/985/985 986/986/986 987/987/987
f 986/986/986 988/988/988 987/987/987
v 0 5.054199 13.90503
v 0 -0.03564453 17.58667
v 4.537109 0.1811523 16.05347
v 5.755859 -3.570801 16.72339
vn 0.7753906 0 0.6308594
vn 0.3574219 0 0.9335938
vn 0.4335938 -0.4414063 0.7851563
vn 0.2207031 -0.3652344 0.9042969
vt 1 -0.01269531
vt 1 -0.05566406
vt 1.089844 -0.05371094
vt 1.145508 -0.1015625
f 989/989/989 990/990/990 991/991/991
f 990/990/990 992/992/992 991/991/991
v -5.605469 4.491699 11.71948
v -8.484375 0.7006836 12.33081
v -4.537109 0.1811523 16.05347
v -5.755859 -3.570801 16.72339
vn 0.7871094 0.1113281 0.6054688
vn 0.4335938 0.4414063 0.7851563
vn 0.4335938 0.4414063 0.7851563
vn 0.2207031 0.3652344 0.9042969
vt 1.09668 -0.002929688
vt 1.14502 -0.03149414
vt 1.089844 -0.05371094
vt 1.145508 -0.1015625
f 993/993/993 994/994/994 995/995/995
f 994/994/994 996/996/996 995/995/995
v 0 -9.115723 17.40503
v 0 -13.07861 15.46167
v 4.935547 -7.646973 16.97925
v 6.919922 -12.15869 13.9519
vn -0.375 0 0.9277344
vn -0.5488281 0 0.8359375
vn -0.2832031 -0.2539063 0.9257813
vn -0.5898438 -0.2890625 0.7539063
vt 1 -0.1606445
vt 1 -0.2180176
vt 1.102051 -0.1445313
vt 1.176758 -0.1940918
f 997/997/997 998/998/998 999/999/999
f 998/998/998 1000/1000/1000 999/999/999
v 6.919922 -12.15869 13.9519
v 0 -13.07861 15.46167
v 0 -15.86377 12.62769
v -6.919922 -12.15869 13.9519
vn -0.5898438 -0.2890625 0.7539063
vn -0.5488281 0 0.8359375
vn -0.8320313 0 0.5546875
vn -0.5898438 0.2890625 0.7539063
vt 0.05761719 -0.2023926
vt 0.0546875 -0.2058105
vt 0.05371094 -0.2097168
vt 0.05761719 -0.2023926
f 1001/1001/1001 1002/1002/1002 1003/1003/1003
f 1002/1002/1002 1004/1004/1004 1003/1003/1003
v -10.37305 -7.715332 15.30737
v -14.83789 -6.850098 11.46167
v -11.51367 -11.18994 12.96167
v -14.59375 -11.46338 7.006592
vn -0.1757813 0.4453125 0.8789063
vn -0.02929688 0.84375 0.5351563
vn -0.5644531 0.5566406 0.609375
vn -0.5332031 0.8320313 0.1523438
vt 0.2294922 -0.1208496
vt 0.3369141 -0.1003418
vt 0.284668 -0.1523438
vt 0.4101563 -0.15625
f 1005/1005/1005 1006/1006/1006 1007/1007/1007
f 1006/1006/1006 1008/1008/1008 1007/1007/1007
v 10.25977 5.040527 -4.889893
v 4.966797 4.901855 -7.469971
v 4.544922 6.231934 -3.282471
v 0 3.929199 -2.911377
vn 0.8398438 -0.4589844 -0.2851563
vn 0.8886719 0.06835938 -0.453125
vn 0.890625 0.2128906 -0.4003906
vn 0.9609375 0 -0.2773438
vt 0.4521484 -0.006103516
vt 0.4624023 -0.007568359
vt 0.4580078 -0.006103516
vt 0.4643555 -0.006103516
f 1009/1009/1009 1010/1010/1010 1011/1011/1011
f 1010/1010/1010 1012/1012/1012 1011/1011/1011
v -14.83789 -6.850098 11.46167
v -16.33789 -5.799316 7.098389
v -14.59375 -11.46338 7.006592
v -14.91406 -8.20752 1.258545
vn -0.02929688 0.84375 0.5351563
vn 0.06640625 0.9960938 0.05273438
vn -0.5332031 0.8320313 0.1523438
vn -0.3242188 0.9453125 0.001953125
vt 0.3369141 -0.1003418
vt 0.4150391 -0.09472656
vt 0.4101563 -0.15625
vt 0.4941406 -0.128418
f 1013/1013/1013 1014/1014/1014 1015/1015/1015
f 1014/1014/1014 1016/1016/1016 1015/1015/1015
v 11.44531 -2.984863 14.10229
v 14.53125 -2.213379 7.539795
v 11.38672 -0.3227539 10.93823
v 12.93164 -0.4438477 6.633545
vn 0.421875 -0.6035156 0.6777344
vn 0.5371094 -0.8105469 0.2324219
vn 0.4023438 -0.7382813 0.5429688
vn 0.3691406 -0.9199219 0.140625
vt 0.2597656 -0.05664063
vt 0.4091797 -0.04638672
vt 0.3076172 -0.02075195
vt 0.3901367 -0.02270508
f 1017/1017/1017 1018/1018/1018 1019/1019/1019
f 1018/1018/1018 1020/1020/1020 1019/1019/1019
v -12.51953 -11.18604 -7.751221
v -16.43945 -6.27002 -4.204346
v -13.87695 -6.818848 -9.596924
v -14.1875 -0.3969727 -10.03052
vn -0.6328125 0.5527344 -0.5429688
vn -0.1582031 0.9804688 -0.1132813
vn -0.2773438 0.609375 -0.7441406
vn 0.2089844 0.765625 -0.609375
vt 0.4091797 -0.1933594
vt 0.3232422 -0.1330566
vt 0.418457 -0.1384277
vt 0.4194336 -0.07177734
f 1021/1021/1021 1022/1022/1022 1023/1023/1023
f 1022/1022/1022 1024/1024/1024 1023/1023/1023
v 16.43945 -6.27002 -4.204346
v 12.51953 -11.18604 -7.751221
v 13.87695 -6.818848 -9.596924
v 8.017578 -8.227051 -10.92896
vn -0.1582031 -0.9804688 -0.1132813
vn -0.6328125 -0.5527344 -0.5429688
vn -0.2773438 -0.609375 -0.7441406
vn -0.3378906 -0.2851563 -0.8964844
vt 0.3232422 -0.1330566
vt 0.4091797 -0.1933594
vt 0.418457 -0.1384277
vt 0.4975586 -0.1508789
f 1025/1025/1025 1026/1026/1026 1027/1027/1027
f 1026/1026/1026 1028/1028/1028 1027/1027/1027
v -13.09961 1.72998 -0.7609863
v -15.49609 0.9545898 -3.798096
v -14.86133 -3.13916 2.074951
v -16.43945 -6.27002 -4.204346
vn 0.4082031 0.9101563 0.06835938
vn 0.5410156 0.8398438 0.02929688
vn 0.3691406 0.9199219 0.140625
vn -0.1582031 0.9804688 -0.1132813
vt 0.1782227 -0.03515625
vt 0.2744141 -0.05664063
vt 0.1616211 -0.09912109
vt 0.3232422 -0.1330566
f 1029/1029/1029 1030/1030/1030 1031/1031/1031
f 1030/1030/1030 1032/1032/1032 1031/1031/1031
v -9.980469 -13.42432 -5.618408
v -12.63672 -12.21924 -1.911377
v -14.76172 -10.39502 -2.930908
v -14.91406 -8.20752 1.258545
vn -0.6953125 0.5351563 -0.4804688
vn -0.5605469 0.8203125 -0.1113281
vn -0.6347656 0.7714844 -0.03710938
vn -0.3242188 0.9453125 0.001953125
vt 0.3754883 -0.2099609
vt 0.25 -0.2148438
vt 0.2333984 -0.1821289
vt 0.1601563 -0.1633301
f 1033/1033/1033 1034/1034/1034 1035/1035/1035
f 1034/1034/1034 1036/1036/1036 1035/1035/1035
v 14.91406 -8.20752 1.258545
v 12.63672 -12.21924 -1.911377
v 14.76172 -10.39502 -2.930908
v 9.980469 -13.42432 -5.618408
vn -0.3242188 -0.9453125 0.001953125
vn -0.5605469 -0.8203125 -0.1113281
vn -0.6347656 -0.7714844 -0.03710938
vn -0.6953125 -0.5351563 -0.4804688
vt 0.1601563 -0.1633301
vt 0.25 -0.2148438
vt 0.2333984 -0.1821289
vt 0.3754883 -0.2099609
f 1037/1037/1037 1038/1038/1038 1039/1039/1039
f 1038/1038/1038 1040/1040/1040 1039/1039/1039
v -5.177734 -19.52197 -0.4465332
v 0 -18.06299 4.112061
v -5.257813 -19.6665 5.135498
v 0 -15.86377 12.62769
vn -0.9785156 0.00390625 -0.203125
vn -1 0 0.01953125
vn -0.9804688 0.009765625 0.1972656
vn -0.8320313 0 0.5546875
vt 0.3803711 -0.1362305
vt 0.3447266 -0.2041016
vt 0.3105469 -0.1342773
vt 0.1914063 -0.1799316
f 1041/1041/1041 1042/1042/1042 1043/1043/1043
f 1042/1042/1042 1044/1044/1044 1043/1043/1043
v 0 -16.88721 -2.436768
v -5.095703 -17.52197 -4.893799
v -4.611328 -13.81689 -7.813721
v -9.980469 -13.42432 -5.618408
vn -0.8789063 0 -0.4765625
vn -0.7675781 0.07421875 -0.6367188
vn -0.6972656 0.1464844 -0.7011719
vn -0.6953125 0.5351563 -0.4804688
vt 0.4223633 -0.1970215
vt 0.4272461 -0.1342773
vt 0.4956055 -0.1025391
vt 0.4628906 -0.05859375
f 1045/1045/1045 1046/1046/1046 1047/1047/1047
f 1046/1046/1046 1048/1048/1048 1047/1047/1047
v -5.605469 4.491699 11.71948
v 0 5.353027 6.188232
v -2.644531 7.224121 6.578857
v -2.666016 7.245605 0.6999512
vn 0.7871094 0.1113281 0.6054688
vn 0.9941406 0 0.1074219
vn 0.8925781 -0.3632813 0.265625
vn 0.8671875 -0.4648438 -0.1816406
vt 0.1679688 -0.07836914
vt 0.2685547 -0.006103516
vt 0.2719727 -0.01782227
vt 0.3852539 -0.015625
f 1049/1049/1049 1050/1050/1050 1051/1051/1051
f 1050/1050/1050 1052/1052/1052 1051/1051/1051
v -13.09961 1.72998 -0.7609863
v -12.93164 -0.4438477 6.633545
v -13.01367 4.263184 7.018311
v -11.38672 -0.3227539 10.93823
vn 0.4082031 0.9101563 0.06835938
vn 0.3691406 0.9199219 0.140625
vn 0.2890625 0.9257813 0.2460938
vn 0.4023438 0.7382813 0.5429688
vt 0.4091797 -0.1831055
vt 0.2587891 -0.2045898
vt 0.269043 -0.1608887
vt 0.1743164 -0.1879883
f 1053/1053/1053 1054/1054/1054 1055/1055/1055
f 1054/1054/1054 1056/1056/1056 1055/1055/1055
v -7.582031 8.452637 0.0222168
v -10.84961 6.962402 7.309326
v -7.523438 7.89209 7.504639
v -9.474609 5.030762 11.13159
vn 0.9765625 0.1191406 -0.1757813
vn 0.8027344 0.5585938 0.2109375
vn 0.921875 0.03320313 0.3867188
vn 0.5039063 0.421875 0.7539063
vt 0.4106445 -0.05834961
vt 0.2705078 -0.1113281
vt 0.2646484 -0.06591797
vt 0.1875 -0.1159668
f 1057/1057/1057 1058/1058/1058 1059/1059/1059
f 1058/1058/1058 1060/1060/1060 1059/1059/1059
v -10.25977 5.040527 -4.889893
v -13.09961 1.72998 -0.7609863
v -12.10938 5.153809 -0.5715332
v -13.01367 4.263184 7.018311
vn 0.8398438 0.4589844 -0.2851563
vn 0.4082031 0.9101563 0.06835938
vn 0.5878906 0.7890625 -0.1757813
vn 0.2890625 0.9257813 0.2460938
vt 0.4970703 -0.112793
vt 0.4091797 -0.1831055
vt 0.4174805 -0.1428223
vt 0.269043 -0.1608887
f 1061/1061/1061 1062/1062/1062 1063/1063/1063
f 1062/1062/1062 1064/1064/1064 1063/1063/1063
v -15.49609 0.9545898 -3.798096
v -14.1875 -0.3969727 -10.03052
v -16.43945 -6.27002 -4.204346
v 0 3.929199 -2.911377
v -2.666016 7.245605 0.6999512
v 0 5.353027 6.188232
v 8.017578 -8.227051 -10.92896
v 12.51953 -11.18604 -7.751221
v 4.611328 -13.81689 -7.813721
v 12.93164 -0.4438477 6.633545
v 14.53125 -2.213379 7.539795
v 14.86133 -3.13916 2.074951
v 0 -7.275879 -14.45044
v 5.378906 -7.602051 -13.12036
v 0 -12.05322 -10.55786
v -6.535156 0.4995117 -11.13208
v -4.966797 4.901855 -7.469971
v 0 1.415527 -12.64771
v 0 -5.371582 18.61206
v 5.755859 -3.570801 16.72339
v 0 -0.03564453 17.58667
v -12.80469 -13.32666 4.049561
v -14.91406 -8.20752 1.258545
v -12.63672 -12.21924 -1.911377
v -14.86133 -3.13916 2.074951
v -12.93164 -0.4438477 6.633545
v -13.09961 1.72998 -0.7609863
v 12.80469 -13.32666 4.049561
v 12.63672 -12.21924 -1.911377
v 14.91406 -8.20752 1.258545
v 14.86133 -3.13916 2.074951
v 13.09961 1.72998 -0.7609863
v 12.93164 -0.4438477 6.633545
vn 0.5410156 0.8398438 0.02929688
vn 0.2089844 0.765625 -0.609375
vn -0.1582031 0.9804688 -0.1132813
vn 0.9609375 0 -0.2773438
vn 0.8671875 -0.4648438 -0.1816406
vn 0.9941406 0 0.1074219
vn -0.3378906 -0.2851563 -0.8964844
vn -0.6328125 -0.5527344 -0.5429688
vn -0.6972656 -0.1464844 -0.7011719
vn 0.3691406 -0.9199219 0.140625
vn 0.5371094 -0.8105469 0.2324219
vn 0.3691406 -0.9199219 0.140625
vn -0.3222656 0 -0.9472656
vn -0.2929688 -0.3652344 -0.8828125
vn -0.7285156 0 -0.6855469
vn 0.34375 0.1875 -0.9199219
vn 0.8886719 -0.06835938 -0.453125
vn 0.6796875 0 -0.7324219
vn -0.04296875 0 0.9980469
vn 0.2207031 -0.3652344 0.9042969
vn 0.3574219 0 0.9335938
vn -0.5234375 0.8515625 -0.001953125
vn -0.3242188 0.9453125 0.001953125
vn -0.5605469 0.8203125 -0.1113281
vn 0.3691406 0.9199219 0.140625
vn 0.3691406 0.9199219 0.140625
vn 0.4082031 0.9101563 0.06835938
vn -0.5234375 -0.8515625 -0.001953125
vn -0.5605469 -0.8203125 -0.1113281
vn -0.3242188 -0.9453125 0.001953125
vn 0.3691406 -0.9199219 0.140625
vn 0.4082031 -0.9101563 0.06835938
vn 0.3691406 -0.9199219 0.140625
vt 0.2744141 -0.05664063
vt 0.4194336 -0.07177734
vt 0.3232422 -0.1330566
vt 0.4375 -0.01635742
vt 0.3852539 -0.015625
vt 0.2685547 -0.006103516
vt 0.4975586 -0.1508789
vt 0.4091797 -0.1933594
vt 0.5009766 -0.2050781
vt 0.3901367 -0.02270508
vt 0.4091797 -0.04638672
vt 0.480957 -0.05957031
vt 0.328125 -0.1408691
vt 0.2177734 -0.1396484
vt 0.328125 -0.1948242
vt 0.1772461 -0.04711914
vt 0.1787109 -0.009521484
vt 0.328125 -0.04736328
vt 1 -0.1169434
vt 1.145508 -0.1015625
vt 1 -0.05566406
vt 0.5424805 0.0002441406
vt 0.5371094 -0.004882813
vt 0.5512695 0.0004882813
vt 0.5478516 0.0009765625
vt 0.5405273 0.002197266
vt 0.5522461 0.003417969
vt 0.5424805 0.0002441406
vt 0.5512695 0.0004882813
vt 0.5371094 -0.004882813
vt 0.5478516 0.0009765625
vt 0.5522461 0.003417969
vt 0.5405273 0.002197266
f 1065/1065/1065 1066/1066/1066 1067/1067/1067
f 1068/1068/1068 1069/1069/1069 1070/1070/1070
f 1071/1071/1071 1072/1072/1072 1073/1073/1073
f 1074/1074/1074 1075/1075/1075 1076/1076/1076
f 1077/1077/1077 1078/1078/1078 1079/1079/1079
f 1080/1080/1080 1081/1081/1081 1082/1082/1082
f 1083/1083/1083 1084/1084/1084 1085/1085/1085
f 1086/1086/1086 1087/1087/1087 1088/1088/1088
f 1089/1089/1089 1090/1090/1090 1091/1091/1091
f 1092/1092/1092 1093/1093/1093 1094/1094/1094
f 1095/1095/1095 1096/1096/1096 1097/1097/1097
